-- phpMyAdmin SQL Dump
-- version 5.1.1
-- https://www.phpmyadmin.net/
--
-- Host: localhost
-- Generation Time: Nov 29, 2021 at 08:39 PM
-- Server version: 10.2.37-MariaDB
-- PHP Version: 7.2.30

SET SQL_MODE = "NO_AUTO_VALUE_ON_ZERO";
START TRANSACTION;
SET time_zone = "+00:00";


/*!40101 SET @OLD_CHARACTER_SET_CLIENT=@@CHARACTER_SET_CLIENT */;
/*!40101 SET @OLD_CHARACTER_SET_RESULTS=@@CHARACTER_SET_RESULTS */;
/*!40101 SET @OLD_COLLATION_CONNECTION=@@COLLATION_CONNECTION */;
/*!40101 SET NAMES utf8mb4 */;

--
-- Database: `hyms_softwar`
--

--
-- Dumping data for table `Agente_Externo`
--

INSERT INTO `Agente_Externo` (`Id_Agente_Externo`, `Nombre`, `Documento`, `Cupo`, `Cupo_Usado`, `Username`, `Password`, `Estado`) VALUES
(8, 'DLA ESPERANZA ROZO GAMBOA', 60400589, 500000000, 22993877.00, 'Esperanza', '123456', 'Activo'),
(10, 'Danilo Grisalez', 1096216530, 1100000002, 100052302.00, '9999999', '9999999', 'Activo'),
(14, 'Camilo Sequeda', 1095200200, 15000000, 0.00, '1095200200', '1095200200', 'Activo'),
(13, 'juan gomez', 1020304050, 1200000, 0.00, '1020304050', '1020304050', 'Activo'),
(15, NULL, NULL, NULL, 0.00, NULL, NULL, 'Activo');

--
-- Dumping data for table `Banco`
--

INSERT INTO `Banco` (`Id_Banco`, `Nombre`, `Apodo`, `Identificador`, `Detalle`, `Id_Pais`, `Id_Moneda`, `Estado`, `Comision_Otros_Bancos`, `Comision_Mayor_Valor`, `Mayor_Valor`, `Maximo_Transferencia_Otros_Bancos`, `Comision_Consignacion_Nacional`, `Comision_Cuatro_Mil`, `Comision_Consignacion_Local`, `Maximo_Consignacion_Local`) VALUES
(82, 'Banco prueba', 'Prueba B.', '085', 'banco prueba', 1, 2, 'Activo', 0, 0, 0, 0, 2.65, 5.25, 1.52, 1.78),
(81, 'Banco Mercantil', 'Mercantil', '0105', 'detalles banco mercantil', 2, 1, 'Activo', 0, 0, 0, 0, 0, 0, 0, 0),
(16, 'BANCO DE BOGOTA', 'Bogota', '001', ' ', 1, 2, 'Activo', 0, 0, 0, 0, 0, 0, 0, 0),
(48, 'BANCO DE VENEZUELA S.A.C.A. BANCO UNIVERSAL', 'VENEZUELA S.A.C.A.', '0102', '0', 2, 1, 'Activo', 0, 0, 0, 0, 0, 0, 0, 0),
(17, 'BANCO POPULAR', 'Popular', '002', ' ', 1, 2, 'Activo', 0, 0, 0, 0, 0, 0, 0, 0),
(18, 'BANCO ITAU CORPBANCA COLOMBIA', 'CorpBanca', '006', ' ', 1, 2, 'Activo', 0, 0, 0, 0, 0, 0, 0, 0),
(19, 'BANCOLOMBIA', 'BANCOLOMBIA', '007', ' ', 1, 2, 'Activo', 0, 0, 0, 0, 0, 0, 0, 0),
(20, 'BANCO CITIBANK COLOMBIA', 'CitiBank', '009', ' ', 1, 2, 'Activo', 0, 0, 0, 0, 0, 0, 0, 0),
(21, 'BANCO GNB SUDAMERIS', 'GNB', '012', ' ', 1, 2, 'Activo', 0, 0, 0, 0, 0, 0, 0, 0),
(22, 'BBVA COLOMBIA', 'BBVA', '013', ' ', 1, 2, 'Activo', 0, 0, 0, 0, 0, 0, 0, 0),
(23, 'ITAU HELM BANK ', 'HelmBank', '014', ' ', 1, 2, 'Activo', 0, 0, 0, 0, 0, 0, 0, 0),
(24, 'RED MULTIBANCA COLPATRIA ', 'Colpatria', '019', ' ', 1, 2, 'Activo', 0, 0, 0, 0, 0, 0, 0, 0),
(25, 'BANCO DE OCCIDENTE ', 'Occidente', '023', ' ', 1, 2, 'Activo', 0, 0, 0, 0, 0, 0, 0, 0),
(26, 'BANCO CAJA SOCIAL ', 'Caja Social', '032', ' ', 1, 2, 'Activo', 0, 0, 0, 0, 0, 0, 0, 0),
(27, 'BANCO AGRARIO DE COLOMBIA ', 'Banco Agrario', '040', ' ', 1, 2, 'Activo', 0, 0, 0, 0, 0, 0, 0, 0),
(28, 'BANCO DAVIVIENDA ', 'Davivienda', '051', ' ', 1, 2, 'Activo', 0, 0, 0, 0, 0, 0, 0, 0),
(29, '4 BANCO AV VILLAS ', 'AvVillas', '052', ' ', 1, 2, 'Activo', 0, 0, 0, 0, 0, 0, 0, 0),
(30, 'BANCO PROCREDIT COLOMBIA ', 'PROCREDIT', '058', ' ', 1, 2, 'Activo', 0, 0, 0, 0, 0, 0, 0, 0),
(31, 'BANCO PICHINCHA ', 'PICHINCHA', '060', ' ', 1, 2, 'Activo', 0, 0, 0, 0, 0, 0, 0, 0),
(32, 'BANCOOMEVA ', 'Coomeva', '061', ' ', 1, 2, 'Activo', 0, 0, 0, 0, 0, 0, 0, 0),
(33, 'FALLABELLA ', 'FALLABELLA ', '062', ' ', 1, 2, 'Activo', 0, 0, 0, 0, 0, 0, 0, 0),
(34, 'BANCO FINANDINA ', 'Finandina', '063', ' ', 1, 2, 'Activo', 0, 0, 0, 0, 0, 0, 0, 0),
(35, 'BANCO MULTIBANK SA', 'Multibank', '064', ' ', 1, 2, 'Activo', 0, 0, 0, 0, 0, 0, 0, 0),
(36, 'BANCO SANTANDER DE NEGOCIOS COLOMBIA ', 'Santander de negocios', '065', ' ', 1, 2, 'Activo', 0, 0, 0, 0, 0, 0, 0, 0),
(37, 'BANCO COOPERATIVO COOPCENTRAL ', 'COOPCENTAL', '066', ' ', 1, 2, 'Activo', 0, 0, 0, 0, 0, 0, 0, 0),
(38, 'BANCO COMPARTIR SA ', 'COMPARTIR', '067', ' ', 1, 2, 'Activo', 0, 0, 0, 0, 0, 0, 0, 0),
(39, 'FINANCIERA JURISCOOP ', 'JURISCOOP', '121', ' ', 1, 2, 'Inactivo', 0, 0, 0, 0, 0, 0, 0, 0),
(40, 'COOPERATIVA FINANCIERA DE ANTIOQUIA ', 'FINANCIERA ANTIOQUIA', '283', ' ', 1, 2, 'Activo', 0, 0, 0, 0, 0, 0, 0, 0),
(41, 'COOPERATIVA FINANCIERA COTRAFA ', 'COTRAFA', '289', ' ', 1, 2, 'Activo', 0, 0, 0, 0, 0, 0, 0, 0),
(42, 'CONFIAR ', 'CONFIAR ', '292', ' ', 1, 2, 'Activo', 0, 0, 0, 0, 0, 0, 0, 0),
(43, 'SERFINANSA', 'SERFINANSA', '342', ' ', 1, 2, 'Activo', 0, 0, 0, 0, 0, 0, 0, 0),
(44, 'COLTEFINANCIERA ', 'COLTEFINANCIERA ', '370', ' ', 1, 2, 'Activo', 0, 0, 0, 0, 0, 0, 0, 0),
(45, 'Nequi ', 'Nequi ', '507', ' ', 1, 2, 'Activo', 0, 0, 0, 0, 0, 0, 0, 0),
(47, 'BANCO INDUSTRIAL DE VENEZUELA C.A. BANCO UNIVERSAL', 'INDUSTRIAL VZLA', '0003', '12313', 2, 1, 'Activo', 0, 0, 0, 0, 0, 0, 0, 0),
(46, 'BANCO CENTRAL DE VENEZUELA', 'BCV', '0001', '12312', 2, 1, 'Activo', 0, 0, 0, 0, 0, 0, 0, 0),
(49, 'VENEZOLANO DE CREDITO S.A. BANCO UNIVERSAL', 'CREDITO S.A', '0104', '12315', 2, 1, 'Activo', 0, 0, 0, 0, 0, 0, 0, 0),
(50, 'BANCO MERCANTIL C.A S.A.C.A. BANCO UNIVERSAL', 'MERCANTIL', '0105', '12316', 2, 1, 'Activo', 0, 0, 0, 0, 0, 0, 0, 0),
(51, 'BANCO PROVINCIAL S.A BANCO UNIVERSAL', 'PROVINCIAL', '0108', '12317', 2, 1, 'Activo', 0, 0, 0, 0, 0, 0, 0, 0),
(52, 'BANCARIBE C.A BANCO UNIVERSAL', 'BANCARIBE', '0114', '12318', 2, 1, 'Activo', 0, 0, 0, 0, 0, 0, 0, 0),
(53, 'BANCO EXTERIOR C.A. BANCO UNIVERSAL', 'EXTERIOR', '0115', '12319', 2, 1, 'Activo', 0, 0, 0, 0, 0, 0, 0, 0),
(54, 'BANCO OCCIDENTAL DE DESCUENTO, BANCO UNIVERSAL C.A.', 'BOD', '0116', '12320', 2, 1, 'Activo', 0, 0, 0, 0, 0, 0, 0, 0),
(55, 'BANCO CARONI C.A. BANCO UNIVERSAL', 'CARONI', '0128', '12321', 2, 1, 'Activo', 0, 0, 0, 0, 0, 0, 0, 0),
(56, 'BANESCO BANCO UNIVERSAL S.A.C.A.', 'BANESCO', '0134', '12322', 2, 1, 'Activo', 0, 0, 0, 0, 0, 0, 0, 0),
(57, 'BANCO SOFITASA BANCO UNIVERSAL', 'SOFITASA', '0137', '12323', 2, 1, 'Activo', 0, 0, 0, 0, 0, 0, 0, 0),
(58, 'BANCO PLAZA BANCO UNIVERSAL', 'BANCO PLAZA', '0138', '12324', 2, 1, 'Activo', 0, 0, 0, 0, 0, 0, 0, 0),
(59, 'BANCO DE LA GENTE EMPRENDEDORA C.A.', 'GENTE EMPRENDEDORA', '0146', '12325', 2, 1, 'Activo', 0, 0, 0, 0, 0, 0, 0, 0),
(60, 'BANCO DEL PUEBLO SOBERANO C.A. BANCO DE DESARROLLO', 'PUEBLO SOBERANO', '0149', '12326', 2, 1, 'Activo', 0, 0, 0, 0, 0, 0, 0, 0),
(61, 'BFC BANCO FONDO COMUN C.A. BANCO UNIVERSAL', 'BFC', '0151', '12327', 2, 1, 'Activo', 0, 0, 0, 0, 0, 0, 0, 0),
(62, '100% BANCO BANCO UNIVERSAL C.A.', '100% BANCO', '0156', '12328', 2, 1, 'Activo', 0, 0, 0, 0, 0, 0, 0, 0),
(63, 'DEL SUR BANCO UNIVERSAL C.A.', 'DEL SUR', '0157', '12329', 2, 1, 'Activo', 0, 0, 0, 0, 0, 0, 0, 0),
(64, 'BANCO DEL TESORO C.A. BANCO UNIVERSAL', 'BANCO DEL TESORO', '0163', '12330', 2, 1, 'Activo', 0, 0, 0, 0, 0, 0, 0, 0),
(65, 'BANCO AGRICOLA DE VENEZUELA C.A. BANCO UNIVERSAL', 'BANCO AGRICOLA', '0166', '12331', 2, 1, 'Activo', 0, 0, 0, 0, 0, 0, 0, 0),
(66, 'BANCRECER S.A. BANCO MICROFINANCIERO', 'BANCRECER', '0168', '12332', 2, 1, 'Activo', 0, 0, 0, 0, 0, 0, 0, 0),
(67, 'MI BANCO BANCO MICROFINANCIERO C.A.', 'MICROFINANCIERO', '0169', '12333', 2, 1, 'Activo', 0, 0, 0, 0, 0, 0, 0, 0),
(68, 'BANCO ACTIVO C.A. BANCO UNIVERSAL', 'BANCO ACTIVO', '0171', '12334', 2, 1, 'Activo', 0, 0, 0, 0, 0, 0, 0, 0),
(69, 'BANCAMIGA BANCO MICROFINANCIERO C.A.', 'BANCAMIGA', '0172', '12335', 2, 1, 'Activo', 0, 0, 0, 0, 0, 0, 0, 0),
(70, 'BANCO INTERNACIONAL DE DESARROLLO C.A. BANCO UNIVERSAL', 'INTERNACIONAL DE DESARROLLO', '0173', '12336', 2, 1, 'Activo', 0, 0, 0, 0, 0, 0, 0, 0),
(71, 'BANPLUS BANCO UNIVERSAL C.A.', 'BANPLUS', '0174', '12337', 2, 1, 'Activo', 0, 0, 0, 0, 0, 0, 0, 0),
(72, 'BANCO BICENTENARIO BANCO UNIVERSAL C.A.', 'BICENTENARIO', '0175', '12338', 2, 1, 'Activo', 0, 0, 0, 0, 0, 0, 0, 0),
(73, 'BANCO ESPIRITU SANTO S.A. SUCURSAL VENEZUELA B.U.', 'ESPIRITU SANTO', '0176', '12339', 2, 1, 'Activo', 0, 0, 0, 0, 0, 0, 0, 0),
(74, 'BANCO DE LA FUERZA ARMADA NACIONAL BOLIVARIANA B.U.', 'FANB', '0177', '12340', 2, 1, 'Activo', 0, 0, 0, 0, 0, 0, 0, 0),
(75, 'CITIBANK N.A.', 'CITIBANK', '0190', '12341', 2, 1, 'Activo', 0, 0, 0, 0, 0, 0, 0, 0),
(76, 'BANCO NACIONAL DE CREDITO C.A. BANCO UNIVERSAL', 'BNC', '0191', '12342', 2, 1, 'Activo', 0, 0, 0, 0, 0, 0, 0, 0),
(77, 'INSTITUTO MUNICIPAL DE CREDITO POPULAR', 'CREDITO POPULAR', '0601', '12343', 2, 1, 'Activo', 0, 0, 0, 0, 0, 0, 0, 0),
(78, 'Banco de prueba', '', '1234567898764', 'prueba de banco aaa', 1, 2, 'Activo', 0, 0, 0, 0, 0, 0, 0, 0),
(79, 'Banco de prueba', '', '2501020100010', 'Banco de pruebas', 1, 2, 'Activo', 0, 0, 0, 0, 0, 0, 0, 0),
(80, 'banco de prueba vzla', 'B. Vzla Prueba', '01020100100', '21212121', 2, 1, 'Activo', 1.25, 1.1, 1.15, 2.4, 0, 0, 0, 0),
(83, 'Banco Avililla', 'Avilita', '036', 'detalle', 1, 2, 'Activo', 0, 0, 0, 0, 2, 3, 4, 5),
(84, 'prueba carlos', 'carlos', '1410', 'asdsd', 1, 2, 'Activo', 0, 0, 0, 0, 1014, 12345, 10123, 10123),
(85, 'carlos', 'carlos', '123', 'prueba carlos', 2, 1, 'Activo', 123456, 123456, 1234566, 123546, 0, 0, 0, 0),
(86, 'Americano', 'Americano', '1234', 'Americano', 4, 12, 'Activo', 0, 0, 0, 0, 0, 0, 0, 0),
(87, 'qqqq', '1q2w3e', '1122334455', 'qawsedrfgtyhjuiklopn,mbbbbbbbbbbbbbbbb', 1, 2, 'Activo', 0, 0, 0, 0, 22222222, 222222222, 111111111, 111111111111),
(88, 'qqqqqqqq', 'qqqqqq', 'qqqq', 'qqqqqqqq', 3, 24, 'Activo', 0, 0, 0, 0, 0, 0, 0, 0),
(89, 'qqqqqqqq', 'qqqqqq', 'qqqq', 'qqqqqqqq', 3, 24, 'Activo', 0, 0, 0, 0, 0, 0, 0, 0),
(90, 'qqqq', '1q2w3e', '1122334455', 'qawsedrfgtyhjuiklopn,mbbbbbbbbbbbbbbbb', 1, 2, 'Activo', 0, 0, 0, 0, 22222222, 222222222, 111111111, 111111111111),
(91, 'Americano', 'Americano', '1234', 'Americano', 4, 12, 'Activo', 0, 0, 0, 0, 0, 0, 0, 0),
(92, 'carlos', 'carlos', '123', 'prueba carlos', 2, 1, 'Activo', 123456, 123456, 1234566, 123546, 0, 0, 0, 0),
(93, 'prueba carlos', 'carlos', '1410', 'asdsd', 1, 2, 'Activo', 0, 0, 0, 0, 1014, 12345, 10123, 10123),
(94, 'Banco Avililla', 'Avilita', '036', 'detalle', 1, 2, 'Activo', 0, 0, 0, 0, 2, 3, 4, 5);

--
-- Dumping data for table `Bloqueo_Cuenta_Bancaria_Funcionario`
--

INSERT INTO `Bloqueo_Cuenta_Bancaria_Funcionario` (`Id_Bloqueo_Cuenta_Bancaria_Funcionario`, `Id_Cuenta_Bancaria`, `Id_Funcionario`, `Fecha`, `Hora_Inicio_Sesion`, `Ocupada`, `Hora_Cierre_Sesion`) VALUES
(1, 2, 987654321, '2019-02-05', '11:39:29', 'Si', '00:00:00'),
(8, 2, 987654321, '2019-02-06', '11:54:35', 'Si', '03:27:44'),
(9, 3, 987654321, '2019-02-06', '03:28:07', 'Si', '04:25:25'),
(10, 1, 987654321, '2019-02-06', '04:25:37', 'Si', '04:26:27'),
(11, 10, 987654321, '2019-02-06', '04:26:47', 'Si', '04:39:12'),
(12, 10, 987654321, '2019-02-06', '04:40:00', 'Si', '04:40:20'),
(13, 10, 987654321, '2019-02-06', '04:43:13', 'Si', '07:24:02'),
(14, 10, 987654321, '2019-02-06', '08:35:16', 'Si', '08:54:34'),
(15, 10, 987654321, '2019-02-06', '11:00:39', 'Si', '00:00:00'),
(16, 10, 987654321, '2019-02-07', '12:09:37', 'No', '09:16:52'),
(17, 10, 987654321, '2019-02-07', '09:17:22', 'No', '11:23:15'),
(18, 10, 987654321, '2019-02-07', '11:24:06', 'No', '11:24:45'),
(19, 10, 987654321, '2019-02-07', '11:26:55', 'No', '04:05:23'),
(20, 10, 987654321, '2019-02-07', '04:18:51', 'No', '16:48:38'),
(21, 10, 987654321, '2019-02-07', '16:48:57', 'No', '16:52:12'),
(22, 10, 987654321, '2019-02-07', '17:04:13', 'No', '17:53:42'),
(23, 10, 987654321, '2019-02-07', '18:09:18', 'No', '18:09:30'),
(24, 10, 987654321, '2019-02-07', '18:14:56', 'No', '18:16:11'),
(25, 10, 987654321, '2019-02-07', '18:16:23', 'No', '18:16:54'),
(26, 10, 987654321, '2019-02-07', '18:32:15', 'No', '18:32:27'),
(27, 10, 987654321, '2019-02-11', '18:38:56', 'No', '18:45:41'),
(28, 10, 987654321, '2019-02-26', '09:19:58', 'No', '09:21:25'),
(29, 1, 987654321, '2019-02-26', '18:09:27', 'No', '18:27:00'),
(30, 1, 987654321, '2019-02-26', '21:51:02', 'No', '22:10:42'),
(31, 1, 987654321, '2019-03-01', '17:02:16', 'No', '18:27:21'),
(32, 1, 987654321, '2019-03-02', '10:48:39', 'Si', '00:00:00'),
(33, 1, 987654321, '2019-03-04', '10:07:23', 'Si', '00:00:00'),
(34, 1, 987654321, '2019-03-05', '08:19:03', 'Si', '00:00:00');

--
-- Dumping data for table `Bolsa_Bolivares_Tercero`
--

INSERT INTO `Bolsa_Bolivares_Tercero` (`Id_Bolsa_Bolivares_Tercero`, `Id_Tercero`, `Bolsa_Bolivares`) VALUES
(2, 12345, 0),
(3, 12346, 0),
(4, 12348, 0),
(5, 12349, 0),
(6, 12350, 0),
(7, 12355, 0),
(8, 147852963, 0);

--
-- Dumping data for table `Caja`
--

INSERT INTO `Caja` (`Id_Caja`, `Id_Oficina`, `Nombre`, `Detalle`, `Estado`, `MAC`) VALUES
(1, 29, 'Caja 1', 'Caja de Prueba', 'Activa', '40:A8:F0:51:DA:1B'),
(4, 16, 'Caja-SarV-1', 'Alex', 'Activa', '20:9D:87:87:95:3E'),
(5, 29, 'SAR2-C1', 'NORMALMENTE ES JUNE', 'Activa', '64:51:06:47:42:1C'),
(6, 30, 'Giro-1', 'Caja Lili', 'Activa', '50:7B:9D:B4:55:D4'),
(7, 29, 'SAR2-C2', 'NORMALMENTE ES ZULANY', 'Activa', 'A0:A4:C5:80:F1:33'),
(8, 30, 'Giro-2', 'Caja Sindy', 'Activa', '64:51:06:60:AD:56'),
(9, 29, 'SAR-Mag', 'Gerente', 'Activa', '28:39:26:1B:B5:E9'),
(10, 5, 'PRIN-A2', 'LILI', 'Activa', 'C4:34:6B:7D:71:F9'),
(11, 16, 'PRIN-SAR', 'MABEL', 'Activa', '4C:EB:42:EF:CA:E6'),
(13, 36, 'Caja Eddo 5', 'Esta caja es un test', 'Activa', 'D0:C5:D3:B5:95:05'),
(14, 25, 'caja test 4', 'detalle prueba', 'Activa', 'AC:7B:A1:5C:25:C9'),
(16, 36, 'Caja Eddo 1', 'Caja Prueba Eddo', 'Activa', '50:7B:9D:B4:55:D5'),
(17, 36, 'Caja Eddo 2', 'Caja para Pruebas de Eddo', 'Activa', 'D0:37:45:89:5C:60'),
(18, 36, 'Caja Eddo 3', 'Caja Eddo Pruebas ', 'Activa', '44:8A:5B:77:FF:64'),
(19, 37, 'Pueblo Nuevo 1', 'PocoF1', 'Activa', 'a4:50:46:4c:04:1d'),
(20, 16, 'Caja-SarV-2', 'Deisy', 'Activa', '1C:83:41:19:D0:BD'),
(22, 36, 'Caja Eddo 4', 'Caja Eddo Pruebas ', 'Activa', '64:51:06:60:AD:56\r\n'),
(26, 16, 'Caja-SarV-3', 'June', 'Activa', '1c:83:41:25:43:ba'),
(27, 29, 'Caja1-Sar2', 'Lizeth', 'Activa', '1C:83:41:19:CF:F3'),
(28, 29, 'Caja Mag', 'Caja Gerencia Mag', 'Activa', '28:39:26:1B:B5:E1'),
(29, 38, 'Portatil Maye', '', 'Activa', 'E8:D0:FC:FE:0F:1D'),
(30, 38, 'Caja Antes Luisa', 'PC Admin, creo que ahora lo tiene Lilibeth', 'Activa', '58:00:E3:FC:EE:07'),
(31, 38, 'Equipo Iris', '', 'Activa', '00:45:E2:50:8C:F5'),
(32, 38, 'Equipo Lili', '', 'Activa', 'B0:FC:36:A7:A0:7D'),
(33, 38, 'PC Brito', '', 'Activa', '44:03:2C:42:51:85'),
(34, 37, 'PC HA PN1', 'PC Medina', 'Activa', '10:63:C8:A6:29:C3'),
(35, 37, 'PC Conex PN2', 'PC de Conexiones-HaroldA Gustavo M.', 'Activa', 'B0:FC:36:A8:71:37'),
(36, 40, 'Caja A1', 'PC Oscar', 'Activa', '58:00:E3:FE:28:DB'),
(37, 40, 'Caja A2', 'PC Jerson', 'Activa', '58:00:E3:FB:63:BD'),
(38, 40, 'Caja A3', 'PC Esther', 'Activa', '58:00:E3:FC:EE:1B'),
(39, 41, 'Caja F1', 'PC Yuber', 'Activa', '00:C2:C6:3C:B5:5E'),
(40, 41, 'Caja F2', 'PC Yivi', 'Activa', '44:03:2C:43:EC:A7'),
(41, 41, 'Caja F3', 'PC Lily Johana', 'Activa', '00:C2:C6:3C:B4:AA'),
(42, 29, 'Caja Dan', 'Caja Gerencia Mag', 'Activa', 'A0:A4:C5:80-F1:33'),
(43, 29, 'Caja Dan', 'Caja Gerencia Mag', 'Activa', '40:B0:76:09:2E:16'),
(44, 29, 'Jhoan', 'Caja de Prueba', 'Activa', 'F4:39:09:0A:E5:26');

--
-- Dumping data for table `Caja_Recaudos`
--

INSERT INTO `Caja_Recaudos` (`Id_Caja_Recaudos`, `Nombre`, `Username`, `Password`, `Id_Departamento`, `Id_Municipio`, `Estado`) VALUES
(1, 'Caja 1', 'username1', '2222b0104b5621b7a68474f2741bcbf1', 1, 1, 'Activa'),
(2, 'Caja 2', 'username2', 'fdf65f9ebc8ff131074ad20499655755', 1, 1, 'Activa'),
(3, 'Caja 3', 'username3', 'b44339374b3ef4f558a43850c91bba72', 1, 1, 'Activa'),
(4, 'Caja 4', 'username4', 'e2dccbf9c134def3558ee76eafbe8ce5', 1, 52, 'Activa'),
(5, 'Caja 5', 'username5', '0c2c55424bfb52af7c16321e8d5c633c', 2, 121, 'Activa'),
(6, 'Caja 6', 'username6', 'b4743c5d7d8a588edab995f607fe7109', 25, 1026, 'Activa'),
(7, 'caja de prueba 123456798', '987654321', '123456789', 25, 1026, 'Activa'),
(8, 'Caja test', 'cajatest', '12345', 25, 1027, 'Activa'),
(9, 'Danilo', '9999999', '9999999', 29, 1068, 'Inactiva');

--
-- Dumping data for table `Cajero_Oficina`
--

INSERT INTO `Cajero_Oficina` (`Id_Cajero_Oficina`, `Id_Cajero`, `Id_Oficina`, `Fecha_Registro`) VALUES
(520, 91100100, 29, '2021-03-05 13:09:29'),
(521, 91500200, 36, '2021-03-05 13:09:29'),
(522, 91100100, 36, '2021-03-05 13:09:29'),
(524, 1524854, 29, '2021-03-06 10:54:07'),
(531, 91100100, 36, '2021-03-05 13:09:29'),
(546, 1524854, 36, '2021-03-06 10:54:07'),
(555, 987654321, 36, '2021-03-09 09:02:01'),
(556, 1234567891, 36, '2021-03-09 09:02:01'),
(598, 91300300, 36, '2021-03-09 09:02:01'),
(599, 987654321, 29, '2021-03-09 09:02:01'),
(607, 91200200, 36, '2021-03-05 13:09:29'),
(642, 9999999, 36, '2021-03-25 14:32:04'),
(643, 9999999, 29, '2021-03-25 14:32:04'),
(644, 9999999, 36, '2021-03-25 14:32:04'),
(660, 37390830, 38, '2021-05-13 14:15:01'),
(662, 1127922289, 16, '2021-05-18 11:41:15'),
(663, 1127922289, 29, '2021-05-18 11:41:15'),
(664, 2021002, 16, '2021-05-18 13:05:07'),
(666, 1116496808, 38, '2021-05-21 11:15:03'),
(667, 91528067, 5, '2021-10-15 09:24:08'),
(668, 91528067, 16, '2021-10-15 09:24:08'),
(669, 91528067, 25, '2021-10-15 09:24:08'),
(670, 91528067, 29, '2021-10-15 09:24:08'),
(671, 91528067, 30, '2021-10-15 09:24:08'),
(672, 91528067, 36, '2021-10-15 09:24:08'),
(673, 91528067, 37, '2021-10-15 09:24:08'),
(674, 13279597, 29, '2021-10-15 15:01:52'),
(675, 37505783, 16, '2021-10-15 15:04:54'),
(676, 37505783, 29, '2021-10-15 15:04:54');

--
-- Dumping data for table `Cajero_Principal_Oficina`
--

INSERT INTO `Cajero_Principal_Oficina` (`Id`, `Cajero_Principal_Id`, `Oficina_Id`, `Created_At`) VALUES
(168, 1234567891, 3, '2021-03-05 15:33:19'),
(167, 1234567891, 3, '2021-03-05 15:33:19'),
(166, 1234567891, 3, '2021-03-05 15:33:19'),
(165, 1234567891, 2, '2021-03-05 15:33:19'),
(164, 1234567891, 2, '2021-03-05 15:33:19'),
(163, 1234567891, 1, '2021-03-05 15:33:19'),
(162, 1234567891, 5, '2021-03-05 15:33:19'),
(175, 91355281, 16, '2021-05-18 18:03:45'),
(177, 19355432, 38, '2021-05-18 18:14:18'),
(176, 1152216408, 38, '2021-05-18 18:09:50'),
(178, 1116498041, 37, '2021-05-18 18:23:48'),
(179, 1116495248, 40, '2021-05-18 18:27:49');

--
-- Dumping data for table `Cambio`
--

INSERT INTO `Cambio` (`Id_Cambio`, `Tipo`, `fomapago_id`, `Codigo`, `Observacion`, `Fecha`, `Id_Caja`, `Id_Oficina`, `Moneda_Origen`, `Moneda_Destino`, `Tasa`, `Valor_Origen`, `Valor_Destino`, `TotalPago`, `Vueltos`, `Recibido`, `Estado`, `Identificacion_Funcionario`, `Tercero_id`) VALUES
(386, 'Compra', 1, 'CAM00440', '', '2021-06-18 18:53:06', 1, 29, '12', '2', '3300', 1.00, 3300.00, 0, 1700, 0, 'Realizado', '1127922289', NULL),
(387, 'Venta', 3, 'CAM00441', '', '2021-06-18 18:55:21', 1, 29, '2', '12', '3500', 3500.00, 1.00, 0, 0, 0, 'Realizado', '1127922289', 12356),
(388, 'Compra', 3, 'CAM00442', '', '2021-06-22 20:47:00', 9, 29, '12', '2', '3345', 8000.00, 26760000.00, 0, 0, 0, 'Realizado', '1127922289', 12349),
(389, 'Compra', 3, 'CAM00443', '', '2021-06-23 17:43:56', 9, 29, '12', '2', '3345', 750.00, 2508750.00, 0, 0, 0, 'Realizado', '1127922289', 12349),
(390, 'Venta', 3, 'CAM00444', '', '2021-06-23 17:44:45', 9, 29, '2', '12', '3600', 360000.00, 100.00, 0, 0, 0, 'Realizado', '1127922289', 12349),
(391, 'Venta', 1, 'CAM00445', '', '2021-06-23 17:48:30', 9, 29, '2', '12', '3550', 710000.00, 200.00, 0, 90000, 800000, 'Realizado', '1127922289', NULL),
(392, 'Compra', 1, 'CAM00446', '', '2021-06-23 17:52:59', 9, 29, '12', '2', '3250', 50.00, 162500.00, 0, 0, 0, 'Realizado', '1127922289', NULL),
(393, 'Compra', 3, 'CAM00447', '', '2021-07-08 16:11:14', 9, 29, '12', '2', '3350', 2800.00, 9380000.00, 0, 0, 0, 'Realizado', '37505783', 12356),
(394, 'Compra', 1, 'CAM00448', '', '2021-07-08 16:12:06', 9, 29, '12', '2', '3300', 100.00, 330000.00, 0, 0, 0, 'Realizado', '37505783', NULL),
(395, 'Compra', 1, 'CAM00449', '', '2021-07-28 17:34:19', 9, 29, '12', '2', '3310', 320.00, 1059200.00, 0, 440800, 0, 'Realizado', '1127922289', NULL),
(396, 'Venta', 1, 'CAM00450', '', '2021-07-28 20:54:26', 9, 29, '2', '12', '3550', 599950.00, 169.00, 0, 100, 600000, 'Realizado', '1127922289', NULL),
(397, 'Compra', 3, 'CAM00451', '', '2021-08-26 19:43:44', 1, 29, '12', '2', '3300', 10.00, 33000.00, 0, 0, 0, 'Realizado', '1524854', 12356),
(398, 'Compra', 1, 'CAM00452', '', '2021-09-15 20:26:05', 9, 29, '12', '2', '3300', 50.00, 165000.00, 0, 35000, 0, 'Realizado', '37505783', NULL),
(399, 'Venta', 1, 'CAM00453', '', '2021-09-15 20:30:38', 9, 29, '2', '12', '3500', 140000.00, 40.00, 0, 10000, 150000, 'Realizado', '37505783', NULL),
(400, 'Compra', 3, 'CAM00454', '', '2021-09-15 20:33:42', 9, 29, '12', '2', '3340', 4000.00, 13360000.00, 0, 0, 0, 'Realizado', '37505783', 12349),
(401, 'Venta', 3, 'CAM00456', '', '2021-09-15 20:38:11', 9, 29, '2', '12', '3600', 1800000.00, 500.00, 0, 0, 0, 'Realizado', '37505783', 12356),
(402, 'Compra', 3, 'CAM00457', '', '2021-09-17 13:31:55', 9, 29, '12', '2', '3330', 2000.00, 6660000.00, 0, 0, 0, 'Realizado', '37505783', 12356),
(403, 'Compra', 1, 'CAM00458', '', '2021-09-20 20:21:38', 9, 29, '12', '2', '3300', 200.00, 660000.00, 0, 40000, 0, 'Realizado', '1127922289', NULL),
(404, 'Compra', 1, 'CAM00459', '', '2021-09-20 20:26:32', 9, 29, '12', '2', '3340', 50.00, 167000.00, 0, 33000, 0, 'Realizado', '1127922289', NULL),
(405, 'Venta', 3, 'CAM00460', '', '2021-09-24 13:37:17', 44, 29, '2', '12', '5000', 1500000.00, 300.00, 0, 0, 0, 'Anulado', '9999999', 456413),
(406, 'Compra', 1, 'CAM00461', '', '2021-09-24 13:44:13', 44, 29, '12', '2', '3300', 20.00, 66000.00, 0, 2700, 0, 'Anulado', '9999999', NULL),
(407, 'Compra', 1, 'CAM00462', '', '2021-10-07 19:23:18', 1, 29, '12', '2', '3300', 15.00, 49500.00, 0, 500, 0, 'Realizado', '9999999', NULL),
(408, 'Venta', 3, 'CAM00463', '', '2021-10-07 19:23:56', 1, 29, '2', '12', '3500', 3500.00, 1.00, 0, 0, 0, 'Realizado', '9999999', 12358),
(409, 'Compra', 1, 'CAM00464', '', '2021-10-08 20:47:54', 44, 29, '12', '2', '3300', 5.00, 16500.00, 0, 3500, 0, 'Realizado', '9999999', NULL),
(410, 'Venta', 3, 'CAM00465', '', '2021-10-08 20:48:50', 44, 29, '2', '12', '3500', 10000.00, 2.00, 0, 0, 0, 'Realizado', '9999999', 12356),
(411, 'Compra', 1, 'CAM00466', '', '2021-10-08 21:48:14', 44, 29, '12', '2', '3300', 1.00, 3300.00, 0, 1700, 0, 'Realizado', '9999999', NULL),
(412, 'Compra', 3, 'CAM00467', '', '2021-10-08 21:51:46', 44, 29, '12', '2', '3300', 1.00, 3300.00, 0, 0, 0, 'Realizado', '9999999', 12356),
(413, 'Venta', 1, 'CAM00468', '', '2021-10-08 22:00:01', 44, 29, '2', '12', '3500', 3500.00, 1.00, 0, 500, 4000, 'Realizado', '9999999', NULL),
(414, 'Compra', 3, 'CAM00469', '', '2021-10-12 16:18:35', 1, 29, '12', '2', '3300', 1000.00, 3300000.00, 0, 0, 0, 'Realizado', '9999999', 12356),
(415, 'Compra', 3, 'CAM00470', '', '2021-10-12 17:24:13', 1, 29, '12', '2', '3300', 1000.00, 3300000.00, 0, 0, 0, 'Realizado', '9999999', 12358),
(416, 'Venta', 1, 'CAM00471', '', '2021-10-13 17:24:49', 1, 29, '2', '12', '3500', 3500.00, 1.00, 0, 0, 3500, 'Realizado', '9999999', NULL),
(417, 'Venta', 3, 'CAM00472', '', '2021-10-13 17:33:41', 1, 29, '2', '12', '3500', 3500.00, 1.00, 0, 0, 0, 'Realizado', '9999999', 12356),
(418, 'Venta', 3, 'CAM00473', '', '2021-10-13 17:52:33', 1, 29, '2', '12', '3500', 3500.00, 1.00, 0, 0, 0, 'Realizado', '9999999', 12356),
(419, 'Venta', 3, 'Venta', NULL, '2021-10-13 17:58:59', 1, 29, '2', '12', '3500', 3500.00, 1.00, 0, 0, 0, 'Realizado', '9999999', 12356),
(420, 'Venta', 3, 'Venta', 'werty', '2021-10-13 18:00:14', 1, 29, '2', '12', '3500', 3500.00, 1.00, 0, 0, 0, 'Realizado', '9999999', 12356),
(421, 'Compra', 3, 'Compra', 'PRBCOMPR', '2021-10-15 15:09:17', 44, 29, '1', '2', '0.57', 5000.00, 2850.00, 0, 0, 0, 'Realizado', '9999999', 12349),
(422, 'Compra', 1, 'Compra', '', '2021-10-15 15:09:43', 1, 29, '1', '2', '0.57', 100.00, 57.00, 0, 43, 0, 'Realizado', '9999999', NULL),
(423, 'Venta', 3, 'Venta', 'PRBVENTA', '2021-10-15 15:10:12', 44, 29, '2', '1', '3', 1500.00, 500.00, 0, 0, 0, 'Realizado', '9999999', 12356),
(424, 'Compra', 1, 'CAM00485', '', '2021-10-15 15:22:17', 1, 29, '12', '2', '3300', 1.00, 3300.00, 0, 0, 0, 'Realizado', '9999999', NULL),
(425, 'Venta', 3, 'CAM00486', 'CONCEPTO', '2021-10-15 15:23:44', 44, 29, '2', '1', '3', 1000.00, 300.00, 0, 0, 0, 'Realizado', '9999999', 12356),
(426, 'Venta', 1, 'CAM00487', '', '2021-10-15 15:25:16', 44, 29, '2', '1', '3', 1000.00, 300.00, 0, 1100, 2000, 'Realizado', '9999999', NULL),
(427, 'Compra', 1, 'CAM00488', '', '2021-10-15 16:24:03', 9, 29, '12', '2', '3300', 1000.00, 3300000.00, 0, 700000, 0, 'Realizado', '1127922289', NULL),
(428, 'Compra', 3, 'CAM00489', 'Trajo jose', '2021-10-15 16:24:41', 9, 29, '12', '2', '3350', 3000.00, 10050000.00, 0, 0, 0, 'Realizado', '1127922289', 12358),
(429, 'Venta', 3, 'CAM00490', 'Paga manana', '2021-10-15 16:25:08', 9, 29, '2', '12', '3600', 1440000.00, 400.00, 0, 0, 0, 'Realizado', '1127922289', 12356),
(430, 'Venta', 1, 'CAM00491', '', '2021-10-15 16:25:26', 9, 29, '2', '12', '3500', 700000.00, 200.00, 0, 0, 700000, 'Realizado', '1127922289', NULL),
(431, 'Compra', 3, 'CAM00492', 'MUESTRA', '2021-10-26 20:21:33', 44, 29, '12', '2', '3300', 1.00, 3300.00, 0, 0, 0, 'Realizado', '9999999', 12356),
(432, 'Compra', 3, 'CAM00493', 'De Paulina', '2021-10-26 20:21:52', 9, 29, '12', '2', '3300', 795.00, 2623500.00, 0, 0, 0, 'Realizado', '37505783', 12356),
(433, 'Venta', 3, 'CAM00494', 'mhghgkh', '2021-10-26 20:22:04', 44, 29, '2', '12', '3500', 3500.00, 1.00, 0, 0, 0, 'Realizado', '9999999', 12357),
(434, 'Compra', 3, 'CAM00495', 'kjhkjhkjhkjh', '2021-10-26 20:23:41', 44, 29, '12', '2', '3300', 10000.00, 33000000.00, 0, 0, 0, 'Realizado', '9999999', 12360),
(435, 'Venta', 3, 'CAM00496', 'llllllll', '2021-10-26 20:25:16', 44, 29, '2', '12', '3500', 35000000.00, 10000.00, 0, 0, 0, 'Realizado', '9999999', 12361),
(436, 'Compra', 3, 'CAM00497', 'nlknlk', '2021-10-26 20:28:01', 44, 29, '12', '2', '3300', 1250.00, 4125000.00, 0, 0, 0, 'Realizado', '9999999', 12357),
(437, 'Compra', 1, 'CAM00498', '', '2021-10-26 20:28:25', 9, 29, '12', '2', '3300', 40.00, 132000.00, 0, 1000, 0, 'Realizado', '37505783', NULL),
(438, 'Venta', 3, 'CAM00499', 'LALDSAS', '2021-10-26 20:28:25', 44, 29, '2', '12', '3500', 350000.00, 100.00, 0, 0, 0, 'Realizado', '9999999', 12362),
(439, 'Venta', 1, 'CAM00500', '', '2021-10-26 20:28:46', 44, 29, '2', '12', '3500', 350000.00, 100.00, 0, 0, 350000, 'Realizado', '9999999', NULL),
(440, 'Compra', 1, 'CAM00501', '', '2021-10-26 20:29:59', 9, 29, '12', '2', '3300', 15000.00, 49500000.00, 0, 500000, 0, 'Realizado', '37505783', NULL);

--
-- Dumping data for table `Cargo`
--

INSERT INTO `Cargo` (`Id_Cargo`, `Id_Dependencia`, `Nombre`, `Estado`) VALUES
(1, 1, 'SuperAdmin', 'Activo'),
(3, 1, 'Cajero', 'Activo'),
(4, 3, 'Gerente', 'Activo'),
(5, 3, 'CONSULTOR', 'Activo'),
(6, 1, 'CAJERO PRINCIPAL', 'Activo'),
(11, 7, 'Agente', 'Activo'),
(10, 7, 'Recaudador', 'Activo'),
(12, 9, 'Temporal', 'Inactivo'),
(13, 8, 'Auditor', 'Activo');

--
-- Dumping data for table `Compra`
--

INSERT INTO `Compra` (`Id_Compra`, `Codigo`, `Id_Funcionario`, `Id_Tercero`, `Valor_Compra`, `Tasa`, `Valor_Peso`, `Fecha`, `Hora`, `Detalle`, `Id_Moneda_Compra`, `Estado`) VALUES
(36, 'COM200041', 9999999, 101010, 1000000.00, '0.1', 100000.00, '2021-10-15 05:00:00', '09:24:53', '', 12, 'Activa'),
(35, 'COM200040', 9999999, 101010, 24639000.00, '0.1', 2463900.00, '2021-10-15 05:00:00', '09:23:53', '', 1, 'Activa'),
(34, 'COM200039', 13279597, 12349, 102400000.00, '0.002', 204800.00, '2021-09-17 05:00:00', '10:30:33', '', 1, 'Activa');

--
-- Dumping data for table `Compra_Cuenta`
--

INSERT INTO `Compra_Cuenta` (`Id_Compra_Cuenta`, `Id_Compra`, `Id_Cuenta_Bancaria`, `Id_Funcionario`, `Valor`, `Numero_Transaccion`, `Estado`, `Detalle`, `Fecha`, `Id_Consultor_Apertura_Cuenta`) VALUES
(133, 36, 25, 987654321, 1000000.00, '435209348', 'Efectiva', 'Cayo esta manana.', '2021-09-20 16:06:38', 258),
(132, 35, 24, 9999999, 24639000.00, '2159458', 'Efectiva', 'Cayo ayer.', '2021-09-17 16:51:14', 256),
(131, 34, 27, 987654321, 7400000.00, '74343', 'Efectiva', 'Ahora', '2021-09-17 15:03:37', 242),
(130, 34, 27, 987654321, 45000000.00, '095522', 'Cheque', 'Luego', '2021-09-17 15:03:21', 242),
(129, NULL, 27, 987654321, 2000000.00, '123567', 'Efectiva', 'Ya', '2021-09-17 15:03:02', 242),
(128, 34, 27, 987654321, 50000000.00, '1234555', 'Efectiva', 'Cayo ayer.', '2021-09-17 14:56:47', 242),
(134, NULL, 13, 13279597, 120000.00, '34713248', 'Efectiva', 'Cayo hoy', '2021-10-08 21:42:10', 0);

--
-- Dumping data for table `Configuracion`
--

INSERT INTO `Configuracion` (`Id_Configuracion`, `Nombre_Empresa`, `NIT`, `Telefono`, `Celular`, `Direccion`, `Correo`, `Extras_Legales`, `Festivos_Legales`, `Llegadas_Tarde`, `Salario_Base`, `Subsidio_Transporte`, `Hora_Inicio_Dia`, `Hora_Fin_Dia`, `Hora_Extra_Diurna`, `Hora_Extra_Nocturna`, `Hora_Extra_Domingo_Diurna`, `Hora_Extra_Domingo_Nocturna`, `Recargo_Dominical_Diurna`, `Recargo_Dominical_Nocturna`, `Recargo_Diurna`, `Recargo_Nocturno`, `Hora_Inicio_Noche`, `Hora_Fin_Noche`, `Festivos`, `Libres`, `Recibo`, `Prefijo_Recibo`, `Codigo_Formato_Recibo`, `Nombre_Dian_Recibo`, `Compra`, `Prefijo_Compra`, `Codigo_Formato_Compra`, `Nombre_Dian_Compra`, `Servicio_Externo`, `Prefijo_Servicio_Externo`, `Codigo_Formato_Servicio_Externo`, `Nombre_Dian_Servicio_Externo`, `Giro`, `Prefijo_Giro`, `Codigo_Formato_Giro`, `Nombre_Dian_Giro`, `Transferencia`, `Prefijo_Transferencia`, `Codigo_Formato_Transferencia`, `Nombre_Dian_Transferencia`, `Traslado`, `Prefijo_Traslado`, `Codigo_Formato_Traslado`, `Nombre_Dian_Traslado`, `Egreso`, `Prefijo_Egreso`, `Codigo_Formato_Egreso`, `Nombre_Dian_Egreso`, `Cambio`, `Prefijo_Cambio`, `Codigo_Formato_Cambio`, `Nombre_Dian_Cambio`, `Traslado_Caja`, `Prefijo_Traslado_Caja`, `Codigo_Formato_Traslado_Caja`, `Nombre_Dian_Traslado_Caja`, `Servicio`, `Prefijo_Servicio`, `Codigo_Formato_Servicio`, `Nombre_Dian_Servicio`, `Fin_Hora_Laboral`, `Fechas_Festivas`) VALUES
(1, 'HyM2', '123456789099', '64455669', '3154888996', 'calle con carrera 2 ', 'sinconrreo@gmail.es', 1, 1, 1, 1, 1, '00:00:01', '00:00:01', '1', '1', '1', '1', '1', '1', '1', '1', '00:00:01', '13:00:02', '2019-07-05,2019-12-24,2019-21-09', '1', 695, 'RT', 'RT', 'RT', 42, 'COM2', '1', '1', 1, 'SE2', '1', '1', 155, 'GR2', '1', '1', 742, 'TRA2', 'TRA', 'TRA', 113, 'TR2', '5', '5', 189, 'EGR2', 'EGR', 'EGR', 501, 'CAM', 'CAM', 'CAM', 65, 'TRC', 'asdvweqr', 'asfsfda', 188, 'SER', '1165', '154156', '23:56:26', '2019-05-07,2019-12-24,2019-21-09,2020-12-24,2020-14-10');

--
-- Dumping data for table `Consultor_Apertura_Cuenta`
--

INSERT INTO `Consultor_Apertura_Cuenta` (`Id_Consultor_Apertura_Cuenta`, `Id_Funcionario`, `Fecha_Apertura`, `Hora_Apertura`, `Id_Oficina`, `Id_Caja`) VALUES
(212, 9999999, '2021-08-20', '12:41:08', 29, 1),
(213, 987654321, '2021-08-26', '14:46:18', 29, 1),
(214, 9999999, '2021-09-04', '09:31:24', 29, 1),
(215, 987654321, '2021-09-17', '09:54:04', 29, 9),
(216, 9999999, '2021-09-17', '10:14:33', 29, 1),
(217, 9999999, '2021-09-17', '11:35:38', 29, 1),
(218, 9999999, '2021-09-17', '11:37:12', 29, 1),
(219, 9999999, '2021-09-17', '11:38:29', 29, 1),
(220, 9999999, '2021-09-17', '11:38:31', 29, 1),
(221, 9999999, '2021-09-17', '11:38:32', 29, 1),
(222, 9999999, '2021-09-17', '11:38:33', 29, 1),
(223, 9999999, '2021-09-17', '11:38:33', 29, 1),
(224, 9999999, '2021-09-17', '11:38:33', 29, 1),
(225, 9999999, '2021-09-17', '11:38:34', 29, 1),
(226, 9999999, '2021-09-17', '11:38:34', 29, 1),
(227, 9999999, '2021-09-17', '11:38:34', 29, 1),
(228, 9999999, '2021-09-17', '11:38:45', 29, 1),
(229, 9999999, '2021-09-17', '11:38:58', 29, 1),
(230, 9999999, '2021-09-17', '12:08:11', 29, 9),
(231, 987654321, '2021-09-20', '10:41:41', 29, 9),
(232, 9999999, '2021-09-21', '09:26:55', 29, 1),
(233, 9999999, '2021-09-24', '10:22:33', 29, 44),
(234, 9999999, '2021-09-24', '10:22:39', 29, 44),
(235, 9999999, '2021-10-07', '14:01:20', 29, 1),
(236, 9999999, '2021-10-12', '13:33:35', 29, 1),
(237, 9999999, '2021-10-14', '15:48:57', 29, 1),
(238, 9999999, '2021-10-15', '09:31:48', 29, 44),
(239, 13279597, '2021-10-26', '14:27:33', 29, 9),
(240, 9999999, '2021-10-26', '14:29:19', 29, 44);

--
-- Dumping data for table `Corresponsal_Bancario`
--

INSERT INTO `Corresponsal_Bancario` (`Id_Corresponsal_Bancario`, `Id_Tercero`, `Nombre`, `Cupo`, `Id_Departamento`, `Id_Municipio`, `Fecha_Registro`, `created_at`, `updated_at`) VALUES
(63, 0, 'Corresponsal Antioquia', 5000000, 1, 2, '2020-12-16 16:49:17', NULL, '2020-12-18 18:42:22'),
(60, 0, 'Corresponsal Bogota', 1500000, 4, 148, '2020-12-15 13:56:05', NULL, NULL),
(62, 0, 'Corresponsal Arauquita', 800000, 25, 1026, '2020-12-16 16:44:18', NULL, '2020-12-18 18:41:24'),
(64, 0, 'Bogotá conexiones', 15000000, 25, 1030, '2020-12-22 15:50:20', NULL, NULL),
(59, 0, 'Corresponsal Banco Coomeva', 2540000, 2, 122, '2020-12-15 13:24:57', NULL, '2020-12-16 21:12:49'),
(66, 1083039692, 'Corresponsal Carlos Cardona', 1540000, 1, 2, '2021-01-08 16:14:23', NULL, NULL);

--
-- Dumping data for table `Corresponsal_Diario_Nuevo`
--

INSERT INTO `Corresponsal_Diario_Nuevo` (`Id_Corresponsal_Diario`, `Id_Corresponsal_Bancario`, `Retiro`, `Consignacion`, `Total_Corresponsal`, `Fecha`, `Hora`, `Identificacion_Funcionario`, `Id_Caja`, `Id_Oficina`, `Id_Moneda`, `updated_at`, `created_at`) VALUES
(29, 64, 450000.00, 300000.00, -150000.00, '2021-06-23', '12:45:49', 1127922289, 9, 29, 2, NULL, NULL),
(30, 64, 600000.00, 1000000.00, 400000.00, '2021-09-15', '15:58:05', 37505783, 9, 29, 2, '2021-09-15 20:58:20', NULL),
(31, 64, 2900000.00, 300000.00, -2600000.00, '2021-09-15', '16:05:47', 37505783, 9, 29, 2, NULL, NULL),
(32, 63, 1000.00, 100.00, -900.00, '2021-10-14', '15:31:56', 9999999, 1, 29, 2, '2021-10-14 20:43:01', NULL);

--
-- Dumping data for table `Cuenta_Bancaria`
--

INSERT INTO `Cuenta_Bancaria` (`Id_Cuenta_Bancaria`, `Numero_Cuenta`, `Id_Banco`, `Nombre_Titular`, `Alias`, `Identificacion_Titular`, `Fecha`, `Detalle`, `Estado`, `Tipo_Cuenta`, `Comision_Bancaria`, `Id_Pais`, `Tipo`, `Monto_Inicial`, `Id_Moneda`, `Asignada`, `Estado_Apertura`, `Funcionario_Seleccion`) VALUES
(1, '01341234567891234567', 56, 'La montana', 'Alias la Montana', 123456789, '2018-09-19 00:00:00', 'aaaa', 'Activa', 'Empresarial', '0.00', 2, '1', '10000000', 1, 'No', 'Abierta', 9999999),
(2, '01340435614353030029', 56, 'Miguel Angel Arevalo Perez', 'Alias de Miguel', 1122334455, '2018-09-27 00:00:00', '', 'Activa', 'Personal', '0.00', 2, '1', '20000000', 1, 'No', 'Abierta', 9999999),
(3, '11245252141', 22, 'Pruebas de colombia S.A.A', 'Alias Pruebas de Colombia', 1234565889, '2018-10-10 16:35:18', 'Banco de pruebas Colombiana', 'Activa', 'Personal', '0.00', 1, '1', '500000', 2, 'No', 'Cerrada', NULL),
(6, '1234567897987651', 26, 'Pruebas  banco Davivienda', 'Alias Pruebas ', 11645421141, '2018-10-11 08:34:38', 'esto es una prueba123456', 'Activa', 'Personal', '0.00', 1, '1', '250000', 2, 'No', 'Cerrada', NULL),
(10, '0134567852144121545787', 80, 'Lucas Carrillo', 'Don Lucas', 245632121, '2018-10-18 16:21:05', 'Apertura de cuenta', 'Activa', 'Empresarial', '0.00', 2, '1', '50000000', 1, 'No', 'Abierta', 9999999),
(11, '2914856471', 19, 'Jose Franco', 'don Juan', 1093452141, '2018-10-23 10:04:02', 'Apertura de cuenta', 'Activa', 'Personal', '0.00', 1, '1', '500000', 2, 'No', 'Cerrada', NULL),
(12, '2934457853', 19, 'Maria Gamboa', 'doña Maria', 14245541, '2018-10-23 10:05:06', 'Apertura de cuenta', 'Activa', 'Empresarial', '0.00', 1, '2', '80000', 2, 'No', 'Cerrada', NULL),
(13, '013422254552525', 62, 'Banco prueba editar', 'Don Banco', 22252522, '2018-10-26 14:04:27', 'Preubas', 'Activa', 'Empresarial', '0.00', 2, '1', '500000', 1, 'No', 'Abierta', 13279597),
(25, '5616165156', 82, 'Pepito', 'Pepe', 43541684, '2019-03-22 17:16:39', 'Sin Detalles', 'Activa', 'Empresarial', '0.00', 1, '1', '120000', 1, 'No', 'Abierta', 9999999),
(24, '65161961', 81, 'Cambios Reinaldo', 'Don Reinaldo', 1568161, '2019-03-22 17:11:59', 'Sin Detalles', 'Activa', 'Empresarial', '0.00', 2, '1', '1000000', 1, 'No', 'Abierta', 9999999),
(27, '5435', 50, 'cuenta para pruebas', 'Pruebas Cuentas', 453453, '2019-03-22 17:21:17', 'Sin Detalles', 'Activa', 'Empresarial', '0.00', 2, '1', '200000', 1, 'No', 'Cerrada', NULL),
(29, '152496684', 19, 'Prueba Titular', 'Alias Titular', 24857745, '2019-09-20 10:00:42', 'prueba banco con comision', 'Activa', 'Empresarial', '12500.00', 1, '1', '25000000', 2, 'No', 'Cerrada', NULL),
(30, '01025489632598654285', 81, 'Prueba', 'Otra Prueba', 1248965, '2019-10-03 17:35:24', 'Cuenta de prueba', 'Activa', 'Empresarial', '2500.00', 2, '1', '50000000', 1, 'No', 'Cerrada', 9999999),
(32, '784512555', 82, 'ghfjhgj', NULL, 53452354, '2021-03-13 11:07:19', 'Sin Detalles2345234523452', 'Activa', 'Empresarial', '10000.00', 1, '1', '500000', 2, 'No', 'Cerrada', NULL);

--
-- Dumping data for table `Departamento`
--

INSERT INTO `Departamento` (`Id_Departamento`, `Nombre`, `Codigo`) VALUES
(1, 'ANTIOQUIA', '5'),
(2, 'ATLANTICO', '8'),
(3, 'BOGOTA D.C.', '11'),
(4, 'BOLIVAR', '13'),
(5, 'BOYACA', '15'),
(6, 'CALDAS', '17'),
(7, 'CAQUETA', '18'),
(8, 'CAUCA', '19'),
(9, 'CESAR', '20'),
(10, 'CORDOBA', '23'),
(11, 'CUNDINAMARCA', '25'),
(12, 'CHOCO', '27'),
(13, 'HUILA', '41'),
(14, 'LA GUAJIRA', '44'),
(15, 'MAGDALENA', '47'),
(16, 'META', '50'),
(17, 'NARINO', '52'),
(18, 'NORTE DE SANTANDER', '54'),
(19, 'QUINDIO', '63'),
(20, 'RISARALDA', '66'),
(21, 'SANTANDER', '68'),
(22, 'SUCRE', '70'),
(23, 'TOLIMA', '73'),
(24, 'VALLE DEL CAUCA', '76'),
(25, 'ARAUCA', '81'),
(26, 'CASANARE', '85'),
(27, 'PUTUMAYO', '86'),
(28, 'SAN ANDRES', '88'),
(29, 'AMAZONAS', '91'),
(30, 'GUAINIA', '94'),
(31, 'GUAVIARE', '95'),
(32, 'VAUPES', '97'),
(33, 'VICHADA', '99');

--
-- Dumping data for table `Dependencia`
--

INSERT INTO `Dependencia` (`Id_Dependencia`, `Id_Grupo`, `Nombre`, `Estado`) VALUES
(1, 1, 'Ventas', 'Activo'),
(3, 2, 'Administracion', 'Activo'),
(7, 10, 'Auditoria', 'Inactivo');

--
-- Dumping data for table `Destinatario`
--

INSERT INTO `Destinatario` (`Id_Destinatario`, `Nombre`, `Estado`, `Tipo_Documento`, `Id_Pais`) VALUES
(24524506, 'JUAN PEREZ', 'Activo', 'V', 2),
(24524507, 'JUANITA GARCIA', 'Activo', 'V', 2),
(24524333, 'PEPITO', 'Activo', 'V', 2),
(12315461, 'PRUEBAS JJBRICENO', 'Activo', 'E', 2),
(1259663, 'JUAN PEREZ', 'Activo', 'V', 2),
(24524525, 'OSCAR LOPEZ', 'Activo', 'V', 2),
(24521555, 'PAOLA BARRERA', 'Activo', 'V', 2),
(246532141, 'JAVIER PORRAS', 'Activo', 'V', 2),
(24527896, 'FULANO', 'Activo', 'V', 2),
(14455564, 'WILMER ANTONIO TORO VILORIA', 'Activo', 'V', 2),
(12115097, 'MARIA DEL VALLE PINTO PAREDES', 'Activo', 'V', 2),
(26533252, 'ZULAY', 'Activo', 'V', 2),
(123456789, 'PABLO SEPUL', 'Activo', 'V', 2),
(55545758, 'SUSANA QUINTERO', 'Activo', 'V', 2),
(25848546, 'PEDRO PEREZ GARCIA', 'Activo', 'V', 2),
(1111112222, 'LUIS SILVA', 'Activo', 'documento.Codigo', 2),
(21405663, 'ROSANA DEL VALLE TORRES HERNANDEZ', 'Activo', 'V', 2),
(12583605, 'ROSA ALICIA PEREZ', 'Inactivo', 'V', 2),
(12585841, 'MIGUEL ANGEL COLINA BOLIVAR', 'Activo', 'V', 2),
(5916628, 'SABAS JOEL TORRES NELO', 'Activo', 'V', 2),
(12584651, 'SERGIO DAVID MEDINA RIVAS', 'Activo', 'V', 2),
(10134933, 'SANDRA ADELAIDA SALINA', 'Activo', 'V', 2),
(19783725, 'JHOAN ALEXIS AGUILAR LUCUMI', 'Activo', 'V', 2),
(14589658, 'JORGE LUIS MORENO PACHECO', 'Activo', 'V', 2),
(15487777777, 'LUIS GOMEZ', 'Activo', 'documento.Codigo', 2),
(17173384, 'LUIS EMILIO RODRIGUEZ', 'Activo', 'V', 2),
(1000000, 'ANGELL GRISALEZ', 'Activo', 'documento.Codigo', 1),
(13866098, 'JOHANA CAROLINA FRANCIA MIJARES', 'Activo', 'V', 2),
(1452145, 'OFICINA 1', 'Activo', 'documento.Codigo', 1),
(11603674, 'MARY ZULEY MORENO MORENO', 'Activo', 'V', 2),
(84556085, 'MANUEL ALEXIS SANCHEZ ARIAS', 'Activo', 'E', 2),
(4046503, 'LUISA CARMEN MARCANO DE MONTANO', 'Activo', 'V', 2),
(1093766777, 'MARCO MORA', 'Activo', 'CC', 1),
(1093756444, 'ELIZA CORTEZ', 'Activo', 'V', 2),
(1127876564, 'LEIDY MIRANDA', 'Activo', 'CC', 1),
(1127543232, 'SIMON DIAZ', 'Activo', 'V', 2),
(1096216530, 'DANILO', 'Activo', 'documento.Codigo', 1),
(1093876467, 'LISA QUINTERO', 'Activo', 'CC', 1),
(12047854, 'ANAX', 'Activo', 'documento.Codigo', 1),
(1093754356, 'PAOLA MENA', 'Activo', 'CC', 1),
(747474747, 'LUIS GOMEZ PP', 'Activo', 'documento.Codigo', 2),
(1127947478, 'LUCAS JARAMILLO', 'Activo', 'CC', 1),
(125781000, 'CARMEN', 'Activo', 'documento.Codigo', 1),
(1093744444, 'ESTEBAN CHAVEZ', 'Activo', 'CC', 1),
(12596685, 'JUAN FLORES', 'Activo', 'CC', 1),
(12594862, 'PRUEBA DEST TRES', 'Activo', 'CC', 1),
(1474111000, 'ASAS', 'Activo', 'documento.Codigo', 1),
(148752000, 'CARMEN', 'Activo', 'documento.Codigo', 1),
(102004124242, 'OFICINA 1FHNMJGHMK', 'Activo', 'P', 2),
(10000001, 'BOLIVARES SOBERANOS', 'Activo', 'documento.Codigo', 1),
(1044400, 'BOLIVARES SOBERANOS', 'Activo', 'documento.Codigo', 2),
(745896555, 'LUIS GOMEZ', 'Activo', 'documento.Codigo', 1),
(78451258, 'LUIS GOMEZ', 'Activo', 'documento.Codigo', 1),
(99999999, 'JUAN MUNOZ', 'Activo', 'documento.Codigo', 1),
(7774441113223, 'JUAN MUNOZ KKK', 'Activo', 'documento.Codigo', 2),
(11111111, 'CARLOS CARDONA', 'Activo', 'documento.Codigo', 1),
(123123123, 'LUIS GOMEZ', 'Activo', 'documento.Codigo', 2),
(1122334455, 'PAOLA BERNAL', 'Activo', 'documento.Codigo', 2),
(98765432159, 'LUIS GOMEZ AMERICA', 'Activo', 'documento.Codigo', 4),
(777777888888, 'AMERICANO GRINCOC', 'Activo', 'documento.Codigo', 4),
(789698574577, 'CARLOS PEREZ', 'Activo', 'documento.Codigo', 2),
(1414141414, 'PEDRO JUAREZ', 'Activo', 'documento.Codigo', 2),
(109621653, 'ANA', 'Activo', 'V', 2),
(66998877, 'CAR', 'Activo', 'E', 2),
(26144709, 'ANGIE CORONEL VEGA', 'Activo', 'V', 2),
(24924506, 'ALIMAÑA', 'Activo', 'V', 2),
(8888899, 'CARLS', 'Activo', 'E', 2),
(26103449, 'FRANYE LUCERO BARAZARTE BARAZARTE', 'Activo', 'V', 2);

--
-- Dumping data for table `Destinatario_Cuenta`
--

INSERT INTO `Destinatario_Cuenta` (`Id_Destinatario_Cuenta`, `Id_Destinatario`, `Id_Banco`, `Numero_Cuenta`, `Id_Pais`, `Id_Tipo_Cuenta`, `Estado`) VALUES
(2, 24524506, 49, '01041231231231231231', 2, 1, 'Activa'),
(42, 24524506, 56, '01345269589657892364', 2, 1, 'Activa'),
(3, 24524507, 1, '01342312312312312312', 2, 1, 'Activa'),
(4, 24524507, 49, '01045623472647234234', 2, 1, 'Activa'),
(5, 24524508, 1, '01345654562429384637', 2, 1, 'Activa'),
(6, 24524505, 1, '01345765675675765765', 2, 1, 'Activa'),
(7, 24524333, 1, '01345556766676666545', 2, 1, 'Activa'),
(9, 112121213, 56, '01343213123136549649', 2, 1, 'Activa'),
(10, 24524525, 56, '01341234567898887411', 2, 1, 'Activa'),
(11, 24521555, 49, '01045554554488522411', 2, 1, 'Activa'),
(12, 24521555, 56, '01345896321147744114', 2, 2, 'Activa'),
(13, 246532141, 49, '01045532123211122114', 2, 1, 'Activa'),
(30, 10134933, 1, '01020856460000051677', 2, 1, 'Activa'),
(15, 24527896, 56, '01345444545784215645', 2, 1, 'Activa'),
(16, 12115097, 25, '01910127461100051886', 2, 2, 'Activa'),
(17, 26533252, 56, '01345552248948519818', 2, 1, 'Activa'),
(34, 123456789, 56, '01342589658789959595', 2, 1, 'Activa'),
(19, 55545758, 49, '01048885752585225522', 2, 1, 'Activa'),
(20, 55545758, 56, '01345552625522522228', 2, 2, 'Activa'),
(21, 22498013, 53, '01150021821004957192', 2, 1, 'Activa'),
(22, 25848546, 81, '01022544858526622546', 2, 1, 'Activa'),
(23, 25848546, 27, '254452896585', 1, 2, 'Activa'),
(24, 1235485, 27, '0402541521', 1, 1, 'Activa'),
(25, 1235485, 16, '001524854', 1, 2, 'Activa'),
(26, 21405663, 48, '01020311290000202895', 2, 1, 'Activa'),
(27, 5916628, 54, '01160132450187307350', 2, 2, 'Activa'),
(28, 12584651, 56, '01340946320001301075', 2, 1, 'Activa'),
(29, 9996373, 50, '01050120200120415887', 2, 1, 'Activa'),
(31, 10134933, 50, '01050616680616185669', 2, 2, 'Activa'),
(32, 19783725, 67, '01770020101100109413', 2, 1, 'Activa'),
(18, 123456789, 56, '01345557784115515151', 2, 1, 'Activa'),
(33, 123456789, 48, '01025485695874565544', 2, 2, 'Activa'),
(45, 20782654, 56, '01342225668957855656', 2, 2, 'Activa'),
(44, 20782654, 81, '01052486957554286632', 2, 1, 'Activa'),
(43, 14589658, 56, '01345865925785962896', 2, 1, 'Activa'),
(46, 123456789, 81, '01052316541654984654', 2, 2, 'Activa'),
(53, 757856, 18, '15245596', 1, 1, 'Activa'),
(54, 757856, 32, '142453', 1, 2, 'Activa'),
(55, 757856, 27, '253453', 1, 1, 'Inactiva'),
(56, 757856, 21, '43563', 1, 2, 'Activa'),
(57, 757856, 28, '786867', 1, 1, 'Activa'),
(58, 123456789, 32, '43453453', 1, 1, 'Activa'),
(59, 123456789, 44, '7178893', 1, 2, 'Activa'),
(60, 1259663, 17, '1524859', 1, 1, 'Activa'),
(61, 123456789, 33, '8518181818', 1, 1, 'Activa'),
(62, 20730926, 48, '01020692860100002735', 2, 2, 'Activa'),
(63, 20730926, 51, '01082413310100095612', 2, 1, 'Activa'),
(64, 13866098, 48, '01020169120100017013', 2, 1, 'Activa'),
(65, 22402531, 49, '01040060191600030295', 2, 1, 'Activa'),
(66, 22402531, 56, '01340153591531017144', 2, 2, 'Activa'),
(67, 17173384, 56, '01340171391711063358', 2, 2, 'Activa'),
(68, 17173384, 56, '0134DIRECTV 00117890', 2, 1, 'Activa'),
(69, 11603674, 56, '01340376773761056344', 2, 1, 'Activa'),
(70, 84556085, 56, '01340879358791013790', 2, 1, 'Activa'),
(71, 4046503, 81, '01050052430052146340', 2, 2, 'Activa'),
(72, 1093766777, 19, '9011112222', 1, 2, 'Activa'),
(73, 1093766777, 56, '01344444555566667777', 2, 2, 'Activa'),
(74, 1093766777, 20, '9012234568', 1, 1, 'Activa'),
(75, 1093766777, 56, '01349999888877776666', 2, 3, 'Activa'),
(76, 1093756444, 34, '901123234', 1, 2, 'Activa'),
(77, 1093756444, 56, '01349998887776665554', 2, 1, 'Activa'),
(78, 1127876564, 25, '934322211', 1, 1, 'Activa'),
(79, 1127876564, 42, '932122557', 1, 2, 'Activa'),
(80, 1127876564, 56, '01345556667778889999', 2, 1, 'Activa'),
(81, 1127543232, 49, '01042222333344445555', 2, 1, 'Activa'),
(82, 1127543232, 56, '01341111222233339999', 2, 2, 'Activa'),
(83, 112753442, 49, '01049999888822226666', 2, 1, 'Activa'),
(84, 1093876467, 49, '01040002223339992132', 2, 1, 'Activa'),
(85, 1093876467, 38, '0947466595', 1, 3, 'Activa'),
(86, 1093876467, 56, '01345678912345436534', 2, 2, 'Activa'),
(87, 1478596, 56, '01348579642568973248', 2, 1, 'Activa'),
(88, 1093754356, 49, '01049999888866663452', 2, 2, 'Activa'),
(89, 1093754356, 16, '901126347864', 1, 1, 'Activa'),
(90, 1093754399, 42, '9012788765432', 1, 1, 'Activa'),
(91, 1093754399, 49, '01047776333300002121', 2, 1, 'Activa'),
(92, 1093754399, 36, '3456789098754', 1, 3, 'Activa'),
(93, 1127947478, 49, '01042222111122221111', 2, 2, 'Activa'),
(94, 1093745851, 17, '10051212121', 1, 1, 'Activa'),
(95, 1093745851, 56, '01340001112225544483', 2, 1, 'Activa'),
(96, 1093744444, 19, '01000000000454', 1, 2, 'Activa'),
(97, 1093744444, 49, '01041111222244445874', 2, 1, 'Activa'),
(98, 12596685, 19, '12599658', 1, 1, 'Activa'),
(99, 12596685, 81, '01052648975632980154', 2, 1, 'Activa'),
(100, 12594862, 28, '125485964', 1, 1, 'Activa'),
(101, 12594862, 56, '01345279016804660189', 2, 1, 'Activa'),
(102, 10235948, 24, '15248534', 1, 2, 'Activa'),
(103, 10235948, 56, '01342976058994206485', 2, 1, 'Activa'),
(104, 26590054, 18, '15135121', 1, 2, 'Activa'),
(105, 26590054, 56, '01348597621859467856', 2, 1, 'Activa'),
(106, 10000000, 16, '0100000145', 1, 2, 'Activa'),
(107, 10000000, 56, '01340000111111112222', 2, 1, 'Activa'),
(108, 1093756499, 24, '3213210000', 1, 1, 'Activa'),
(109, 1093756499, 49, '01040000333322221111', 2, 1, 'Activa'),
(110, 120524965, 81, '01052485965785423305', 2, 1, 'Activa'),
(111, 120524965, 48, '01026489335248745019', 2, 2, 'Activa'),
(112, 123456789, 16, '1524896', 2, 1, 'Activa'),
(113, 1093745851, 56, '01342451444414515853', 2, 2, 'Activa'),
(114, 1093744111, 56, '01345556662220000000', 2, 1, 'Activa'),
(115, 1093744111, 56, '01340000011212150000', 2, 2, 'Activa'),
(116, 1093744444, 56, '01340001111124588541', 2, 2, 'Activa'),
(117, 1127444444, 49, '01047777888899990000', 2, 3, 'Activa'),
(118, 1127444444, 49, '01045555666600007777', 2, 1, 'Activa'),
(119, 1127666222, 56, '01343333444422221111', 2, 2, 'Activa'),
(120, 1127977777, 56, '01346666555544440000', 2, 1, 'Activa'),
(121, 1127333444, 56, '01346666555511117777', 2, 2, 'Activa'),
(122, 19653333, 48, '01020305850000203205', 2, 1, 'Activa'),
(123, 25433367, 61, '01510069991000897643', 2, 10, 'Activa'),
(124, 300752321, 56, '01341031330001000187', 2, 1, 'Activa'),
(125, 300752321, 51, '01082433880100001625', 2, 2, 'Activa'),
(126, 11191214, 81, '01050049470049483781', 2, 2, 'Activa'),
(127, 11191214, 51, '01080066830200172213', 2, 1, 'Activa'),
(128, 18320937, 48, '01020364310100053966', 2, 1, 'Activa'),
(129, 1425241141, 56, '01347855778888858585', 2, 1, 'Activa'),
(130, 1093876467, 56, '01347854999999999666', 2, 1, 'Activa'),
(131, 1093876467, 56, '01344587489999999999', 2, 1, 'Activa'),
(132, 2147483647, 56, '01346598744444444444', 2, 1, 'Activa'),
(133, 2147483647, 56, '01340000000088888887', 2, 2, 'Activa'),
(134, 2147483647, 56, '01340000777888554444', 2, 1, 'Activa'),
(135, 333666998, 56, '01340005555555555555', 2, 1, 'Activa'),
(136, 2147483647, 56, '01349999998887744444', 2, 2, 'Activa'),
(137, 2147483647, 56, '01348887777445555555', 2, 2, 'Activa'),
(138, 2147483647, 56, '01348887777777777777', 2, 2, 'Activa'),
(139, 2147483647, 56, '01342222222222222222', 2, 1, 'Activa'),
(140, 2147483647, 56, '01347895825454545454', 2, 2, 'Activa'),
(141, 1000004154, 56, '01348787878787878787', 2, 1, 'Activa'),
(142, 107894651, 56, '01347777888866666666', 2, 1, 'Activa'),
(143, 13487970, 56, '01345646464646464646', 2, 3, 'Activa'),
(144, 1245000, 56, '01348878787887877878', 2, 1, 'Activa'),
(145, 1047852, 56, '01348989897458142522', 2, 1, 'Activa'),
(146, 2147483647, 56, '01345888888888888888', 2, 1, 'Activa'),
(147, 12412400, 56, '01346577774700000001', 2, 2, 'Activa'),
(148, 1001011444, 56, '01347777122222000000', 2, 3, 'Activa'),
(149, 1044444400, 56, '01345844444444444441', 2, 1, 'Activa'),
(150, 1040001100, 56, '01340000789612321111', 2, 1, 'Activa'),
(151, 1041780100, 56, '01341234567890000000', 2, 1, 'Activa'),
(152, 2147483647, 56, '01347895555555555555', 2, 2, 'Activa'),
(153, 107896451, 56, '01347895555555555555', 2, 1, 'Activa'),
(154, 1024114141, 56, '01340000550000000000', 2, 2, 'Activa'),
(155, 10450000, 56, '01347800011111111111', 2, 2, 'Activa'),
(156, 100011114, 56, '01347822200101201021', 2, 2, 'Activa'),
(157, 10101144, 56, '01347820012011111111', 2, 2, 'Activa'),
(158, 2147483647, 56, '01340001010140101010', 2, 2, 'Activa'),
(159, 1014144, 56, '01340000141111100000', 2, 2, 'Activa'),
(160, 1234567890, 56, '01340000000000001111', 2, 2, 'Activa'),
(161, 2147483647, 56, '01342020200000000000', 2, 1, 'Activa'),
(162, 10147821000, 56, '01342020200000000000', 2, 1, 'Activa'),
(163, 1010120210101, 56, '01347856767836475345', 2, 1, 'Activa'),
(164, 102004124242, 56, '01348756786575364534', 2, 1, 'Activa'),
(165, 102004124242, 56, '01347587574575475454', 2, 10, 'Activa'),
(166, 102004124242, 56, '01347210101010101252', 2, 3, 'Activa'),
(167, 15487777777, 56, '01348888888888888888', 2, 1, 'Activa'),
(168, 123777777777, 19, '03699999999999999999', 1, 2, 'Activa'),
(169, 7777777777, 45, '01360000000000888888', 1, 2, 'Activa'),
(170, 78787878, 62, '01566969696969696969', 2, 2, 'Activa'),
(171, 1234567890, 17, '01365555555555555555', 1, 2, 'Activa'),
(172, 787878787, 18, '03688888888888888888', 1, 2, 'Activa'),
(173, 7878787878, 16, '05211111111111111111', 1, 1, 'Activa'),
(174, 1111112222, 62, '01560000000011111111', 2, 1, 'Activa'),
(175, 1000000, 18, '12451200000000000000', 1, 2, 'Activa'),
(176, 1096216530, 19, '10985555555555555555', 1, 2, 'Activa'),
(177, 148752000, 16, '12000000000000000000', 1, 1, 'Activa'),
(178, 747474747, 56, '01348888888888888888', 2, 2, 'Activa'),
(179, 12047854, 23, '10254147410000000000', 1, 1, 'Activa'),
(180, 1474111000, 19, '14000000000000000000', 1, 2, 'Activa'),
(181, 1452145, 24, '41222222222222222222', 1, 1, 'Activa'),
(182, 125781000, 82, '10000047477777777777', 1, 2, 'Activa'),
(183, 12100000, 16, '10232222222222222222', 1, 1, 'Activa'),
(184, 10000001, 16, '10000000000000000000', 1, 1, 'Activa'),
(185, 104100111, 22, '10000101101000000000', 1, 3, 'Activa'),
(186, 101111111, 56, '01347852222000000000', 2, 3, 'Activa'),
(187, 1044400, 56, '01340251452014500000', 2, 2, 'Activa'),
(188, 9223372036854775807, 56, '01340000000000000008', 2, 1, 'Activa'),
(189, 134014141, 56, '01340025000000000000', 2, 1, 'Activa'),
(190, 104782000, 56, '01347852017785207852', 2, 2, 'Activa'),
(191, 12451220, 17, '56666666666666666666', 1, 1, 'Activa'),
(192, 1002542000, 16, '12000000000', 1, 1, 'Activa'),
(193, 14000000, 17, '1420147888', 1, 1, 'Activa'),
(194, 10004400, 16, '10000000011001000000', 1, 1, 'Activa'),
(195, 140007898, 56, '01347965784540000000', 2, 2, 'Activa'),
(196, 745896555, 16, '12345678933336666666', 1, 1, 'Activa'),
(197, 10254400, 17, '0147700000000000', 1, 2, 'Activa'),
(198, 121150970, 17, '11111111111111111111', 1, 1, 'Activa'),
(199, 1230011, 17, '10101010011111000000', 1, 1, 'Activa'),
(200, 123456781, 82, '12121212121212121212', 1, 1, 'Activa'),
(201, 12322221, 16, '2122222222222212', 1, 1, 'Activa'),
(202, 1033143143, 82, '10122222222222222222', 1, 2, 'Activa'),
(203, 12444443, 16, '23232323232323', 1, 1, 'Activa'),
(204, 10123445, 16, '11222222222222222222', 1, 1, 'Activa'),
(205, 101114444, 82, '10000000000000000000', 1, 1, 'Activa'),
(206, 78451258, 16, '12345678999999999999', 1, 1, 'Activa'),
(207, 99999999, 23, '77777777777777777777', 1, 2, 'Activa'),
(208, 7774441113223, 17, '987456321', 1, 3, 'Activa'),
(209, 11111111, 24, '123456789', 1, 2, 'Activa'),
(210, 123123123, 56, '01345555555555555555', 2, 1, 'Activa'),
(211, 123123123, 16, '123459852222', 1, 1, 'Activa'),
(212, 1122334455, 56, '01346767676767676767', 2, 3, 'Activa'),
(213, 98765432159, 86, '1234569874', 4, 1, 'Activa'),
(214, 777777888888, 86, '123456987456321', 4, 3, 'Activa'),
(215, 789698574577, 56, '01345858585966655588', 2, 1, 'Activa'),
(216, 1414141414, 56, '01349898656598965656', 2, 2, 'Activa'),
(217, 109621653, 56, '01347859864562520000', 2, 1, 'Activa'),
(218, 963852741, 82, '2323232323232322', 1, 2, 'Activa'),
(219, 745874587458, 56, '01340000002225558888', 2, 1, 'Activa'),
(220, 745874587458, 56, '01345555555555555555', 2, 1, 'Activa'),
(221, 26144709, 48, '01020391140100029699', 2, 12, 'Activa'),
(222, 66998877, 49, '01041231231231231231', 2, 1, 'Activa'),
(223, 8888899, 49, '01041231231231231231', 2, 1, 'Activa'),
(224, 26103449, 51, '01080596170100122865', 2, 1, 'Activa');

--
-- Dumping data for table `Destinatario_Cuenta_Externo`
--

INSERT INTO `Destinatario_Cuenta_Externo` (`Id_Destinatario_Cuenta`, `Id_Destinatario`, `Id_Banco`, `Numero_Cuenta`, `Id_Pais`, `Id_Tipo_Cuenta`, `Estado`) VALUES
(1, 7800085, 49, '01041231231231231231', 2, 1, 'Activa'),
(2, 100100100, 49, '01041231231231231232', 2, 1, 'Activa'),
(3, 100100100, 49, '01042232336555555555', 2, 11, 'Activa'),
(4, 100100100, 49, '01043336699788787878', 2, 2, 'Activa'),
(5, 100100100, 49, '0104333666699898888', 2, 3, 'Activa'),
(6, 200200200, 49, '01042552252588899218', 2, 2, 'Activa'),
(7, 234234234, 49, '01045555565656565465', 2, 10, 'Activa'),
(8, 900900900, 49, '01040000000000522525', 2, 2, 'Activa'),
(9, 555555555, 49, '01045565656565623232', 2, 2, 'Activa'),
(10, 587587587, 49, '01041231231231235123', 2, 2, 'Activa'),
(11, 123123123, 49, '01045455454545454545', 2, 1, 'Activa'),
(12, 123451234, 49, '01045454545449874874', 2, 2, 'Activa'),
(13, 100100200, 49, '01040245454544545454', 2, 3, 'Activa');

--
-- Dumping data for table `Destinatario_Externo`
--

INSERT INTO `Destinatario_Externo` (`Id_Destinatario`, `Nombre`, `Estado`, `Tipo_Documento`, `Id_Pais`, `Id_Agente_Externo`) VALUES
(100100100, 'Carlos Perez', 'Activo', 'V', 2, 8),
(7800085, 'Juan Gomez', 'Activo', 'V', 2, 8),
(200200200, 'Chales Brom', 'Activo', 'E', 2, 0),
(900900900, 'Omar Gomez', 'Activo', 'V', 2, 8),
(234234234, 'Juan Sepulveda', 'Activo', 'V', 2, 8),
(555555555, 'Ramiro Ramirez', 'Activo', 'V', 2, 8),
(587587587, 'Victor Macareo', 'Activo', 'E', 2, 8),
(123123123, 'Kevin Alfonzo', 'Activo', 'V', 2, 8),
(123451234, 'Jorge El Curioso', 'Activo', 'V', 2, 8),
(231231231, 'Andres Aranjuez', 'Activo', 'V', 2, 8),
(100100200, 'Nelson Pineda', 'Activo', 'E', 2, 8);

--
-- Dumping data for table `Devolucion_Cambios`
--

INSERT INTO `Devolucion_Cambios` (`id`, `hora`, `observacion`, `motivodevolucioncambios_id`, `cambio_id`, `valor_entregado`, `valor_recibido`, `updated_at`, `created_at`) VALUES
(59, '2020-12-21 08:53:34', '', 5, 229, '3500', '1', '2020-12-21 13:53:34', '2020-12-21 13:53:34'),
(60, '2020-12-29 09:14:47', '', 5, 254, '3500', '1', '2020-12-29 14:14:47', '2020-12-29 14:14:47'),
(61, '2020-12-29 09:50:09', '123', 5, 259, '147000', '42', '2020-12-29 14:50:09', '2020-12-29 14:50:09'),
(62, '2021-01-04 16:02:18', '7', 5, 274, '7000', '2', '2021-01-04 21:02:18', '2021-01-04 21:02:18');

--
-- Dumping data for table `Devolucion_Transferencia`
--

INSERT INTO `Devolucion_Transferencia` (`Id_Devolucion_Transferencia`, `Id_Pago_Transferencia`, `Id_Motivo_Devolucion`, `Id_Transferencia_Destinatario`, `Fecha`, `Id_Funcionario`, `Observaciones`, `Numero_Comprobante_Banco`) VALUES
(82, 189, 2, 392, '2021-03-30 15:51:00', 9999999, '000', '101'),
(83, 202, 1, 407, '2021-05-26 08:56:08', 9999999, 'Se devuelve ', '213'),
(84, 203, 1, 428, '2021-09-17 17:16:52', 9999999, 'Fondos insuficientes', '344234');

--
-- Dumping data for table `Diario`
--

INSERT INTO `Diario` (`Id_Diario`, `Fecha`, `Hora_Apertura`, `Id_Funcionario`, `Caja_Apertura`, `Oficina_Apertura`, `Caja_Cierre`, `Oficina_Cierre`, `Hora_Cierre`, `Observacion`, `created_at`, `updated_at`) VALUES
(387, '2021-10-20', '08:23:46', 9999999, 1, 29, 0, 0, '00:00:00', NULL, NULL, NULL),
(383, '2021-10-15', '10:07:18', 37505783, 9, 29, 0, 0, '00:00:00', NULL, NULL, NULL),
(384, '2021-10-15', '10:07:20', 37505783, 9, 29, 0, 0, '00:00:00', NULL, NULL, NULL),
(385, '2021-10-15', '11:19:12', 1127922289, 9, 29, 0, 0, '00:00:00', NULL, NULL, NULL),
(386, '2021-10-15', '15:30:21', 13279597, 9, 29, 0, 0, '00:00:00', NULL, NULL, NULL),
(400, '2021-11-25', '09:36:23', 9999999, 1, 29, 0, 0, '00:00:00', NULL, NULL, NULL),
(399, '2021-11-24', '19:55:30', 1127922289, 9, 29, 0, 0, '00:00:00', NULL, NULL, NULL),
(398, '2021-11-24', '17:18:07', 1127922289, 9, 29, 0, 0, '00:00:00', NULL, NULL, NULL),
(397, '2021-11-22', '16:43:33', 9999999, 1, 29, 0, 0, '00:00:00', NULL, NULL, NULL),
(396, '2021-11-22', '10:59:44', 37505783, 9, 29, 0, 0, '00:00:00', NULL, NULL, NULL),
(395, '2021-11-17', '22:19:20', 1127922289, 9, 29, 0, 0, '00:00:00', NULL, NULL, NULL),
(394, '2021-10-26', '14:22:08', 37505783, 9, 29, 0, 0, '00:00:00', NULL, NULL, NULL),
(393, '2021-10-26', '14:05:08', 1127922289, 9, 29, 0, 0, '00:00:00', NULL, NULL, NULL),
(392, '2021-10-26', '13:58:28', 9999999, 44, 29, 0, 0, '00:00:00', NULL, NULL, NULL),
(391, '2021-10-25', '15:59:25', 13279597, 9, 29, 0, 0, '00:00:00', NULL, NULL, NULL),
(390, '2021-10-25', '15:38:17', 37505783, 9, 29, 0, 0, '00:00:00', NULL, NULL, NULL),
(389, '2021-10-25', '15:35:13', 1127922289, 9, 29, 0, 0, '00:00:00', NULL, NULL, NULL),
(388, '2021-10-25', '14:15:11', 9999999, 1, 29, 0, 0, '00:00:00', NULL, NULL, NULL),
(382, '2021-10-15', '09:52:38', 9999999, 44, 29, 0, 0, '00:00:00', NULL, NULL, NULL),
(380, '2021-10-14', '08:59:03', 91528067, 1, 29, 0, 0, '00:00:00', NULL, NULL, NULL),
(381, '2021-10-15', '09:19:48', 9999999, 1, 29, 1, 29, '09:1010:4444', 'Cierre automatico', NULL, '2021-10-15 14:39:44'),
(379, '2021-10-14', '08:52:18', 9999999, 1, 29, 0, 0, '00:00:00', NULL, NULL, NULL),
(378, '2021-10-13', '14:16:13', 91528067, 1, 29, 0, 0, '00:00:00', NULL, NULL, NULL),
(377, '2021-10-13', '10:32:22', 9999999, 1, 29, 0, 0, '00:00:00', NULL, NULL, NULL),
(373, '2021-10-12', '12:09:55', 9999999, 1, 29, 0, 0, '11:1010:5050', 'Cierre automatico', NULL, NULL),
(375, '2021-10-11', '11:16:29', 9999999, 1, 29, 1, 29, '11:1010:5050', 'Cierre automatico', NULL, '2021-10-12 16:19:50');

--
-- Dumping data for table `Diario_Consultor`
--

INSERT INTO `Diario_Consultor` (`Id_Diario_Consultor`, `Id_Funcionario`, `Fecha_Apertura`, `Hora_Apertura`, `Fecha_Cierre`, `Hora_Cierre`, `Id_Oficina`, `Id_Caja`) VALUES
(240, 987654321, '2021-08-26', '14:46:18', NULL, NULL, 29, 1),
(241, 9999999, '2021-09-04', '09:31:24', NULL, NULL, 29, 1),
(242, 987654321, '2021-09-17', '09:54:04', NULL, NULL, 29, 9),
(243, 9999999, '2021-09-17', '10:14:33', '2021-09-17', '11:33:48', 29, 1),
(244, 9999999, '2021-09-17', '11:35:38', '2021-09-17', '11:36:50', 29, 1),
(245, 9999999, '2021-09-17', '11:37:12', '2021-09-17', '11:38:00', 29, 1),
(246, 9999999, '2021-09-17', '11:38:29', NULL, NULL, 29, 1),
(247, 9999999, '2021-09-17', '11:38:31', NULL, NULL, 29, 1),
(248, 9999999, '2021-09-17', '11:38:32', NULL, NULL, 29, 1),
(249, 9999999, '2021-09-17', '11:38:33', NULL, NULL, 29, 1),
(250, 9999999, '2021-09-17', '11:38:33', NULL, NULL, 29, 1),
(251, 9999999, '2021-09-17', '11:38:33', NULL, NULL, 29, 1),
(252, 9999999, '2021-09-17', '11:38:34', NULL, NULL, 29, 1),
(253, 9999999, '2021-09-17', '11:38:34', NULL, NULL, 29, 1),
(254, 9999999, '2021-09-17', '11:38:34', NULL, NULL, 29, 1),
(255, 9999999, '2021-09-17', '11:38:45', NULL, NULL, 29, 1),
(256, 9999999, '2021-09-17', '11:38:58', '2021-09-17', '11:40:19', 29, 1),
(257, 9999999, '2021-09-17', '12:08:11', NULL, NULL, 29, 9),
(258, 987654321, '2021-09-20', '10:41:41', NULL, NULL, 29, 9),
(259, 9999999, '2021-09-21', '09:26:55', NULL, NULL, 29, 1),
(260, 9999999, '2021-09-24', '10:22:33', NULL, NULL, 29, 44),
(261, 9999999, '2021-09-24', '10:22:39', NULL, NULL, 29, 44),
(262, 9999999, '2021-10-07', '14:01:20', NULL, NULL, 29, 1),
(263, 9999999, '2021-10-12', '13:33:35', NULL, NULL, 29, 1),
(264, 9999999, '2021-10-14', '15:48:57', NULL, NULL, 29, 1),
(265, 9999999, '2021-10-15', '09:31:48', NULL, NULL, 29, 44),
(266, 13279597, '2021-10-26', '14:27:33', NULL, NULL, 29, 9),
(267, 9999999, '2021-10-26', '14:29:19', NULL, NULL, 29, 44);

--
-- Dumping data for table `Diario_Cuenta`
--

INSERT INTO `Diario_Cuenta` (`Id_Diario_Cuenta`, `Id_Diario_Consultor`, `Id_Cuenta_Bancaria`, `Monto_Apertura`, `Monto_Cierre`, `Fecha_Registro`) VALUES
(301, 240, 2, '0.00', NULL, '2021-08-26 14:46:18'),
(302, 241, 10, '0.00', NULL, '2021-09-04 09:31:24'),
(303, 242, 27, '100000000.00', NULL, '2021-09-17 09:54:04'),
(304, 243, 13, '0.00', '0.00', '2021-09-17 10:14:33'),
(305, 244, 13, '0.00', '0.00', '2021-09-17 11:35:38'),
(306, 245, 25, '1000000000.00', '1000000000.00', '2021-09-17 11:37:12'),
(307, 256, 24, '1025411000.00', '1025411000.00', '2021-09-17 11:38:58'),
(308, 257, 24, '50000.00', NULL, '2021-09-17 12:08:11'),
(309, 258, 25, '1000000000.00', NULL, '2021-09-20 10:41:41'),
(310, 259, 13, '0.00', NULL, '2021-09-21 09:26:55'),
(311, 260, 30, '15000000.00', NULL, '2021-09-24 10:22:33'),
(312, 261, 30, '15000000.00', NULL, '2021-09-24 10:22:39'),
(313, 262, 10, '0.00', NULL, '2021-10-07 14:01:20'),
(314, 263, 2, '0.00', NULL, '2021-10-12 13:33:35'),
(315, 264, 1, '0.00', NULL, '2021-10-14 15:48:57'),
(316, 265, 24, '0.00', NULL, '2021-10-15 09:31:48'),
(317, 266, 13, '0.00', NULL, '2021-10-26 14:27:33'),
(318, 267, 25, '0.00', NULL, '2021-10-26 14:29:19');

--
-- Dumping data for table `Diario_Moneda_Apertura`
--

INSERT INTO `Diario_Moneda_Apertura` (`Id_Diario_Moneda_Apertura`, `Id_Diario`, `Id_Moneda`, `Valor_Moneda_Apertura`, `Fecha_Registro`) VALUES
(1241, 375, 1, '0.0000', '2021-10-11 11:16:29'),
(1242, 375, 2, '0.0000', '2021-10-11 11:16:29'),
(1243, 375, 12, '0.0000', '2021-10-11 11:16:29'),
(1244, 376, 1, '0.0000', '2021-10-12 12:09:55'),
(1245, 376, 2, '0.0000', '2021-10-12 12:09:55'),
(1246, 376, 12, '1000.0000', '2021-10-12 12:09:55'),
(1247, 377, 1, '0.0000', '2021-10-13 10:32:22'),
(1248, 377, 2, '0.0000', '2021-10-13 10:32:22'),
(1249, 377, 12, '1000.0000', '2021-10-13 10:32:22'),
(1250, 378, 1, '0.0000', '2021-10-13 14:16:13'),
(1251, 378, 2, '0.0000', '2021-10-13 14:16:13'),
(1252, 378, 12, '0.0000', '2021-10-13 14:16:13'),
(1253, 379, 1, '0.0000', '2021-10-14 08:52:18'),
(1254, 379, 2, '0.0000', '2021-10-14 08:52:18'),
(1255, 379, 12, '0.0000', '2021-10-14 08:52:18'),
(1256, 380, 1, '0.0000', '2021-10-14 08:59:03'),
(1257, 380, 2, '0.0000', '2021-10-14 08:59:03'),
(1258, 380, 12, '0.0000', '2021-10-14 08:59:03'),
(1259, 381, 1, '0.0000', '2021-10-15 09:19:48'),
(1260, 381, 2, '0.0000', '2021-10-15 09:19:48'),
(1261, 381, 12, '0.0000', '2021-10-15 09:19:48'),
(1262, 382, 1, '0.0000', '2021-10-15 09:52:38'),
(1263, 382, 2, '55000.0000', '2021-10-15 09:52:38'),
(1264, 382, 12, '0.0000', '2021-10-15 09:52:38'),
(1265, 383, 1, '0.0000', '2021-10-15 10:07:18'),
(1266, 383, 2, '0.0000', '2021-10-15 10:07:18'),
(1267, 383, 12, '0.0000', '2021-10-15 10:07:18'),
(1268, 384, 1, '0.0000', '2021-10-15 10:07:20'),
(1269, 384, 2, '0.0000', '2021-10-15 10:07:20'),
(1270, 384, 12, '0.0000', '2021-10-15 10:07:20'),
(1271, 385, 1, '0.0000', '2021-10-15 11:19:12'),
(1272, 385, 2, '0.0000', '2021-10-15 11:19:12'),
(1273, 385, 12, '0.0000', '2021-10-15 11:19:12'),
(1274, 386, 1, '0.0000', '2021-10-15 15:30:21'),
(1275, 386, 2, '0.0000', '2021-10-15 15:30:21'),
(1276, 386, 12, '0.0000', '2021-10-15 15:30:21'),
(1277, 387, 1, '0.0000', '2021-10-20 08:23:46'),
(1278, 387, 2, '0.0000', '2021-10-20 08:23:46'),
(1279, 387, 12, '0.0000', '2021-10-20 08:23:46'),
(1280, 388, 1, '0.0000', '2021-10-25 14:15:11'),
(1281, 388, 2, '0.0000', '2021-10-25 14:15:11'),
(1282, 388, 12, '0.0000', '2021-10-25 14:15:11'),
(1283, 389, 1, '0.0000', '2021-10-25 15:35:13'),
(1284, 389, 2, '0.0000', '2021-10-25 15:35:13'),
(1285, 389, 12, '0.0000', '2021-10-25 15:35:13'),
(1286, 390, 1, '0.0000', '2021-10-25 15:38:17'),
(1287, 390, 2, '0.0000', '2021-10-25 15:38:17'),
(1288, 390, 12, '0.0000', '2021-10-25 15:38:17'),
(1289, 391, 1, '0.0000', '2021-10-25 15:59:25'),
(1290, 391, 2, '0.0000', '2021-10-25 15:59:25'),
(1291, 391, 12, '0.0000', '2021-10-25 15:59:25'),
(1292, 392, 1, '0.0000', '2021-10-26 13:58:28'),
(1293, 392, 2, '0.0000', '2021-10-26 13:58:28'),
(1294, 392, 12, '0.0000', '2021-10-26 13:58:28'),
(1295, 393, 1, '0.0000', '2021-10-26 14:05:08'),
(1296, 393, 2, '0.0000', '2021-10-26 14:05:08'),
(1297, 393, 12, '0.0000', '2021-10-26 14:05:08'),
(1298, 394, 1, '0.0000', '2021-10-26 14:22:08'),
(1299, 394, 2, '0.0000', '2021-10-26 14:22:08'),
(1300, 394, 12, '0.0000', '2021-10-26 14:22:08'),
(1301, 395, 1, '0.0000', '2021-11-17 22:19:20'),
(1302, 395, 2, '0.0000', '2021-11-17 22:19:20'),
(1303, 395, 12, '0.0000', '2021-11-17 22:19:20'),
(1304, 396, 1, '0.0000', '2021-11-22 10:59:44'),
(1305, 396, 2, '0.0000', '2021-11-22 10:59:44'),
(1306, 396, 12, '0.0000', '2021-11-22 10:59:44'),
(1307, 397, 1, '0.0000', '2021-11-22 16:43:33'),
(1308, 397, 2, '0.0000', '2021-11-22 16:43:33'),
(1309, 397, 12, '0.0000', '2021-11-22 16:43:33'),
(1310, 398, 1, '0.0000', '2021-11-24 17:18:07'),
(1311, 398, 2, '0.0000', '2021-11-24 17:18:07'),
(1312, 398, 12, '0.0000', '2021-11-24 17:18:07'),
(1313, 399, 1, '0.0000', '2021-11-24 19:55:30'),
(1314, 399, 2, '0.0000', '2021-11-24 19:55:30'),
(1315, 399, 12, '0.0000', '2021-11-24 19:55:30'),
(1316, 400, 1, '0.0000', '2021-11-25 09:36:23'),
(1317, 400, 2, '0.0000', '2021-11-25 09:36:23'),
(1318, 400, 12, '0.0000', '2021-11-25 09:36:23');

--
-- Dumping data for table `Diario_Moneda_Cierre`
--

INSERT INTO `Diario_Moneda_Cierre` (`Id_Diario_Moneda_Cierre`, `Id_Diario`, `Id_Moneda`, `Valor_Moneda_Cierre`, `Valor_Diferencia`, `Fecha_Registro`, `created_at`, `updated_at`) VALUES
(16, 375, 1, '0', '0', '2021-10-11 11:19:50', '2021-10-12 16:19:50', '2021-10-12 16:19:50'),
(17, 375, 2, '0', '0', '2021-10-11 11:19:50', '2021-10-12 16:19:50', '2021-10-12 16:19:50'),
(18, 375, 12, '1000', '0', '2021-10-11 11:19:50', '2021-10-12 16:19:50', '2021-10-12 16:19:50'),
(19, 381, 1, '0', '0', '2021-10-15 09:39:44', '2021-10-15 14:39:44', '2021-10-15 14:39:44'),
(20, 381, 2, '55000', '0', '2021-10-15 09:39:44', '2021-10-15 14:39:44', '2021-10-15 14:39:44'),
(21, 381, 12, '0', '0', '2021-10-15 09:39:44', '2021-10-15 14:39:44', '2021-10-15 14:39:44');

--
-- Dumping data for table `Direcciones_Mac`
--

INSERT INTO `Direcciones_Mac` (`MAC`, `Ip_Publica`, `Ip_Privada`) VALUES
('E0:69:95:62:62:5D', '181.236.253.70', '192.168.1.9'),
('E0:69:95:C3:94:4B', '181.236.252.67', '192.168.1.3');

--
-- Dumping data for table `Egreso`
--

INSERT INTO `Egreso` (`Id_Egreso`, `Id_Tercero`, `Id_Moneda`, `Id_Oficina`, `Valor`, `Detalle`, `Identificacion_Funcionario`, `Fecha`, `Estado`, `Codigo`, `created_at`, `updated_at`) VALUES
(38, '12356', 2, 29, 500, '000', 1127922289, '2021-06-21 11:35:27', 'Activo', 'EGR200177', '2021-06-21 16:35:27', '2021-06-21 16:35:27'),
(39, '12356', 2, 29, 235000, 'Pago de aseo de la semana', 1127922289, '2021-06-23 12:45:17', 'Activo', 'EGR200178', '2021-06-23 17:45:17', '2021-06-23 17:45:17'),
(40, '12356', 2, 29, 283000, 'Compra de Avioneta', 1127922289, '2021-07-02 17:26:24', 'Activo', 'EGR200179', '2021-07-02 22:26:24', '2021-07-02 22:26:24'),
(41, '12356', 2, 29, 475000, 'algo que pidieron', 1127922289, '2021-08-12 16:09:06', 'Activo', 'EGR200180', '2021-08-12 21:09:06', '2021-08-12 21:09:06'),
(42, '12356', 2, 29, 200000, 'Para pagar almuerzo', 37505783, '2021-09-15 15:20:03', 'Activo', 'EGR200181', '2021-09-15 20:20:03', '2021-09-15 20:20:03'),
(43, '12356', 2, 29, 500000, 'Pidio para pagar el almuerzo.', 37505783, '2021-09-17 08:56:36', 'Activo', 'EGR200182', '2021-09-17 13:56:37', '2021-09-17 13:56:37'),
(44, '12356', 2, 29, 50000, 'fasdffasd', 1127922289, '2021-09-20 11:18:52', 'Activo', 'EGR200183', '2021-09-20 16:18:52', '2021-09-20 16:18:52'),
(45, '12356', 2, 29, 1, 'obs', 9999999, '2021-10-07 14:08:48', 'Activo', 'EGR200184', '2021-10-07 19:08:48', '2021-10-07 19:08:48'),
(46, '12356', 2, 29, 25000, 'Muestra egreso', 9999999, '2021-10-08 15:38:38', 'Activo', 'EGR200185', '2021-10-08 20:38:38', '2021-10-08 20:38:38'),
(47, '12356', 12, 29, 1, 'un peso egresado de tipo de cliente - carmen c', 9999999, '2021-10-13 11:19:56', 'Activo', 'EGR200186', '2021-10-13 16:19:56', '2021-10-13 16:19:56'),
(48, '12356', 2, 29, 100, 'EGRS', 9999999, '2021-10-15 09:53:00', 'Activo', 'EGR200187', '2021-10-15 14:53:00', '2021-10-15 14:53:00'),
(49, '12356', 2, 29, 200000, 'aYUDA', 37505783, '2021-10-15 10:33:44', 'Activo', 'EGR200188', '2021-10-15 15:33:44', '2021-10-15 15:33:44'),
(50, '12358', 2, 29, 725000, 'Pago factura internet', 1127922289, '2021-10-15 11:23:46', 'Activo', 'EGR200189', '2021-10-15 16:23:46', '2021-10-15 16:23:46');

--
-- Dumping data for table `fomapagos`
--

INSERT INTO `fomapagos` (`nombre`, `descripcion`, `id`) VALUES
('Efectivo', 'se paga face to face', 1),
('Crédito', 'se paga later', 3);

--
-- Dumping data for table `Funcionario`
--

INSERT INTO `Funcionario` (`Identificacion_Funcionario`, `Suspendido`, `Liquidado`, `Nombres`, `Apellidos`, `Id_Grupo`, `Id_Dependencia`, `Id_Cargo`, `Id_Perfil`, `Fecha_Nacimiento`, `Lugar_Nacimiento`, `Tipo_Sangre`, `Telefono`, `Celular`, `Correo`, `Direccion_Residencia`, `Estado_Civil`, `Grado_Instruccion`, `Titulo_Estudio`, `Talla_Pantalon`, `Talla_Bata`, `Talla_Botas`, `Talla_Camisa`, `Username`, `Password`, `Imagen`, `Autorizado`, `Salario`, `Bonos`, `Fecha_Ingreso`, `Hijos`, `Ultima_Sesion`, `Fecha_Registrado`, `personId`, `persistedFaceId`, `Tipo_Turno`, `Id_Turno`, `Id_Proceso`, `Lider_Grupo`, `Fecha_Retiro`, `Sexo`, `Jefe`, `Salarios`, `Reporte_HE`, `Validacion_HE`, `Reporte_Horario`, `Asignacion_Horario`, `Funcionarios`, `Indicadores`, `Configuracion`, `Llegada_Tarde`, `Novedades`, `Permiso_App`, `Contrato`, `Afiliaciones`, `Gcm_Id`, `Estado`, `Saldo_Inicial_Peso`, `Saldo_Inicial_Bolivar`) VALUES
(12345, 'NO', 'NO', 'Augusto A', 'Carrillo L', 1, 1, 5, 2, '1988-07-16', 'Maracay, Venezuela', 'O+', '6043966', '3173824618', 'augustoacarrillo@gmail.com', 'Calle 35 # 23-01', 'Casado(a)', 'Profesional', 'Ing', '0', '0', '0', '0', '827ccb0eea8a706c4c34a16891f84e7b', '01cfcd4f6b8770febfb40cb906715822', '5b58fcdf7f5df.jpg', 'Si', 0, '0', '2018-01-01', 0, '0000-00-00 00:00:00', '2018-11-14 18:43:47', '0', '0', 'Libre', 0, 0, 0, '2100-12-31', 'Masculino', 0, 'Si', 'Si', 'Si', 'Si', 'Si', 'Si', 'Si', 'Si', 'Si', 'Si', 'Si', 'asd', 'asd', '1', 'Activo', 0, 0),
(123456, 'NO', 'NO', 'Magthel Michael', 'Gomez Bastos', 1, 8, 13, 1, '1990-10-24', 'Saravena', 'A+', '8860022', '1112000', 'correoconsultor@hym.com', '1132123', 'Casado(a)', 'Profesionales', 'Contador', '28', '', '40', 'M', 'e10adc3949ba59abbe56e057f20f883e', 'e10adc3949ba59abbe56e057f20f883e', NULL, 'Si', 2000000, '', '2018-10-24', 1, '0000-00-00 00:00:00', '2020-12-08 21:22:38', '', '', 'Fijo', 0, 0, 0, '2100-12-31', '', 0, 'No', 'No', 'No', 'No', 'No', 'No', 'No', 'No', 'No', 'No', 'Si', '', '', '', 'Activo', 200000, 20000),
(574673, 'NO', 'NO', 'Andres ', 'Perez', 1, 1, 3, 3, '2019-01-01', 'sdfsd', 'O+', '21651', '31521651', 'a@mail.com', 'asdasd', 'Soltero(a)', 'Primarios', 'sdgfvsdyufbs', '0', '0', '33', 'XS', '20e7c88ac09f889ad9c1dc6d051348a6', '20e7c88ac09f889ad9c1dc6d051348a6', '0', 'No', 2135165, '0', '2019-01-01', 0, '0000-00-00 00:00:00', '2020-12-08 21:22:24', '0', '0', 'Fijo', 0, 0, 0, '2100-12-31', '0', 0, 'No', 'No', 'No', 'No', 'No', 'No', 'No', 'No', 'No', 'No', 'Si', '0', '0', '0', 'Inactivo', 152458, 256325),
(1524854, 'NO', 'NO', 'Cajera ', 'Yarly', 1, 1, 3, 3, '2019-01-01', 'asdad', 'O-', '23165', '16516', 'a@mail.com', 'asdasd', 'Soltero(a)', 'Primarios', 'sadasdasd', '0', '0', '33', 'XS', '5bcddf415a241cb5f86632122dfa83a1', '5bcddf415a241cb5f86632122dfa83a1', '0', 'Si', 3615, '0', '2019-01-01', 0, '0000-00-00 00:00:00', '2020-12-22 20:52:50', '0', '0', 'Fijo', 0, 0, 0, '2100-12-31', '0', 0, 'No', 'No', 'No', 'No', 'No', 'No', 'No', 'No', 'No', 'No', 'Si', '0', '0', '0', 'Activo', 512651, 3651651),
(2021002, 'NO', 'NO', 'Deisy', 'Chacon Perez', 1, 1, 3, 3, '1993-02-09', 'Toledo', 'O+', '0', '3108068146', 'deisy2652@gmail.com', 'Cll 34 13-39 La Esperanza', 'Soltero(a)', 'Tecnologos', 'Seguridad Industrial', '8', '0', '34', 'S', '445ac03ad48c8be95d0d2a926baf2041', '445ac03ad48c8be95d0d2a926baf2041', '0', 'Si', 1000000, '0', '2021-05-05', 1, '2000-01-01 05:00:00', '2021-05-05 20:51:36', '0', '0', '', 0, 0, 0, '2100-12-31', '0', 0, 'No', 'No', 'No', 'No', 'No', 'No', 'No', 'No', 'No', 'No', 'Si', '0', '0', '0', 'Activo', 0, 0),
(5555655, 'NO', 'NO', 'Fernanda', 'Palencia', 1, 8, 13, 1, '2018-10-24', 'Bucaramanga', 'O+', '12312312', '213123', 'correo@correcoempresa.com', '21qqew', 'Soltero(a)', 'Profesionales', 'ingeniera', '30', '0', '43', 'XL', '8fb957a5f91a3fe522a1781fab355d2d', '8fb957a5f91a3fe522a1781fab355d2d', NULL, 'Si', 1500000, '0', '2018-10-24', 1, '0000-00-00 00:00:00', '2020-12-08 21:22:29', '0', '0', 'Fijo', 0, 0, 0, '2100-12-31', '0', 0, 'No', 'No', 'No', 'No', 'No', 'No', 'No', 'No', 'No', 'No', 'Si', '0', '0', '0', 'Activo', 1500000, 150000),
(9999999, 'NO', 'NO', 'Gerente', 'Gerencia', 1, 3, 13, 6, '2000-01-01', 'Bucaramanga', 'A+', '99999', '9999', '9999', '99999', 'Soltero(a)', 'Primarios', '89999', '18', '0', '43', 'XS', '283f42764da6dba2522412916b031080', '283f42764da6dba2522412916b031080', '0', 'Si', 1200000, '0', '2000-01-01', 2, '0000-00-00 00:00:00', '2020-12-22 20:52:54', '0', '0', 'Fijo', 0, 0, 0, '2100-12-31', '0', 0, 'No', 'No', 'No', 'No', 'No', 'No', 'No', 'No', 'No', 'No', 'Si', '0', '0', '0', 'Activo', 150000, 260000),
(13279597, 'NO', 'NO', 'Michael', 'Gomez', 1, 3, 4, 6, '2001-01-01', 'Bucaramanga', 'A+', '8835101', '3134776899', 'magthel@hotmail.com', 'Cra 16 27-05', 'Casado(a)', 'Profesionales', 'Ingeniero en Mecatronica', '38', '0', '43', 'XL', 'e3c8b64d1b4f8c09f15f98a3018523dc', 'e3c8b64d1b4f8c09f15f98a3018523dc', '0', 'Si', 0, '0', '2015-10-01', 2, '2000-01-01 05:00:00', '2021-05-13 01:12:24', '0', '0', '', 0, 0, 0, '2100-12-31', '0', 0, 'No', 'No', 'No', 'No', 'No', 'No', 'No', 'No', 'No', 'No', 'Si', '0', '0', '0', 'Activo', 0, 0),
(19355432, 'NO', 'NO', 'Hexmar Eduardo', 'Brito Torrealba', 1, 3, 5, 4, '1988-05-17', 'VENEZUELA', '0', '0', '3212211213', 'hexmarbrito17@gmail.com', 'barrio charala ', 'Soltero(a)', '0', '0', '34', '0', '38', 'M', 'cd33dfec888c9677455f502ae5791acd', 'cd33dfec888c9677455f502ae5791acd', '0', 'Si', 0, NULL, '1111-01-01', 0, '2000-01-01 05:00:00', '2021-05-18 18:07:44', NULL, '', '', 0, 0, 0, '2100-12-31', NULL, 0, 'No', 'No', 'No', 'No', 'No', 'No', 'No', 'No', 'No', 'No', 'Si', '', '', '', 'Activo', 0, 0),
(37390830, 'NO', 'NO', 'Mayerly', 'Arevalo', 1, 3, 4, 6, '2001-01-01', 'Cucuta', '0', '0', '3107957932', '0', 'Cra 4 2-08', 'Casado(a)', 'Profesionales', 'Admin', '8', '0', '37', 'S', '6a22be4173351ef56d907dd5b974e202', '6a22be4173351ef56d907dd5b974e202', '0', 'Si', 0, '0', '1111-11-11', 0, '2000-01-01 05:00:00', '2021-05-13 19:01:59', '0', '0', '', 0, 0, 0, '2100-12-31', '0', 0, 'No', 'No', 'No', 'No', 'No', 'No', 'No', 'No', 'No', 'No', 'Si', '0', '0', '0', 'Activo', 0, 0),
(37505783, 'NO', 'NO', 'Mabel', 'Quintero', 4, 1, 6, 2, '1111-01-01', 'Saravena', 'O+', '5', '3130001111', 'mabel@harolda.com', 'Cra 16 27-05', 'Casado(a)', 'Profesionales', 'ADMIN', '2', '0', '36', 'S', 'ff08771c4d7ebe0c59f8cf1cee05a4e4', 'ff08771c4d7ebe0c59f8cf1cee05a4e4', '0', 'Si', 50, '0', '1900-01-01', 2, '2000-01-01 05:00:00', '2020-12-28 12:41:26', '0', '0', '', 0, 0, 0, '2100-12-31', '0', 0, 'No', 'No', 'No', 'No', 'No', 'No', 'No', 'No', 'No', 'No', 'Si', '0', '0', '0', 'Activo', 0, 0),
(91100100, 'NO', 'NO', 'Eduardo', 'Cajero Principal', 4, 3, 6, 2, '2000-01-01', 'buga', 'A-', '0', '6', '0', '6', '0', '0', '0', '0', '0', '0', '0', '91100100', 'b07ab09eef14cc5a2bd44c5f9d58a9c0', '0', 'Si', 1200000, '0', '2000-12-01', 0, '2000-01-01 05:00:00', '2021-03-01 15:41:29', '0', '0', '', 0, 0, 0, '2100-12-31', '0', 0, 'No', 'No', 'No', 'No', 'No', 'No', 'No', 'No', 'No', 'No', 'Si', '0', '0', '0', 'Activo', 0, 0),
(91200200, 'NO', 'NO', 'Eduardo ', 'Cajero', 4, 3, 3, 3, '2000-01-01', '0', '0', '0', '9', '0', 'Calle con Carrera.', '0', '0', '0', '0', '0', '0', '0', '9e271092bc42637ca681fdb99108675b', '9e271092bc42637ca681fdb99108675b', '0', 'Si', 1200, '0', '2020-01-01', 0, '2000-01-01 05:00:00', '2021-03-01 19:46:11', '0', '0', '', 0, 0, 0, '2100-12-31', '0', 0, 'No', 'No', 'No', 'No', 'No', 'No', 'No', 'No', 'No', 'No', 'Si', '0', '0', '0', 'Activo', 0, 0),
(91300300, 'NO', 'NO', 'Eduardo', 'Recaudador', 4, 3, 5, 100, '2000-02-10', '0', '0', '0', '3122525600', '0', '6', '0', '0', '0', '0', '0', '0', '0', '2c76e80d3d155fbb33864b00a365344f', '2c76e80d3d155fbb33864b00a365344f', '0', 'Si', 1200, '0', '2000-01-01', 0, '2000-01-01 05:00:00', '2021-03-01 15:45:18', '0', '0', '', 0, 0, 0, '2100-12-31', '0', 0, 'No', 'No', 'No', 'No', 'No', 'No', 'No', 'No', 'No', 'No', 'Si', '0', '0', '0', 'Activo', 0, 0),
(91355281, 'NO', 'NO', 'Jose Alexander', 'Rincon Pinilla', 1, 1, 3, 3, '1983-11-02', 'Saravena', 'O+', '0', '3133880418', 'Alexrin3@outlook.com', 'Carrera 31A 24-55 La Granja', 'Casado(a)', 'Secundarios', 'Bachiller', '30', '0', '37', 'S', 'b13d54989a4f575605301954f00965e1', 'b13d54989a4f575605301954f00965e1', '0', 'Si', 0, NULL, '2015-03-13', 1, '2000-01-01 05:00:00', '2021-05-18 16:38:03', NULL, '', '', 0, 0, 0, '2100-12-31', NULL, 0, 'No', 'No', 'No', 'No', 'No', 'No', 'No', 'No', 'No', 'No', 'Si', '', '', '', 'Activo', 0, 0),
(91500200, 'NO', 'NO', 'Eduardo ', 'Consultor', 4, 3, 13, 4, '2000-10-10', 'Bucaramanga', 'O+', '0', '3502122020', '0', 'Calle con Carrera.', '0', '0', '0', '0', '0', '0', '0', '91500200', '1a88fe895254242f9a57f2897b6e0368', '0', 'Si', 1200000, '0', '2020-12-01', 0, '2000-01-01 05:00:00', '2021-03-01 19:46:09', '0', '0', '', 0, 0, 0, '2100-12-31', '0', 0, 'No', 'No', 'No', 'No', 'No', 'No', 'No', 'No', 'No', 'No', 'Si', '0', '0', '0', 'Activo', 0, 0),
(91500500, 'NO', 'NO', 'Eduardo', 'Gerente', 1, 7, 1, 6, '2000-01-10', 'Caucacia', 'B+', '0', '3504445566', 'correo789@gmail.com', 'calle con carrera', '0', '0', '0', '0', '0', '0', '0', '91500500', 'd3b77790944bf7509e0a3671cbcd075d', '0', 'Si', 1800000, '0', '2020-12-01', 0, '2000-01-01 05:00:00', '2021-03-01 16:02:10', '0', '0', '', 0, 0, 0, '2100-12-31', '0', 0, 'No', 'No', 'No', 'No', 'No', 'No', 'No', 'No', 'No', 'No', 'Si', '0', '0', '0', 'Activo', 0, 0),
(91528067, 'NO', 'NO', 'Eduardo', 'Administrador', 4, 3, 6, 1, '1984-04-10', 'Bucaramanga', 'O+', '6445566', '3505707579', 'luis.silva@corvuslab.co', 'Calle con Carrera.', 'Soltero(a)', 'Profesionales', 'Especialista en Redes y Telecomunicaciones', '0', '0', '0', '0', 'e4c67fd451113c834043f6af3e22481a', 'e4c67fd451113c834043f6af3e22481a', '0', 'Si', 1800000, '0', '2020-12-01', 0, '2000-01-01 05:00:00', '2021-03-03 17:34:17', '0', '0', '', 0, 0, 0, '2100-12-31', '0', 0, 'No', 'No', 'No', 'No', 'No', 'No', 'No', 'No', 'No', 'No', 'Si', '0', '0', '0', 'Activo', 0, 0),
(513549845, 'NO', 'NO', 'Tatiana Cajera', 'Arauquita', 1, 1, 3, 3, '1985-01-01', 'BARINAS', 'A+', '31651', '251615', 'tati@mail.com', 'En algun lugar de Arauquita', 'Divorciado(a)', 'Tecnologos', 'Jummm', 'NA', '0', 'NA', 'NA', '36ea4f5412ba151ce7cdb625cd9c2b57', '36ea4f5412ba151ce7cdb625cd9c2b57', NULL, 'Si', 1216516, '0', '2019-01-01', 1, '0000-00-00 00:00:00', '2019-09-20 21:07:25', '0', '0', 'Fijo', 0, 0, 0, '2100-12-31', '0', 0, 'No', 'No', 'No', 'No', 'No', 'No', 'No', 'No', 'No', 'No', 'Si', '0', '0', '0', 'Activo', 10000000, 25000),
(987654321, 'NO', 'NO', 'Consultor', 'Transferencias', 1, 1, 1, 4, '1993-11-03', 'Bucaramanga', 'A+', '6544654654', '65465465', '4564654', '654654564', 'Soltero(a)', 'Primarios', '56456', '8', '0', '33', 'S', '6ebe76c9fb411be97b3b0d48b791a7c9', '25f9e794323b453885f5181f1b624d0b', '0', 'Si', 784494, '0', '2018-10-25', 0, '0000-00-00 00:00:00', '2020-12-23 19:05:39', '0', '0', 'Fijo', 0, 0, 0, '2100-12-31', '0', 0, 'No', 'No', 'No', 'No', 'No', 'No', 'No', 'No', 'No', 'No', 'Si', '0', '0', '0', 'Activo', 1500000, 150000),
(1000123456, 'NO', 'NO', 'Camilo', 'Cajero', 4, 3, 3, 3, '2000-01-10', 'Bucaramanga', 'O+', '0', '3201212123', '0', 'Calle con Carrera.', '0', '0', '0', '0', '0', '0', '0', '1000123456', '82615ed7fe990524d0bd02982a0a562d', '0', 'Si', 1200000, '0', '2020-01-01', 0, '2000-01-01 05:00:00', '2020-12-18 19:43:40', '0', '0', '', 0, 0, 0, '2100-12-31', '0', 0, 'No', 'No', 'No', 'No', 'No', 'No', 'No', 'No', 'No', 'No', 'Si', '0', '0', '0', 'Activo', 0, 0),
(1116495248, 'NO', 'NO', 'Oscar Eduardo ', 'Maldonado Martinez ', 1, 1, 6, 2, '1988-01-24', 'Arauquita ', 'O+', '0', '3167151482', 'Pocho-k74@hotmail.com', 'Diagonal 1 numero 0170 barrio fundadores arauca capital ', 'Union Libre', 'Tecnicos', 'Contabilidad y finanzas ', '32', '0', '38', 'S', '4144bb441feaf3214b88511eabbe14db', '4144bb441feaf3214b88511eabbe14db', '0', 'Si', 0, NULL, '1111-01-01', 2, '2000-01-01 05:00:00', '2021-05-18 18:07:44', NULL, '', '', 0, 0, 0, '2100-12-31', NULL, 0, 'No', 'No', 'No', 'No', 'No', 'No', 'No', 'No', 'No', 'No', 'Si', '', '', '', 'Activo', 0, 0),
(1116496808, 'NO', 'NO', 'Iris Maria', 'Rangel Hernandez ', 1, 3, 13, 5, '1990-04-20', 'Tame', 'O+', '0', '3102042415', 'Irisrangel25@gmail.com', 'Calle 8  2-24', 'Union Libre', '0', '0', '0', '0', '0', '0', 'b2d2d06910f8eea8e53766b23672197a', 'b2d2d06910f8eea8e53766b23672197a', '0', 'Si', 0, '0', '2021-01-01', 0, '2000-01-01 05:00:00', '2021-05-14 19:55:42', '0', '0', '', 0, 0, 0, '2100-12-31', '0', 0, 'No', 'No', 'No', 'No', 'No', 'No', 'No', 'No', 'No', 'No', 'Si', '0', '0', '0', 'Activo', 0, 0),
(1116498041, 'NO', 'NO', 'Mayerly', 'Medina Martinez', 1, 1, 3, 2, '1992-01-13', 'SARAVENA', 'O+', '0', '3124971204', 'mayer.medina@gmail.com', 'PUEBLO NUEVO', 'Union Libre', 'Tecnicos', 'PRODUCCION DE INFORMACION ADMINISTRATIVA', '6', '0', '36', 'XS', 'f05cca56c08df19be88c5a2f667ba770', 'f05cca56c08df19be88c5a2f667ba770', '0', 'Si', 0, NULL, '1111-01-01', 1, '2000-01-01 05:00:00', '2021-05-18 18:07:44', NULL, '', '', 0, 0, 0, '2100-12-31', NULL, 0, 'No', 'No', 'No', 'No', 'No', 'No', 'No', 'No', 'No', 'No', 'Si', '', '', '', 'Activo', 0, 0),
(1116797333, 'NO', 'NO', 'Jairo', 'Briceno', 1, 1, 3, 3, '1993-11-03', 'Arauca', 'A+', '564654', '654', '654', '654', 'Soltero(a)', 'Profesionales', '65465', '36', '', '39', 'M', 'b3f4a9e55a7387827dde151926f90c47', 'b3f4a9e55a7387827dde151926f90c47', NULL, 'Si', 1500000, '', '2018-01-01', 0, '0000-00-00 00:00:00', '2019-09-20 21:07:25', '', '', 'Fijo', 0, 0, 0, '2100-12-31', '', 0, 'No', 'No', 'No', 'No', 'No', 'No', 'No', 'No', 'No', 'No', 'Si', '', '', '', 'Activo', 150000, 1500),
(1127922289, 'NO', 'NO', 'June Verlaine', 'Pena Mosqueda', 1, 1, 3, 3, '1987-08-31', 'Barinas', 'O+', '0', '3105528660', 'juneth22@gmail.com', 'Cra 20 26-62', 'Casado(a)', 'Profesionales', 'Ingeniero Electricista', '34', '0', '40', 'M', '36885aa4811b1619555ff1160a578d36', '36885aa4811b1619555ff1160a578d36', '0', 'Si', 1000000, '0', '2021-05-05', 0, '2000-01-01 05:00:00', '2021-05-05 20:51:36', '0', '0', '', 0, 0, 0, '2100-12-31', '0', 0, 'No', 'No', 'No', 'No', 'No', 'No', 'No', 'No', 'No', 'No', 'Si', '0', '0', '0', 'Activo', 0, 0),
(1152216408, 'NO', 'NO', 'Lilibeth ', 'Gallego', 1, 3, 13, 5, '1996-12-23', 'Arauca', 'O-', '0', '3138501581', 'Liliarauquita2015@gmail.com', 'Cra 10 NÂ° 7-36', 'Soltero(a)', '0', '0', '6', '0', '35', 'XS', '32e26d987bb6272981441f1f8a72d790', '32e26d987bb6272981441f1f8a72d790', '0', 'Si', 0, NULL, '1111-01-01', 0, '2000-01-01 05:00:00', '2021-05-18 18:07:44', NULL, '', '', 0, 0, 0, '2100-12-31', NULL, 0, 'No', 'No', 'No', 'No', 'No', 'No', 'No', 'No', 'No', 'No', 'Si', '', '', '', 'Activo', 0, 0),
(1231231231, 'NO', 'NO', 'Enela', 'Florez', 1, 1, 1, 3, '1993-01-01', '13131', 'O+', '1323', '312312', '132132', '13132', 'Soltero(a)', 'Secundarios', '132123', '26', NULL, '33', 'S', '1b2de2499e5f93e00a5a90e79a9da4b1', '1b2de2499e5f93e00a5a90e79a9da4b1', NULL, 'Si', 132132, NULL, '1993-01-01', 2, '0000-00-00 00:00:00', '2018-10-24 22:01:00', NULL, '', 'Fijo', 0, 0, 0, '2100-12-31', NULL, 0, 'No', 'No', 'No', 'No', 'No', 'No', 'No', 'No', 'No', 'No', 'Si', '', '', '', 'Activo', 213123, 13312),
(1234567891, 'NO', 'NO', 'Sergio', 'Roa', 1, 1, 3, 2, '1993-01-01', '12321', 'O-', '132', '123', '132', '132', 'Casado(a)', 'Primarios', '312', '28', '0', '39', 'XS', '0f7e44a922df352c05c5f73cb40ba115', '0f7e44a922df352c05c5f73cb40ba115', '0', 'Si', 312132, '0', '2000-01-01', 1, '0000-00-00 00:00:00', '2020-12-08 21:22:36', '0', '0', 'Fijo', 0, 0, 0, '2100-12-31', '0', 0, 'No', 'No', 'No', 'No', 'No', 'No', 'No', 'No', 'No', 'No', 'Si', '0', '0', '0', 'Inactivo', 213123, 1321);

--
-- Dumping data for table `Funcionario_Contacto_Emergencia`
--

INSERT INTO `Funcionario_Contacto_Emergencia` (`Identificacion_Funcionario_Contacto_Emergencia`, `Identificacion_Funcionario`, `Parentesco`, `Nombre`, `Telefono`, `Celular`, `Direccion`) VALUES
(24, 1116797333, 'Padre', 'Juan', '6554411', '6558899', 'call'),
(30, 1231231231, 'Padre', 'Juan', '6554411', '6558899', 'call'),
(31, 1234567891, 'Padre', 'Juan', '6554411', '6558899', 'call'),
(32, 5555655, 'Padre', 'Juan', '6554411', '6558899', 'call'),
(33, 123456, 'Padre', 'Juan', '6554411', '6558899', 'call'),
(34, 987654321, 'Padre', 'Juan', '6554411', '6558899', 'call'),
(36, 9999999, 'Padre', 'Juan', '6554411', '6558899', 'call'),
(38, 574673, 'Padre', 'Juan Munoz', '6554411', '6558899', 'Calle Carrera'),
(39, 1524854, 'Padre', 'Juan', '6554411', '6558899', 'call'),
(42, 513549845, 'Padre', 'Juan', '6554411', '6558899', 'call'),
(47, 12345, 'Padre', 'Juan', '6554411', '6558899', 'call'),
(52, 91528067, 'Padre', 'Luis Gomez', '', '', ''),
(53, 91500500, 'Padre', 'Luis Silva', '', '', ''),
(54, 91500200, 'Padre', 'Luis Gomez', '', '', ''),
(56, 91200200, 'Padre', 'Luis Gomez', '', '', ''),
(57, 1000123456, 'Padre', 'Luis Gomez', '', '', ''),
(58, 91100100, 'tio', 'juan', '', '', ''),
(59, 37505783, 'Esposo', 'Esposo', '8', '3110001114', 'cra'),
(60, 91300300, 'tio', 'juan', '', '', ''),
(64, 1127922289, 'Esposa', 'Esposa', '', '31', ''),
(65, 2021002, 'Mama', 'Maribel Perez', '', '3133848376', ''),
(66, 13279597, 'Mama', 'Mama', '', '3124357689', ''),
(67, 37390830, 'Mama', 'Mama', '', '3123211234', ''),
(68, 1116496808, 'Mama ', 'Blanca ', '', '3174433387', 'Arauquita '),
(69, 91355281, 'Esposa', 'Yudi Yasmidt Ortega', '', '3103371850', 'Barrio La Granja carrera 31 A N 24-55'),
(70, 1152216408, 'Mama ', 'Fransury Gallego', '', '3504602803', 'Cra 10 N 7-36'),
(71, 19355432, 'esposa', 'marisol corcobado', '', '3116253917', ''),
(72, 1116498041, 'MADRE', 'MARY MARTINEZ', '', '3102606147', 'PUEBLO NUEVO'),
(73, 1116495248, 'Esposa', 'Dily fabiola Garcia Castillo ', '', '3164611103', 'Diagonal 1 numero 0170 barrio fundadores arauca capital ');

--
-- Dumping data for table `Funcionario_Cuenta_Bancaria`
--

INSERT INTO `Funcionario_Cuenta_Bancaria` (`Id_Funcionario_Cuenta_Bancaria`, `Id_Funcionario`, `Id_Cuenta_Bancaria`, `EnUso`, `Fecha_Registro`) VALUES
(3, 987654321, 1, 'Si', '2019-03-04 10:02:51'),
(4, 987654321, 3, 'No', '2019-03-04 10:02:51'),
(5, 987654321, 10, 'Si', '2019-03-04 10:02:51'),
(6, 987654321, 11, 'Si', '2019-04-13 10:33:45');

--
-- Dumping data for table `Funcionario_Experiencia_Laboral`
--

INSERT INTO `Funcionario_Experiencia_Laboral` (`id_Funcionario_Experiencia_Laboral`, `Identificacion_Funcionario`, `Nombre_Empresa`, `Cargo`, `Ingreso_Empresa`, `Retiro_Empresa`, `Labores`, `Jefe`, `Telefono`) VALUES
(5, 1098753825, 'Corvuslab', 'Desarrollador', '2018-07-30', '2018-10-30', 'Varios', 'Augusto Carrillo', '666'),
(6, 1098753825, 'Corvuslab', 'Desarrollador', '2018-07-30', '2018-10-30', 'df', 'Augusto Carrillo', '666'),
(19, 1098753825, 'Empresa', 'Cargo', '1994-07-03', '1994-04-03', 'Tareas', 'Jefe', '666'),
(20, 1098753825, 'Empresa', 'Cargo', '1994-05-04', '1994-03-05', 'Tareas', 'Jefe', '67979'),
(21, 12, '66', '66', '6666-06-06', '6666-06-06', '66', '66', '66'),
(22, 12, '66', '66', '6666-06-06', '6666-06-06', '66', '66', '66'),
(23, 159753, '66', '66', '6666-06-06', '6666-06-06', '66', '66', '66'),
(24, 159753, '66', '66', '6666-06-06', '6666-06-06', '66', '66', '66'),
(25, 66666, '66666', '66666', '2017-11-30', '2017-12-30', '66666', '66666', '66666'),
(26, 66666, '66666', '66666', '2017-11-29', '2017-11-30', '66666', '66666', '66666'),
(27, 66666, '66666', '66666', '6666-06-06', '6666-06-06', '666', '66666', '666'),
(28, 66666, '66', '6666', '6666-06-06', '6666-06-06', '666', '66', '666'),
(29, 1116797333, 'Productos Hospitalarios S.A.', '1212312', '2018-08-14', '2018-08-28', '123312', '123123', '6043966'),
(30, 1116797333, '123312', '123312', '2018-08-29', '2018-08-28', '123123', '123123', '123123'),
(31, 1116797333, '1651', '651', '0651-01-06', '0001-05-06', '615', '651', '651'),
(32, 1116797333, '61', '651', '0005-12-06', '0001-05-16', '165', '6515', '65'),
(33, 1116797333, '654456', '456654', '2018-09-19', '2018-09-22', '465645', '456645', '456645'),
(34, 1116797333, '64565', '465654', '2018-09-18', '2018-09-26', '654645', '645654', '465645'),
(35, 123242134, 'ASDFL', 'ALDFAS', '2017-10-30', '2017-12-30', 'FASJFLDFJ ASJDFALSDFJA', 'IEFFJM', '56789089'),
(36, 123242134, 'UYRW', 'IAOFIOI', '2014-01-01', '2016-01-01', '', 'ALSIE', '12454534');

--
-- Dumping data for table `Funcionario_Modulo`
--

INSERT INTO `Funcionario_Modulo` (`Id_Funcionario_Modulo`, `Id_Funcionario`, `Id_Modulo`) VALUES
(202, 91500500, 7),
(792, 91528067, 39),
(791, 91528067, 36),
(659, 9999999, 36),
(790, 91528067, 23),
(658, 9999999, 16),
(789, 91528067, 9),
(788, 91528067, 28),
(341, 91100100, 28),
(340, 1, 7),
(339, 1, 31),
(338, 1, 25),
(337, 1, 17),
(336, 1, 33),
(335, 1, 34),
(332, 1, 23),
(330, 1, 30),
(331, 1, 24),
(203, 91500500, 34),
(201, 91500500, 16),
(200, 91500500, 21),
(199, 91500500, 9),
(153, 1000123456, 30),
(152, 1000123456, 32),
(151, 1000123456, 33),
(158, 91500200, 6),
(333, 1, 16),
(329, 1, 32),
(328, 1, 27),
(787, 91528067, 24),
(786, 91528067, 17),
(785, 91528067, 34),
(334, 1, 15),
(657, 9999999, 21),
(656, 9999999, 31),
(655, 9999999, 35),
(654, 9999999, 15),
(653, 9999999, 32),
(784, 91528067, 33),
(783, 91528067, 27),
(782, 91528067, 31),
(781, 91528067, 30),
(780, 91528067, 25),
(779, 91528067, 15),
(778, 91528067, 7),
(777, 91528067, 16),
(776, 91528067, 21),
(652, 9999999, 30),
(602, 987654321, 36),
(775, 91528067, 35),
(774, 91528067, 32),
(773, 91528067, 40),
(772, 91528067, 37),
(651, 9999999, 17),
(660, 9999999, 38),
(661, 9999999, 27),
(662, 9999999, 34),
(663, 9999999, 33),
(664, 9999999, 24),
(665, 9999999, 23),
(666, 9999999, 40),
(667, 9999999, 39),
(668, 9999999, 37),
(669, 9999999, 25),
(670, 9999999, 7),
(671, 9999999, 28),
(672, 9999999, 9),
(771, 91528067, 38),
(815, 13279597, 27),
(814, 13279597, 38),
(813, 13279597, 32),
(812, 13279597, 16),
(811, 13279597, 23),
(810, 13279597, 17),
(809, 13279597, 30),
(808, 13279597, 15),
(807, 13279597, 35),
(806, 13279597, 36),
(805, 13279597, 33),
(804, 13279597, 24),
(803, 13279597, 34),
(802, 13279597, 37),
(801, 13279597, 40),
(800, 13279597, 31),
(799, 13279597, 21),
(798, 13279597, 25),
(797, 13279597, 39),
(796, 13279597, 9),
(795, 13279597, 7),
(794, 13279597, 28),
(739, 37390830, 27),
(740, 37390830, 38),
(741, 37390830, 32),
(742, 37390830, 16),
(743, 37390830, 15),
(744, 37390830, 30),
(745, 37390830, 17),
(746, 37390830, 23),
(747, 37390830, 25),
(748, 37390830, 40),
(749, 37390830, 24),
(750, 37390830, 35),
(751, 37390830, 36),
(752, 37390830, 34),
(753, 37390830, 37),
(754, 37390830, 33),
(755, 37390830, 28),
(756, 37390830, 7),
(757, 37390830, 21),
(758, 37390830, 31),
(759, 37390830, 39),
(760, 37390830, 9),
(764, 1127922289, 7),
(763, 1127922289, 32),
(765, 1116496808, 7),
(766, 1116496808, 21),
(767, 1116496808, 32),
(768, 1116496808, 37),
(769, 9999999, 41),
(770, 987654321, 41),
(793, 91528067, 41),
(816, 13279597, 41),
(817, 37505783, 41);

--
-- Dumping data for table `Funcionario_Referencia_Personal`
--

INSERT INTO `Funcionario_Referencia_Personal` (`id_Funcionario_Referencias`, `Identificacion_Funcionario`, `Nombres`, `Profesion`, `Empresa`, `Telefono`) VALUES
(1, 1, '1', '1', '1', '1'),
(2, 1, '1', '1', '1', '1'),
(3, 1, '1', '1', '1', '1'),
(4, 1, '1', '1', '1', '1'),
(5, 1098753825, 'Pedro Castillo', 'Desarrollador', 'Corvuslab', '666'),
(6, 1098753825, 'Brayan', 'Desarrollador', '666', '345'),
(7, 1098753825, 'asdasd', 'asdasd', 'asdasd', '6565'),
(8, 1098753825, 'asdasd', 'asdasd', '6262', '5151'),
(9, 1098753825, '66', '66', '66', '66'),
(10, 1098753825, '66', '66', '66', '66'),
(11, 1098753825, '666', '666', '666', '666'),
(12, 1098753825, '666', '666', '666', '666'),
(13, 1098753825, '666', '666', '666', '66'),
(14, 1098753825, '666', '666', '666', '66'),
(15, 1098753825, '66', '66', '66', '66'),
(16, 1098753825, '66', '66', '66', '66'),
(17, 1098753825, '6', '6', '6', '6'),
(18, 1098753825, '6', '6', '6', '6'),
(19, 1098753825, 'Referencia Uno', 'Profesion Uno', 'Empresa Uno', '99984'),
(20, 1098753825, 'Referencia Dos', 'Profesion Dos', 'Empresa Dos', '99984'),
(21, 12, '66', '66', '66', '66'),
(22, 12, '66', '66', '66', '66'),
(23, 159753, '66', '66', '66', '66'),
(24, 159753, '66', '66', '66', '66'),
(25, 66666, '66666', '66666', '66666', '66666'),
(26, 66666, '66666', '66666', '66666', '66666'),
(27, 66666, '66666', '66666', '66666', '66666'),
(28, 66666, '66666', '66666', '66666', '66666'),
(29, 1116797333, '123123', '132123', '132132', '312123'),
(30, 1116797333, '312123123312132', '132123', '132123123', '123123'),
(31, 1116797333, '25616', '165', '165', '165'),
(32, 1116797333, '16', '16', '156', '16516'),
(33, 1116797333, '546465', '645465', '645465', '654546'),
(34, 1116797333, '645465', '654654', '645654', '654654'),
(35, 123242134, 'FASDF', 'ASFSDF', 'ASDF', '23456'),
(36, 123242134, 'AJLSDFJ', 'AKSDFJALS', 'JAKSDFJL', '3456789');

--
-- Dumping data for table `Giro`
--

INSERT INTO `Giro` (`Id_Giro`, `Documento_Remitente`, `Nombre_Remitente`, `Telefono_Remitente`, `Valor_Recibido`, `Valor_Entrega`, `Valor_Total`, `Comision`, `Documento_Destinatario`, `Nombre_Destinatario`, `Telefono_Destinatario`, `Identificacion_Funcionario`, `Fecha`, `Id_Oficina`, `Id_Caja`, `Detalle`, `Estado`, `Fecha_Pago`, `Codigo`, `Motivo_Devolucion`, `Departamento_Remitente`, `Municipio_Remitente`, `Departamento_Destinatario`, `Municipio_Destinatario`, `Funcionario_Pago`, `Caja_Pago`, `Id_Moneda`, `Giro_Libre`) VALUES
(109, 123456789, 'Pruebas Remitente', '123564678', 25000.00, 25000.00, 35000.00, '10000', 12345, 'Danilo G', '7000250', 9999999, '2021-08-11 19:29:10', 29, 1, '123456 uon ', 'Pendiente', NULL, 'GR200151', NULL, 25, 1031, 1, 5, NULL, NULL, 2, 1),
(108, 123456789, 'Pruebas Remitente', '123564678', 1000000.00, 1000000.00, 1010000.00, '10000', 123456, 'Ana', '8820092', 9999999, '2021-08-11 19:18:38', 29, 1, 'hfghufhjufhjgf', 'Pendiente', NULL, 'GR200148', NULL, 25, 1031, 1, 19, NULL, NULL, 2, 1),
(107, 123456789, 'Pruebas Remitente', '123564678', 100000.00, 100000.00, 110000.00, '10000', 12345, 'Danilo', '7000250', 9999999, '2021-08-11 19:04:11', 29, 1, 'fgfhhjghj', 'Pendiente', NULL, 'GR200146', NULL, 25, 1031, 1, 19, NULL, NULL, 2, 1),
(110, 123456789, 'Pruebas Remitente', '123564678', 25000.00, 25000.00, 35000.00, '10000', 12345, 'Danilo G', '7000250', 9999999, '2021-08-11 19:31:40', 29, 1, '123456 uon ', 'Pendiente', NULL, 'GR200152', NULL, 25, 1031, 1, 5, NULL, NULL, 2, 1),
(111, 123456789, 'Pruebas Remitente', '123564678', 25000.00, 25000.00, 35000.00, '10000', 12345, 'Danilo G', '7000250', 9999999, '2021-08-11 19:39:38', 29, 1, '123456 uon ', 'Pendiente', NULL, 'GR200153', NULL, 25, 1031, 1, 5, NULL, NULL, 2, 1),
(112, 1090123456, 'daniel pena', '313000001', 750000.00, 750000.00, 760000.00, '10000', 1090123457, 'Rigoberta Menchu', '3129998887', 1127922289, '2021-09-20 20:13:19', 29, 9, 'Nada mas', 'Pendiente', NULL, 'GR200154', NULL, 25, 1031, 1, 18, NULL, NULL, 2, 1);

--
-- Dumping data for table `Giro_Comision`
--

INSERT INTO `Giro_Comision` (`Id_Giro_Comision`, `Valor_Minimo`, `Valor_Maximo`, `Comision`) VALUES
(2, 200001.00, 500000.00, 25000.00),
(1, 1.00, 200000.00, 10000.00);

--
-- Dumping data for table `Giro_Destinatario`
--

INSERT INTO `Giro_Destinatario` (`Documento_Destinatario`, `Id_Tipo_Documento`, `Nombre_Destinatario`, `Telefono_Destinatario`, `Estado`, `Fecha`) VALUES
(1090123457, 1, 'Rigoberta Menchu', '3129998887', 'Activo', '2021-09-20 20:10:43'),
(123456, 1, 'Ana', '8820092', 'Activo', '2021-08-11 19:18:27'),
(12345, 1, 'Danilo G', '7000250', 'Activo', '2021-08-11 19:03:58');

--
-- Dumping data for table `Giro_Remitente`
--

INSERT INTO `Giro_Remitente` (`Documento_Remitente`, `Id_Tipo_Documento`, `Nombre_Remitente`, `Telefono_Remitente`, `Estado`, `Fecha`, `created_at`, `updated_at`) VALUES
(1116797333, 1, 'Jairo Perez', '156165165', 'Activo', '2018-09-14 20:41:35', '2021-01-29 18:20:18', '2021-01-29 18:20:18'),
(123456789, 1, 'Pruebas Remitente', '123564678', 'Activo', '2018-10-11 22:10:28', '2021-01-29 18:20:18', '2021-01-29 18:20:18'),
(1098564321, 1, 'Pedro Castillo', '318 5421232', 'Activo', '2018-10-21 16:18:17', '2021-01-29 18:20:18', '2021-01-29 18:20:18'),
(123456780, 1, 'Remitente Giros', '0147', 'Activo', '2020-12-09 11:05:42', '2020-12-09 16:05:42', '2020-12-09 16:05:42'),
(88878789999, 1, 'Remitente Testeo', '545455782', 'Activo', '2021-01-05 22:16:19', '2021-01-05 22:16:19', '2021-01-05 22:16:19'),
(91528067, 1, 'Eduardo Hdez', '6554411', 'Activo', '2021-01-20 13:39:26', '2021-01-20 13:39:25', '2021-01-20 13:39:25'),
(1234555555, 1, 'Carlos Cardona Destinatario Pago', '6554433', 'Activo', '2021-01-29 18:16:49', '2021-01-29 18:16:49', '2021-01-29 18:16:49'),
(12322222, 1, 'Eduardo Silva Remitente', '6778899', 'Activo', '2021-01-29 18:20:18', '2021-01-29 18:20:18', '2021-01-29 18:20:18'),
(2323232323, 1, 'Carlos Cardona', '232323', 'Activo', '2021-01-29 18:47:26', '2021-01-29 18:47:26', '2021-01-29 18:47:26'),
(785488888888, 1, 'Remitente Pagos', '6445566', 'Activo', '2021-02-22 11:52:18', '2021-02-22 11:52:18', '2021-02-22 11:52:18'),
(1090123456, 1, 'daniel pena', '313000001', 'Activo', '2021-09-20 20:09:52', '2021-09-20 20:09:52', '2021-09-20 20:09:52');

--
-- Dumping data for table `Grupo`
--

INSERT INTO `Grupo` (`Id_Grupo`, `Nombre`) VALUES
(1, 'Directos'),
(4, 'Indirectos');

--
-- Dumping data for table `Grupo_Tercero`
--

INSERT INTO `Grupo_Tercero` (`Id_Grupo_Tercero`, `Nombre`, `Detalle`, `Padre`, `Estado`) VALUES
(1, 'OPERATIVOS', 'Padre 1', 0, 'Inactivo'),
(12, 'Creativos', '121321', 10, 'Activo'),
(10, 'ADMINISTRACION', NULL, 1, 'Activo'),
(14, 'Directivos', 'aaaaaaaa', 12, 'Activo'),
(16, 'Temporales', NULL, 0, 'Inactivo');

--
-- Dumping data for table `Grupo_Tercero_Nuevo`
--

INSERT INTO `Grupo_Tercero_Nuevo` (`Id_Grupo_Tercero`, `Nombre_Grupo`, `Id_Grupo_Padre`, `Estado`, `Fecha_Registro`, `Id_Funcionario`, `Nivel`) VALUES
(1, 'Ganaderos', 0, 'Activo', '2019-02-14 18:29:51', 9999999, 1),
(2, 'Policias', 0, 'Activo', '2019-02-15 00:20:33', 9999999, 1),
(3, 'Constructores', 1, 'Activo', '2019-02-15 00:21:29', 9999999, 2),
(4, 'Profesores', 0, 'Activo', '2019-02-15 00:21:29', 9999999, 1),
(5, 'Camioneros', 2, 'Activo', '2019-02-15 00:21:29', 9999999, 2),
(6, 'Estilistas', 1, 'Activo', '2019-02-15 00:21:29', 9999999, 2),
(7, 'Bomberos', 3, 'Activo', '2019-02-15 00:21:29', 9999999, 3),
(8, 'asdasdasdww', 0, 'Inactivo', '2020-12-14 16:34:24', 9999999, 1),
(9, 'Prueba 232', 2, 'Inactivo', '2020-12-14 16:35:32', 9999999, 2),
(10, 'Prueba asd2', 0, 'Inactivo', '2020-12-14 16:35:40', 9999999, 1),
(11, 'Prueba2', 7, 'Inactivo', '2020-12-14 16:36:22', 9999999, 4),
(12, 'Consignaciones', 0, 'Activo', '2020-12-14 16:51:25', 9999999, 1),
(13, 'Clientes Consignacion', 12, 'Activo', '2020-12-14 16:51:47', 9999999, 2),
(14, 'Grupo Prueba', 1, 'Inactivo', '2021-02-20 10:18:40', 9999999, 2),
(15, 'CONEXIONES CELULARES', 0, 'Activo', '2021-05-20 12:51:11', 13279597, 1),
(16, 'CORRESPONSALES BANCOLOMBIA', 0, 'Activo', '2021-05-20 15:20:46', 13279597, 1),
(17, 'Emple', 0, 'Activo', '2021-09-17 12:41:18', 9999999, 1);

--
-- Dumping data for table `log`
--

INSERT INTO `log` (`id`, `descripcion`, `creado`) VALUES
(4, 'Se ha modificado el usuario con id 37259874 por 37259074 ', '2021-07-28 17:43:53');

--
-- Dumping data for table `Log_Sistema`
--

INSERT INTO `Log_Sistema` (`Id_Log_Sistema`, `Id_Funcionario`, `Accion`, `Detalle`, `Id_Registro`, `Fecha_Registro`) VALUES
(2789, 37505783, 'Cambio', 'Nuevo cambio de divisas de tipo: Compra !', NULL, '2021-10-26 20:29:59'),
(2788, 9999999, 'Cambio', 'Nuevo cambio de divisas de tipo: Venta !', NULL, '2021-10-26 20:28:46'),
(2787, 9999999, 'Cambio', 'Nuevo cambio de divisas de tipo: Venta !', NULL, '2021-10-26 20:28:25'),
(2785, 9999999, 'Cambio', 'Nuevo cambio de divisas de tipo: Compra !', NULL, '2021-10-26 20:28:01'),
(2786, 37505783, 'Cambio', 'Nuevo cambio de divisas de tipo: Compra !', NULL, '2021-10-26 20:28:25'),
(2784, 9999999, 'Cambio', 'Nuevo cambio de divisas de tipo: Venta !', NULL, '2021-10-26 20:25:16'),
(2783, 9999999, 'Cambio', 'Nuevo cambio de divisas de tipo: Compra !', NULL, '2021-10-26 20:23:41'),
(2782, 9999999, 'Cambio', 'Nuevo cambio de divisas de tipo: Venta !', NULL, '2021-10-26 20:22:04'),
(2781, 37505783, 'Cambio', 'Nuevo cambio de divisas de tipo: Compra !', NULL, '2021-10-26 20:21:52'),
(2780, 9999999, 'Cambio', 'Nuevo cambio de divisas de tipo: Compra !', NULL, '2021-10-26 20:21:33'),
(2779, 37505783, 'Recibo Transferencia', 'Nuevo recibo transferencia de tipo: Transferencia, forma de pago: Efectivo!', 280, '2021-10-26 19:28:18'),
(2778, 9999999, 'Recibo Transferencia', 'Nuevo recibo transferencia de tipo: Transferencia, forma de pago: Efectivo!', 279, '2021-10-26 19:18:44'),
(2777, 9999999, 'Recibo Transferencia', 'Nuevo recibo transferencia de tipo: Transferencia, forma de pago: Efectivo!', 278, '2021-10-26 19:16:35'),
(2776, 13279597, 'Servicio Externo', 'Nuevo registro de servicio externo!', 167, '2021-10-26 19:08:42'),
(2775, 9999999, 'Servicio Externo', 'Nuevo registro de servicio externo!', 166, '2021-10-26 19:05:21'),
(2774, 9999999, 'Recibo Transferencia', 'Nuevo recibo transferencia de tipo: Transferencia, forma de pago: Efectivo!', 277, '2021-10-26 19:02:14'),
(2773, 1127922289, 'Servicio Externo', 'Nuevo registro de servicio externo!', 165, '2021-10-25 21:02:33'),
(2772, 1127922289, 'Servicio Externo', 'Nuevo registro de servicio externo!', 164, '2021-10-25 21:01:01'),
(2771, 1127922289, 'Servicio Externo', 'Nuevo registro de servicio externo!', 163, '2021-10-25 20:57:05'),
(2770, 13279597, 'Servicio Externo', 'Nuevo registro de servicio externo!', 162, '2021-10-25 20:56:01'),
(2769, 9999999, 'Servicio Externo', 'Nuevo registro de servicio externo!', 161, '2021-10-25 20:50:05'),
(2768, 9999999, 'Recibo Transferencia', 'Nuevo recibo transferencia de tipo: Transferencia, forma de pago: Efectivo!', 276, '2021-10-25 19:24:16'),
(2767, 9999999, 'Servicio Externo', 'Nuevo registro de servicio externo!', 160, '2021-10-15 20:03:52'),
(2766, 1127922289, 'Servicio Externo', 'Nuevo registro de servicio externo!', 159, '2021-10-15 19:54:25'),
(2765, 9999999, 'Servicio Externo', 'Nuevo registro de servicio externo!', 158, '2021-10-15 19:50:04'),
(2764, 1127922289, 'Servicio Externo', 'Nuevo registro de servicio externo!', 157, '2021-10-15 19:46:22'),
(2763, 9999999, 'Cierre Sesion', 'Cierre de sesion en el sistema!', NULL, '2021-10-15 19:46:18'),
(2762, 9999999, 'Servicio Externo', 'Nuevo registro de servicio externo!', 156, '2021-10-15 17:46:39'),
(2761, 9999999, 'Recibo Transferencia', 'Nuevo recibo transferencia de tipo: Transferencia, forma de pago: Efectivo!', 275, '2021-10-15 17:35:14'),
(2760, 37505783, 'Recibo Transferencia', 'Nuevo recibo transferencia de tipo: Transferencia, forma de pago: Efectivo!', 274, '2021-10-15 17:33:29'),
(2759, 37505783, 'Recibo Transferencia', 'Nuevo recibo transferencia de tipo: Transferencia, forma de pago: Efectivo!', 273, '2021-10-15 17:31:22'),
(2758, 1127922289, 'Recibo Transferencia', 'Nuevo recibo transferencia de tipo: Transferencia, forma de pago: Efectivo!', 272, '2021-10-15 17:26:53'),
(2757, 9999999, 'Recibo Transferencia', 'Nuevo recibo transferencia de tipo: Transferencia, forma de pago: Efectivo!', 271, '2021-10-15 17:23:04'),
(2756, 9999999, 'Recibo Transferencia', 'Nuevo recibo transferencia de tipo: Transferencia, forma de pago: Efectivo!', 270, '2021-10-15 17:22:33'),
(2755, 9999999, 'Recibo Transferencia', 'Anulacion de recibo de transferencia!', 266, '2021-10-15 16:34:50'),
(2754, 9999999, 'Recibo Transferencia', 'Nuevo recibo transferencia de tipo: Transferencia, forma de pago: Efectivo!', 269, '2021-10-15 16:34:32'),
(2753, 37505783, 'Traslado Caja', 'Traslado caja aprobado!', 58, '2021-10-15 16:27:48'),
(2752, 37505783, 'Traslado Caja', 'Traslado caja aprobado!', 59, '2021-10-15 16:27:46'),
(2751, 37505783, 'Traslado Cajas', 'Nuevo traslado entre cajas!', 59, '2021-10-15 16:27:23'),
(2750, 37505783, 'Traslado Cajas', 'Nuevo traslado entre cajas!', 58, '2021-10-15 16:27:11'),
(2749, 9999999, 'Traslado Caja', 'Traslado caja aprobado!', 52, '2021-10-15 16:26:54'),
(2748, 1127922289, 'Traslado Caja', 'Traslado caja aprobado!', 56, '2021-10-15 16:26:51'),
(2747, 1127922289, 'Traslado Caja', 'Traslado caja aprobado!', 57, '2021-10-15 16:26:45'),
(2746, 1127922289, 'Traslado Cajas', 'Nuevo traslado entre cajas!', 57, '2021-10-15 16:26:05'),
(2745, 1127922289, 'Traslado Cajas', 'Nuevo traslado entre cajas!', 56, '2021-10-15 16:25:45'),
(2744, 1127922289, 'Cambio', 'Nuevo cambio de divisas de tipo: Venta !', NULL, '2021-10-15 16:25:26'),
(2743, 1127922289, 'Cambio', 'Nuevo cambio de divisas de tipo: Venta !', NULL, '2021-10-15 16:25:08'),
(2741, 1127922289, 'Cambio', 'Nuevo cambio de divisas de tipo: Compra !', NULL, '2021-10-15 16:24:03'),
(2742, 1127922289, 'Cambio', 'Nuevo cambio de divisas de tipo: Compra !', NULL, '2021-10-15 16:24:41'),
(2740, 1127922289, 'Recibo Transferencia', 'Nuevo recibo transferencia de tipo: Transferencia, forma de pago: Efectivo!', 267, '2021-10-15 16:22:48'),
(2739, 1127922289, 'Inicio de Sesion', 'Inicio sesion en el sistema!', NULL, '2021-10-15 16:18:49'),
(2738, 13279597, 'Cierre Sesion', 'Cierre de sesion en el sistema!', NULL, '2021-10-15 16:18:45'),
(2737, 9999999, 'Traslado Cajas', 'Nuevo traslado entre cajas!', 55, '2021-10-15 16:00:00'),
(2736, 37505783, 'Traslado Cajas', 'Nuevo traslado entre cajas!', 54, '2021-10-15 15:59:20'),
(2735, 9999999, 'Traslado Cajas', 'Nuevo traslado entre cajas!', 53, '2021-10-15 15:50:58'),
(2734, 9999999, 'Traslado Cajas', 'Nuevo traslado entre cajas!', 52, '2021-10-15 15:50:07'),
(2733, 9999999, 'Cambio', 'Nuevo cambio de divisas de tipo: Venta !', NULL, '2021-10-15 15:25:16'),
(2732, 9999999, 'Cambio', 'Nuevo cambio de divisas de tipo: Venta !', NULL, '2021-10-15 15:23:44'),
(2731, 9999999, 'Cambio', 'Nuevo cambio de divisas de tipo: Compra !', NULL, '2021-10-15 15:22:17'),
(2730, 9999999, 'Cambio', 'Nuevo cambio de divisas de tipo: Venta !', NULL, '2021-10-15 15:10:12'),
(2729, 9999999, 'Cambio', 'Nuevo cambio de divisas de tipo: Compra !', NULL, '2021-10-15 15:09:43'),
(2728, 9999999, 'Cambio', 'Nuevo cambio de divisas de tipo: Compra !', NULL, '2021-10-15 15:09:17'),
(2727, 9999999, 'Cierre Sesion', 'Cierre de sesion en el sistema!', NULL, '2021-10-15 14:46:36'),
(2726, 9999999, 'Cierre Sesion', 'Cierre de sesion en el sistema!', NULL, '2021-10-15 14:39:44'),
(2725, 9999999, 'Cierre Sesion', 'Cierre de sesion en el sistema!', NULL, '2021-10-15 14:23:09'),
(2724, 9999999, 'Servicio Externo', 'Nuevo registro de servicio externo!', 155, '2021-10-15 14:22:22'),
(2723, 9999999, 'Corresponsal Diario', 'Nuevo registro de corresponsal diario!', 32, '2021-10-14 20:31:56'),
(2722, 9999999, 'Traslado Cajas', 'Nuevo traslado entre cajas!', 51, '2021-10-14 14:48:52'),
(2721, 9999999, 'Traslado Caja', 'Traslado caja aprobado!', 50, '2021-10-14 13:59:11'),
(2720, 9999999, 'Cierre Sesion', 'Cierre de sesion en el sistema!', NULL, '2021-10-14 13:58:11'),
(2719, 9999999, 'Traslado Cajas', 'Nuevo traslado entre cajas!', 50, '2021-10-14 13:53:20'),
(2718, 9999999, 'Recibo Transferencia', 'Nuevo recibo transferencia de tipo: Transferencia, forma de pago: Efectivo!', 263, '2021-10-14 13:53:09'),
(2717, 9999999, 'Traslado Cajas', 'Nuevo traslado entre cajas!', 49, '2021-10-13 19:18:25'),
(2716, 987654321, 'Cierre Sesion', 'Cierre de sesion en el sistema!', NULL, '2021-10-13 19:15:39'),
(2714, 9999999, 'Cambio', 'Nuevo cambio de divisas de tipo: Venta !', NULL, '2021-10-13 17:58:59'),
(2715, 9999999, 'Cambio', 'Nuevo cambio de divisas de tipo: Venta !', NULL, '2021-10-13 18:00:14'),
(2712, 9999999, 'Cambio', 'Nuevo cambio de divisas de tipo: Venta !', NULL, '2021-10-13 17:33:41'),
(2713, 9999999, 'Cambio', 'Nuevo cambio de divisas de tipo: Venta !', NULL, '2021-10-13 17:52:33'),
(2711, 9999999, 'Cambio', 'Nuevo cambio de divisas de tipo: Venta !', NULL, '2021-10-13 17:24:49'),
(2710, 9999999, 'Recibo Transferencia', 'Nuevo recibo transferencia de tipo: Transferencia, forma de pago: Efectivo!', 262, '2021-10-12 20:19:06'),
(2709, 9999999, 'Recibo Transferencia', 'Nuevo recibo transferencia de tipo: Transferencia, forma de pago: Efectivo!', 261, '2021-10-12 20:16:06'),
(2708, 9999999, 'Recibo Transferencia', 'Nuevo recibo transferencia de tipo: Transferencia, forma de pago: Efectivo!', 260, '2021-10-12 20:13:49'),
(2707, 9999999, 'Recibo Transferencia', 'Nuevo recibo transferencia de tipo: Transferencia, forma de pago: Efectivo!', 259, '2021-10-12 20:13:15'),
(2706, 9999999, 'Recibo Transferencia', 'Nuevo recibo transferencia de tipo: Transferencia, forma de pago: Efectivo!', 258, '2021-10-12 20:12:57'),
(2705, 9999999, 'Recibo Transferencia', 'Nuevo recibo transferencia de tipo: Transferencia, forma de pago: Efectivo!', 257, '2021-10-12 20:11:40'),
(2704, 9999999, 'Recibo Transferencia', 'Nuevo recibo transferencia de tipo: Transferencia, forma de pago: Efectivo!', 256, '2021-10-12 20:11:26'),
(2703, 9999999, 'Recibo Transferencia', 'Nuevo recibo transferencia de tipo: Transferencia, forma de pago: Efectivo!', 255, '2021-10-12 20:11:10'),
(2702, 9999999, 'Recibo Transferencia', 'Nuevo recibo transferencia de tipo: Transferencia, forma de pago: Efectivo!', 254, '2021-10-12 20:09:55'),
(2701, 9999999, 'Recibo Transferencia', 'Nuevo recibo transferencia de tipo: Transferencia, forma de pago: Efectivo!', 253, '2021-10-12 20:08:29'),
(2700, 9999999, 'Recibo Transferencia', 'Nuevo recibo transferencia de tipo: Transferencia, forma de pago: Efectivo!', 252, '2021-10-12 20:06:50'),
(2699, 9999999, 'Recibo Transferencia', 'Nuevo recibo transferencia de tipo: Transferencia, forma de pago: Efectivo!', 251, '2021-10-12 20:04:02'),
(2698, 9999999, 'Recibo Transferencia', 'Nuevo recibo transferencia de tipo: Transferencia, forma de pago: Efectivo!', 250, '2021-10-12 20:03:34'),
(2697, 9999999, 'Recibo Transferencia', 'Nuevo recibo transferencia de tipo: Transferencia, forma de pago: Efectivo!', 249, '2021-10-12 20:02:26'),
(2696, 9999999, 'Recibo Transferencia', 'Nuevo recibo transferencia de tipo: Transferencia, forma de pago: Efectivo!', 248, '2021-10-12 20:01:59'),
(2695, 9999999, 'Recibo Transferencia', 'Nuevo recibo transferencia de tipo: Transferencia, forma de pago: Efectivo!', 247, '2021-10-12 19:59:00'),
(2694, 9999999, 'Recibo Transferencia', 'Nuevo recibo transferencia de tipo: Transferencia, forma de pago: Efectivo!', 246, '2021-10-12 19:58:35'),
(2693, 9999999, 'Recibo Transferencia', 'Nuevo recibo transferencia de tipo: Transferencia, forma de pago: Efectivo!', 245, '2021-10-12 19:58:09'),
(2692, 9999999, 'Recibo Transferencia', 'Nuevo recibo transferencia de tipo: Transferencia, forma de pago: Efectivo!', 244, '2021-10-12 19:57:44'),
(2691, 9999999, 'Recibo Transferencia', 'Nuevo recibo transferencia de tipo: Transferencia, forma de pago: Efectivo!', 243, '2021-10-12 19:56:58'),
(2690, 9999999, 'Recibo Transferencia', 'Nuevo recibo transferencia de tipo: Transferencia, forma de pago: Efectivo!', 242, '2021-10-12 19:56:33'),
(2689, 9999999, 'Recibo Transferencia', 'Nuevo recibo transferencia de tipo: Transferencia, forma de pago: Efectivo!', 241, '2021-10-12 19:56:15'),
(2688, 9999999, 'Recibo Transferencia', 'Nuevo recibo transferencia de tipo: Transferencia, forma de pago: Efectivo!', 240, '2021-10-12 19:49:49'),
(2687, 9999999, 'Recibo Transferencia', 'Nuevo recibo transferencia de tipo: Transferencia, forma de pago: Efectivo!', 239, '2021-10-12 19:48:15'),
(2686, 9999999, 'Recibo Transferencia', 'Nuevo recibo transferencia de tipo: Transferencia, forma de pago: Efectivo!', 238, '2021-10-12 19:45:31'),
(2685, 9999999, 'Recibo Transferencia', 'Nuevo recibo transferencia de tipo: Transferencia, forma de pago: Efectivo!', 237, '2021-10-12 19:45:06'),
(2684, 9999999, 'Recibo Transferencia', 'Nuevo recibo transferencia de tipo: Transferencia, forma de pago: Efectivo!', 236, '2021-10-12 19:43:36'),
(2683, 9999999, 'Recibo Transferencia', 'Nuevo recibo transferencia de tipo: Transferencia, forma de pago: Efectivo!', 235, '2021-10-12 19:41:57'),
(2682, 9999999, 'Recibo Transferencia', 'Nuevo recibo transferencia de tipo: Transferencia, forma de pago: Efectivo!', 234, '2021-10-12 19:41:42'),
(2681, 9999999, 'Recibo Transferencia', 'Nuevo recibo transferencia de tipo: Transferencia, forma de pago: Efectivo!', 233, '2021-10-12 19:41:11'),
(2680, 9999999, 'Recibo Transferencia', 'Nuevo recibo transferencia de tipo: Transferencia, forma de pago: Efectivo!', 232, '2021-10-12 19:39:57'),
(2679, 9999999, 'Recibo Transferencia', 'Nuevo recibo transferencia de tipo: Transferencia, forma de pago: Efectivo!', 231, '2021-10-12 19:38:58'),
(2678, 9999999, 'Recibo Transferencia', 'Nuevo recibo transferencia de tipo: Transferencia, forma de pago: Efectivo!', 230, '2021-10-12 19:38:23'),
(2677, 9999999, 'Recibo Transferencia', 'Nuevo recibo transferencia de tipo: Transferencia, forma de pago: Efectivo!', 229, '2021-10-12 19:37:57'),
(2676, 9999999, 'Recibo Transferencia', 'Nuevo recibo transferencia de tipo: Transferencia, forma de pago: Efectivo!', 228, '2021-10-12 19:37:35'),
(2675, 9999999, 'Recibo Transferencia', 'Nuevo recibo transferencia de tipo: Transferencia, forma de pago: Efectivo!', 227, '2021-10-12 19:37:21'),
(2674, 9999999, 'Recibo Transferencia', 'Nuevo recibo transferencia de tipo: Transferencia, forma de pago: Efectivo!', 226, '2021-10-12 19:36:34'),
(2673, 9999999, 'Recibo Transferencia', 'Nuevo recibo transferencia de tipo: Transferencia, forma de pago: Efectivo!', 225, '2021-10-12 19:35:08'),
(2672, 9999999, 'Recibo Transferencia', 'Nuevo recibo transferencia de tipo: Transferencia, forma de pago: Efectivo!', 224, '2021-10-12 19:34:17'),
(2671, 9999999, 'Recibo Transferencia', 'Nuevo recibo transferencia de tipo: Transferencia, forma de pago: Efectivo!', 223, '2021-10-12 19:34:02'),
(2670, 9999999, 'Recibo Transferencia', 'Nuevo recibo transferencia de tipo: Transferencia, forma de pago: Efectivo!', 222, '2021-10-12 19:31:08'),
(2669, 9999999, 'Recibo Transferencia', 'Nuevo recibo transferencia de tipo: Transferencia, forma de pago: Efectivo!', 221, '2021-10-12 19:30:50'),
(2668, 9999999, 'Recibo Transferencia', 'Nuevo recibo transferencia de tipo: Transferencia, forma de pago: Efectivo!', 220, '2021-10-12 19:28:45'),
(2667, 9999999, 'Recibo Transferencia', 'Nuevo recibo transferencia de tipo: Transferencia, forma de pago: Efectivo!', 219, '2021-10-12 19:27:57'),
(2666, 9999999, 'Recibo Transferencia', 'Nuevo recibo transferencia de tipo: Transferencia, forma de pago: Efectivo!', 218, '2021-10-12 19:27:36'),
(2665, 9999999, 'Recibo Transferencia', 'Nuevo recibo transferencia de tipo: Transferencia, forma de pago: Efectivo!', 217, '2021-10-12 19:26:20'),
(2664, 9999999, 'Recibo Transferencia', 'Nuevo recibo transferencia de tipo: Transferencia, forma de pago: Efectivo!', 216, '2021-10-12 19:26:03'),
(2663, 9999999, 'Recibo Transferencia', 'Nuevo recibo transferencia de tipo: Transferencia, forma de pago: Efectivo!', 215, '2021-10-12 19:25:44'),
(2662, 9999999, 'Recibo Transferencia', 'Nuevo recibo transferencia de tipo: Transferencia, forma de pago: Efectivo!', 214, '2021-10-12 19:25:29'),
(2661, 9999999, 'Recibo Transferencia', 'Nuevo recibo transferencia de tipo: Transferencia, forma de pago: Efectivo!', 213, '2021-10-12 19:25:03'),
(2660, 9999999, 'Recibo Transferencia', 'Nuevo recibo transferencia de tipo: Transferencia, forma de pago: Efectivo!', 212, '2021-10-12 19:24:31'),
(2659, 9999999, 'Recibo Transferencia', 'Nuevo recibo transferencia de tipo: Transferencia, forma de pago: Efectivo!', 211, '2021-10-12 19:24:05'),
(2658, 9999999, 'Recibo Transferencia', 'Nuevo recibo transferencia de tipo: Transferencia, forma de pago: Efectivo!', 210, '2021-10-12 19:23:49'),
(2657, 9999999, 'Recibo Transferencia', 'Nuevo recibo transferencia de tipo: Transferencia, forma de pago: Efectivo!', 209, '2021-10-12 19:22:25'),
(2656, 9999999, 'Recibo Transferencia', 'Nuevo recibo transferencia de tipo: Transferencia, forma de pago: Efectivo!', 208, '2021-10-12 19:21:24'),
(2655, 9999999, 'Recibo Transferencia', 'Nuevo recibo transferencia de tipo: Transferencia, forma de pago: Efectivo!', 207, '2021-10-12 19:19:00'),
(2654, 9999999, 'Recibo Transferencia', 'Nuevo recibo transferencia de tipo: Transferencia, forma de pago: Efectivo!', 206, '2021-10-12 19:17:21'),
(2653, 9999999, 'Recibo Transferencia', 'Nuevo recibo transferencia de tipo: Transferencia, forma de pago: Efectivo!', 205, '2021-10-12 19:16:35'),
(2652, 9999999, 'Recibo Transferencia', 'Nuevo recibo transferencia de tipo: Transferencia, forma de pago: Efectivo!', 204, '2021-10-12 19:15:08'),
(2651, 9999999, 'Recibo Transferencia', 'Nuevo recibo transferencia de tipo: Transferencia, forma de pago: Efectivo!', 203, '2021-10-12 19:14:35'),
(2650, 9999999, 'Recibo Transferencia', 'Nuevo recibo transferencia de tipo: Transferencia, forma de pago: Efectivo!', 202, '2021-10-12 19:13:02'),
(2649, 9999999, 'Recibo Transferencia', 'Nuevo recibo transferencia de tipo: Transferencia, forma de pago: Efectivo!', 201, '2021-10-12 19:12:04'),
(2648, 9999999, 'Recibo Transferencia', 'Nuevo recibo transferencia de tipo: Transferencia, forma de pago: Efectivo!', 200, '2021-10-12 19:11:54'),
(2647, 9999999, 'Recibo Transferencia', 'Nuevo recibo transferencia de tipo: Transferencia, forma de pago: Efectivo!', 199, '2021-10-12 19:09:32'),
(2646, 9999999, 'Recibo Transferencia', 'Nuevo recibo transferencia de tipo: Transferencia, forma de pago: Efectivo!', 198, '2021-10-12 19:09:05'),
(2645, 9999999, 'Recibo Transferencia', 'Nuevo recibo transferencia de tipo: Transferencia, forma de pago: Efectivo!', 197, '2021-10-12 19:07:45'),
(2644, 9999999, 'Recibo Transferencia', 'Nuevo recibo transferencia de tipo: Transferencia, forma de pago: Efectivo!', 196, '2021-10-12 19:06:22'),
(2643, 9999999, 'Recibo Transferencia', 'Nuevo recibo transferencia de tipo: Transferencia, forma de pago: Efectivo!', 195, '2021-10-12 19:04:41'),
(2642, 9999999, 'Recibo Transferencia', 'Nuevo recibo transferencia de tipo: Transferencia, forma de pago: Efectivo!', 194, '2021-10-12 19:03:22'),
(2641, 9999999, 'Recibo Transferencia', 'Nuevo recibo transferencia de tipo: Transferencia, forma de pago: Efectivo!', 193, '2021-10-12 19:01:09'),
(2640, 9999999, 'Recibo Transferencia', 'Nuevo recibo transferencia de tipo: Transferencia, forma de pago: Efectivo!', 192, '2021-10-12 18:59:32'),
(2639, 9999999, 'Recibo Transferencia', 'Nuevo recibo transferencia de tipo: Transferencia, forma de pago: Efectivo!', 191, '2021-10-12 18:58:05'),
(2638, 9999999, 'Recibo Transferencia', 'Nuevo recibo transferencia de tipo: Transferencia, forma de pago: Efectivo!', 190, '2021-10-12 18:57:58'),
(2637, 9999999, 'Recibo Transferencia', 'Nuevo recibo transferencia de tipo: Transferencia, forma de pago: Efectivo!', 189, '2021-10-12 18:56:09'),
(2636, 9999999, 'Recibo Transferencia', 'Nuevo recibo transferencia de tipo: Transferencia, forma de pago: Efectivo!', 188, '2021-10-12 18:38:32'),
(2635, 9999999, 'Recibo Transferencia', 'Nuevo recibo transferencia de tipo: Transferencia, forma de pago: Efectivo!', 187, '2021-10-12 18:33:04'),
(2634, 9999999, 'Cierre Sesion', 'Cierre de sesion en el sistema!', NULL, '2021-10-12 17:29:40'),
(2633, 9999999, 'Cambio', 'Nuevo cambio de divisas de tipo: Compra !', NULL, '2021-10-12 17:24:13'),
(2632, 9999999, 'Cierre Sesion', 'Cierre de sesion en el sistema!', NULL, '2021-10-12 16:19:50'),
(2631, 9999999, 'Cambio', 'Nuevo cambio de divisas de tipo: Compra !', NULL, '2021-10-12 16:18:35'),
(2629, 9999999, 'Cambio', 'Nuevo cambio de divisas de tipo: Compra !', NULL, '2021-10-08 21:51:46'),
(2630, 9999999, 'Cambio', 'Nuevo cambio de divisas de tipo: Venta !', NULL, '2021-10-08 22:00:01'),
(2628, 9999999, 'Cambio', 'Nuevo cambio de divisas de tipo: Compra !', NULL, '2021-10-08 21:48:14'),
(2626, 37505783, 'Traslado Cajas', 'Nuevo traslado entre cajas!', 48, '2021-10-08 21:23:06'),
(2627, 1127922289, 'Cierre Sesion', 'Cierre de sesion en el sistema!', NULL, '2021-10-08 21:38:51'),
(2625, 9999999, 'Traslado Cajas', 'Nuevo traslado entre cajas!', 47, '2021-10-08 21:02:27'),
(2624, 9999999, 'Cambio', 'Nuevo cambio de divisas de tipo: Venta !', NULL, '2021-10-08 20:48:50'),
(2622, 9999999, 'Cierre Sesion', 'Cierre de sesion en el sistema!', NULL, '2021-10-08 20:27:17'),
(2623, 9999999, 'Cambio', 'Nuevo cambio de divisas de tipo: Compra !', NULL, '2021-10-08 20:47:54'),
(2621, 9999999, 'Traslado Caja', 'Traslado caja anulado!', 46, '2021-10-08 17:21:13'),
(2620, 9999999, 'Servicio Externo', 'Nuevo registro de servicio externo!', 154, '2021-10-08 17:05:57'),
(2618, 9999999, 'Cambio', 'Nuevo cambio de divisas de tipo: Venta !', NULL, '2021-10-07 19:23:56'),
(2619, 9999999, 'Traslado Cajas', 'Nuevo traslado entre cajas!', 46, '2021-10-08 16:34:42'),
(2617, 9999999, 'Cambio', 'Nuevo cambio de divisas de tipo: Compra !', NULL, '2021-10-07 19:23:18'),
(2615, 9999999, 'Cambio', 'Nuevo cambio de divisas de tipo: Compra !', NULL, '2021-09-24 13:44:13'),
(2616, 9999999, 'Cambio', 'Anulacion de cambio de divisas!', 406, '2021-09-24 13:46:01'),
(2614, 9999999, 'Cambio', 'Anulacion de cambio de divisas!', 405, '2021-09-24 13:41:22'),
(2613, 9999999, 'Cambio', 'Nuevo cambio de divisas de tipo: Venta !', NULL, '2021-09-24 13:37:17'),
(2612, 9999999, 'Recibo Transferencia', 'Nuevo recibo transferencia de tipo: Transferencia, forma de pago: Efectivo!', 185, '2021-09-23 19:27:52'),
(2611, 9999999, 'Recibo Transferencia', 'Nuevo recibo transferencia de tipo: Transferencia, forma de pago: Efectivo!', 184, '2021-09-23 19:18:42'),
(2610, 9999999, 'Recibo Transferencia', 'Anulacion de recibo de transferencia!', 183, '2021-09-23 19:16:48'),
(2609, 9999999, 'Recibo Transferencia', 'Nuevo recibo transferencia de tipo: Transferencia, forma de pago: Efectivo!', 183, '2021-09-23 19:15:48'),
(2607, 987654321, 'Cierre Sesion', 'Cierre de sesion en el sistema!', NULL, '2021-09-20 20:41:29'),
(2608, 9999999, 'Cierre Sesion', 'Cierre de sesion en el sistema!', NULL, '2021-09-22 19:33:54'),
(2606, 1127922289, 'Cambio', 'Nuevo cambio de divisas de tipo: Compra !', NULL, '2021-09-20 20:26:32'),
(2604, 1127922289, 'Giro', 'Nuevo giro!', 112, '2021-09-20 20:13:19'),
(2605, 1127922289, 'Cambio', 'Nuevo cambio de divisas de tipo: Compra !', NULL, '2021-09-20 20:21:38'),
(2603, 9999999, 'Cierre Sesion', 'Cierre de sesion en el sistema!', NULL, '2021-09-20 15:24:48'),
(2602, 1127922289, 'Recibo Transferencia', 'Nuevo recibo transferencia de tipo: Transferencia, forma de pago: Efectivo!', 182, '2021-09-20 14:57:35'),
(2601, 1127922289, 'Recibo Transferencia', 'Nuevo recibo transferencia de tipo: Transferencia, forma de pago: Efectivo!', 181, '2021-09-20 14:52:18'),
(2600, 1127922289, 'Recibo Transferencia', 'Nuevo recibo transferencia de tipo: Transferencia, forma de pago: Efectivo!', 180, '2021-09-20 14:50:23'),
(2599, 1127922289, 'Recibo Transferencia', 'Nuevo recibo transferencia de tipo: Transferencia, forma de pago: Efectivo!', 179, '2021-09-20 14:48:53'),
(2598, 1127922289, 'Servicio Externo', 'Nuevo registro de servicio externo!', 153, '2021-09-20 14:38:31'),
(2597, 37505783, 'Recibo Transferencia', 'Nuevo recibo transferencia de tipo: Transferencia, forma de pago: Efectivo!', 178, '2021-09-17 17:12:37'),
(2595, 9999999, 'Cierre Sesion', 'Cierre de sesion en el sistema!', NULL, '2021-09-17 16:38:01'),
(2596, 9999999, 'Cierre Sesion', 'Cierre de sesion en el sistema!', NULL, '2021-09-17 16:40:20'),
(2594, 9999999, 'Cierre Sesion', 'Cierre de sesion en el sistema!', NULL, '2021-09-17 16:37:22'),
(2592, 9999999, 'Cierre Sesion', 'Cierre de sesion en el sistema!', NULL, '2021-09-17 16:33:49'),
(2593, 9999999, 'Cierre Sesion', 'Cierre de sesion en el sistema!', NULL, '2021-09-17 16:36:51'),
(2591, 13279597, 'Cierre Sesion', 'Cierre de sesion en el sistema!', NULL, '2021-09-17 16:33:35'),
(2590, 37505783, 'Recibo Transferencia', 'Nuevo recibo transferencia de tipo: Transferencia, forma de pago: Consignacion!', 177, '2021-09-17 14:23:15'),
(2589, 37505783, 'Cambio', 'Nuevo cambio de divisas de tipo: Compra !', NULL, '2021-09-17 13:31:55'),
(2588, 37505783, 'Servicio Externo', 'Nuevo registro de servicio externo!', 152, '2021-09-15 21:20:26'),
(2587, 37505783, 'Corresponsal Diario', 'Nuevo registro de corresponsal diario!', 31, '2021-09-15 21:05:47'),
(2586, 37505783, 'Corresponsal Diario', 'Nuevo registro de corresponsal diario!', 30, '2021-09-15 20:58:05'),
(2585, 37505783, 'Cambio', 'Nuevo cambio de divisas de tipo: Venta !', NULL, '2021-09-15 20:38:11'),
(2584, 37505783, 'Cambio', 'Nuevo cambio de divisas de tipo: Compra !', NULL, '2021-09-15 20:33:42'),
(2582, 37505783, 'Cambio', 'Nuevo cambio de divisas de tipo: Compra !', NULL, '2021-09-15 20:26:05'),
(2583, 37505783, 'Cambio', 'Nuevo cambio de divisas de tipo: Venta !', NULL, '2021-09-15 20:30:38'),
(2581, 37505783, 'Recibo Transferencia', 'Nuevo recibo transferencia de tipo: Transferencia, forma de pago: Efectivo!', 173, '2021-09-15 19:59:53'),
(2580, 37505783, 'Recibo Transferencia', 'Nuevo recibo transferencia de tipo: Transferencia, forma de pago: Efectivo!', 172, '2021-09-15 19:54:42'),
(2579, 37505783, 'Recibo Transferencia', 'Nuevo recibo transferencia de tipo: Transferencia, forma de pago: Efectivo!', 171, '2021-09-01 15:35:58'),
(2578, 9999999, 'Servicio Externo', 'Nuevo registro de servicio externo!', 151, '2021-08-27 13:04:35'),
(2577, 1524854, 'Inicio de Sesion', 'Inicio sesion en el sistema!', NULL, '2021-08-27 00:00:29'),
(2576, 987654321, 'Cierre Sesion', 'Cierre de sesion en el sistema!', NULL, '2021-08-26 19:47:06'),
(2575, 1524854, 'Cierre Sesion', 'Cierre de sesion en el sistema!', NULL, '2021-08-26 19:45:53'),
(2574, 1524854, 'Cambio', 'Nuevo cambio de divisas de tipo: Compra !', NULL, '2021-08-26 19:43:44'),
(2573, 1524854, 'Inicio de Sesion', 'Inicio sesion en el sistema!', NULL, '2021-08-26 19:42:01'),
(2572, 1524854, 'Inicio de Sesion', 'Inicio sesion en el sistema!', NULL, '2021-08-26 19:41:16'),
(2571, 9999999, 'Cierre Sesion', 'Cierre de sesion en el sistema!', NULL, '2021-08-26 19:30:47'),
(2570, 1524854, 'Inicio de Sesion', 'Inicio sesion en el sistema!', NULL, '2021-08-24 19:52:24'),
(2569, 9999999, 'Servicio Externo', 'Nuevo registro de servicio externo!', 150, '2021-08-24 17:43:43'),
(2568, 9999999, 'Servicio Externo', 'Nuevo registro de servicio externo!', 149, '2021-08-24 17:41:55'),
(2567, 9999999, 'Servicio Externo', 'Nuevo registro de servicio externo!', 148, '2021-08-24 17:36:11'),
(2566, 1524854, 'Cierre Sesion', 'Cierre de sesion en el sistema!', NULL, '2021-08-24 17:32:09'),
(2565, 9999999, 'Servicio Externo', 'Nuevo registro de servicio externo!', 147, '2021-08-24 17:32:01'),
(2564, 1524854, 'Inicio de Sesion', 'Inicio sesion en el sistema!', NULL, '2021-08-24 17:29:42'),
(2563, 9999999, 'Servicio Externo', 'Nuevo registro de servicio externo!', 146, '2021-08-24 17:27:07'),
(2562, 9999999, 'Servicio Externo', 'Nuevo registro de servicio externo!', 145, '2021-08-24 17:23:32'),
(2561, 9999999, 'Servicio Externo', 'Nuevo registro de servicio externo!', 144, '2021-08-24 17:18:14'),
(2560, 9999999, 'Servicio Externo', 'Nuevo registro de servicio externo!', 143, '2021-08-24 17:11:02'),
(2559, 9999999, 'Servicio Externo', 'Nuevo registro de servicio externo!', 142, '2021-08-24 17:08:56'),
(2558, 9999999, 'Servicio Externo', 'Nuevo registro de servicio externo!', 141, '2021-08-24 17:07:21'),
(2557, 9999999, 'Servicio Externo', 'Nuevo registro de servicio externo!', 140, '2021-08-24 14:36:54'),
(2556, 9999999, 'Servicio Externo', 'Nuevo registro de servicio externo!', 139, '2021-08-24 14:31:33'),
(2555, 9999999, 'Servicio Externo', 'Nuevo registro de servicio externo!', 138, '2021-08-24 14:04:30'),
(2554, 9999999, 'Servicio Externo', 'Nuevo registro de servicio externo!', 137, '2021-08-24 13:58:16'),
(2553, 1524854, 'Servicio Externo', 'Nuevo registro de servicio externo!', 136, '2021-08-20 16:32:53'),
(2552, 1524854, 'Inicio de Sesion', 'Inicio sesion en el sistema!', NULL, '2021-08-20 16:32:19'),
(2551, 9999999, 'Cierre Sesion', 'Cierre de sesion en el sistema!', NULL, '2021-08-20 16:29:55'),
(2550, 9999999, 'Servicio Externo', 'Nuevo registro de servicio externo!', 135, '2021-08-18 22:16:41'),
(2548, 9999999, 'Cierre Sesion', 'Cierre de sesion en el sistema!', NULL, '2021-08-18 15:55:33'),
(2549, 9999999, 'Servicio Externo', 'Nuevo registro de servicio externo!', 134, '2021-08-18 22:16:07'),
(2547, 9999999, 'Servicio Externo', 'Nuevo registro de servicio externo!', 133, '2021-08-13 22:22:58'),
(2546, 9999999, 'Servicio Externo', 'Nuevo registro de servicio externo!', 132, '2021-08-13 22:07:06'),
(2545, 9999999, 'Servicio Externo', 'Nuevo registro de servicio externo!', 131, '2021-08-13 21:52:45'),
(2544, 9999999, 'Servicio Externo', 'Nuevo registro de servicio externo!', 130, '2021-08-13 21:51:00'),
(2543, 9999999, 'Servicio Externo', 'Nuevo registro de servicio externo!', 129, '2021-08-13 19:59:31'),
(2541, 1127922289, 'Traslado Caja', 'Traslado caja aprobado!', 45, '2021-08-12 21:11:43'),
(2542, 37505783, 'Servicio Externo', 'Nuevo registro de servicio externo!', 128, '2021-08-13 03:27:15'),
(2540, 1127922289, 'Traslado Cajas', 'Nuevo traslado entre cajas!', 45, '2021-08-12 21:10:35'),
(2538, 1127922289, 'Traslado Cajas', 'Nuevo traslado entre cajas!', 44, '2021-08-12 21:09:35'),
(2539, 1127922289, 'Traslado Caja', 'Traslado caja aprobado!', 44, '2021-08-12 21:10:02'),
(2537, 1127922289, 'Recibo Transferencia', 'Nuevo recibo transferencia de tipo: Transferencia, forma de pago: Efectivo!', 170, '2021-08-12 21:08:35'),
(2536, 9999999, 'Servicio Externo', 'Nuevo registro de servicio externo!', 127, '2021-08-11 21:43:26'),
(2534, 1524854, 'Inicio de Sesion', 'Inicio sesion en el sistema!', NULL, '2021-08-11 20:25:10'),
(2535, 9999999, 'Cierre Sesion', 'Cierre de sesion en el sistema!', NULL, '2021-08-11 21:10:25'),
(2533, 9999999, 'Cierre Sesion', 'Cierre de sesion en el sistema!', NULL, '2021-08-11 20:24:42'),
(2532, 9999999, 'Servicio Externo', 'Nuevo registro de servicio externo!', 126, '2021-08-11 20:08:04'),
(2531, 9999999, 'Servicio Externo', 'Nuevo registro de servicio externo!', 125, '2021-08-11 20:07:27'),
(2530, 9999999, 'Servicio Externo', 'Nuevo registro de servicio externo!', 124, '2021-08-11 20:06:37'),
(2529, 9999999, 'Servicio Externo', 'Nuevo registro de servicio externo!', 123, '2021-08-11 20:04:20'),
(2528, 9999999, 'Servicio Externo', 'Nuevo registro de servicio externo!', 122, '2021-08-11 20:02:09'),
(2527, 9999999, 'Servicio Externo', 'Nuevo registro de servicio externo!', 121, '2021-08-11 19:45:34'),
(2526, 9999999, 'Giro', 'Nuevo giro!', 111, '2021-08-11 19:39:38'),
(2525, 9999999, 'Giro', 'Nuevo giro!', 110, '2021-08-11 19:31:40'),
(2524, 9999999, 'Giro', 'Nuevo giro!', 109, '2021-08-11 19:29:10'),
(2523, 9999999, 'Giro', 'Nuevo giro!', 108, '2021-08-11 19:18:38'),
(2522, 9999999, 'Giro', 'Nuevo giro!', 107, '2021-08-11 19:04:11'),
(2521, 9999999, 'Cierre Sesion', 'Cierre de sesion en el sistema!', NULL, '2021-08-11 18:19:15'),
(2520, 1127922289, 'Cambio', 'Nuevo cambio de divisas de tipo: Venta !', NULL, '2021-07-28 20:54:26'),
(2519, 37505783, 'Recibo Transferencia', 'Anulacion de recibo de transferencia!', 168, '2021-07-28 18:01:11'),
(2518, 37505783, 'Recibo Transferencia', 'Nuevo recibo transferencia de tipo: Transferencia, forma de pago: Efectivo!', 169, '2021-07-28 18:00:44'),
(2517, 37505783, 'Recibo Transferencia', 'Nuevo recibo transferencia de tipo: Transferencia, forma de pago: Efectivo!', 168, '2021-07-28 17:57:53'),
(2516, 1127922289, 'Servicio Externo', 'Registro de servicio externo editado!', 120, '2021-07-28 17:54:06'),
(2515, 1127922289, 'Servicio Externo', 'Nuevo registro de servicio externo!', 120, '2021-07-28 17:52:39'),
(2514, 1127922289, 'Cambio', 'Nuevo cambio de divisas de tipo: Compra !', NULL, '2021-07-28 17:34:19'),
(2513, 1127922289, 'Recibo Transferencia', 'Nuevo recibo transferencia de tipo: Transferencia, forma de pago: Efectivo!', 166, '2021-07-23 20:10:55'),
(2511, 37505783, 'Cambio', 'Nuevo cambio de divisas de tipo: Compra !', NULL, '2021-07-08 16:11:14'),
(2512, 37505783, 'Cambio', 'Nuevo cambio de divisas de tipo: Compra !', NULL, '2021-07-08 16:12:06'),
(2509, 1127922289, 'Cambio', 'Nuevo cambio de divisas de tipo: Venta !', NULL, '2021-06-23 17:48:30'),
(2510, 1127922289, 'Cambio', 'Nuevo cambio de divisas de tipo: Compra !', NULL, '2021-06-23 17:52:59'),
(2508, 1127922289, 'Traslado Cajas', 'Nuevo traslado entre cajas!', 43, '2021-06-23 17:46:21'),
(2507, 1127922289, 'Corresponsal Diario', 'Nuevo registro de corresponsal diario!', 29, '2021-06-23 17:45:49'),
(2506, 1127922289, 'Cambio', 'Nuevo cambio de divisas de tipo: Venta !', NULL, '2021-06-23 17:44:45'),
(2505, 1127922289, 'Cambio', 'Nuevo cambio de divisas de tipo: Compra !', NULL, '2021-06-23 17:43:56'),
(2504, 1127922289, 'Recibo Transferencia', 'Nuevo recibo transferencia de tipo: Transferencia, forma de pago: Efectivo!', 165, '2021-06-23 17:43:03'),
(2503, 1127922289, 'Cambio', 'Nuevo cambio de divisas de tipo: Compra !', NULL, '2021-06-22 20:47:00'),
(2502, 1127922289, 'Recibo Transferencia', 'Nuevo recibo transferencia de tipo: Transferencia, forma de pago: Efectivo!', 163, '2021-06-22 20:42:59'),
(2500, 9999999, 'Cierre Sesion', 'Cierre de sesion en el sistema!', NULL, '2021-06-21 16:16:33'),
(2501, 1127922289, 'Inicio de Sesion', 'Inicio sesion en el sistema!', NULL, '2021-06-21 16:17:08'),
(2499, 1127922289, 'Inicio de Sesion', 'Inicio sesion en el sistema!', NULL, '2021-06-21 13:18:42'),
(2498, 1127922289, 'Inicio de Sesion', 'Inicio sesion en el sistema!', NULL, '2021-06-19 13:14:14'),
(2497, 1127922289, 'Recibo Transferencia', 'Nuevo recibo transferencia de tipo: Transferencia, forma de pago: Efectivo!', 161, '2021-06-18 20:10:11'),
(2496, 1127922289, 'Recibo Transferencia', 'Nuevo recibo transferencia de tipo: Transferencia, forma de pago: Consignacion!', 160, '2021-06-18 20:05:17'),
(2494, 1127922289, 'Cierre Sesion', 'Cierre de sesion en el sistema!', NULL, '2021-06-18 19:56:54'),
(2495, 1127922289, 'Inicio de Sesion', 'Inicio sesion en el sistema!', NULL, '2021-06-18 19:59:17'),
(2493, 1127922289, 'Inicio de Sesion', 'Inicio sesion en el sistema!', NULL, '2021-06-18 19:32:43'),
(2491, 1127922289, 'Inicio de Sesion', 'Inicio sesion en el sistema!', NULL, '2021-06-18 19:27:04'),
(2492, 1127922289, 'Cierre Sesion', 'Cierre de sesion en el sistema!', NULL, '2021-06-18 19:27:30'),
(2490, 1127922289, 'Cierre Sesion', 'Cierre de sesion en el sistema!', NULL, '2021-06-18 19:26:48'),
(2489, 1127922289, 'Recibo Transferencia', 'Nuevo recibo transferencia de tipo: Transferencia, forma de pago: Consignacion!', 159, '2021-06-18 19:20:27'),
(2487, 1127922289, 'Cambio', 'Nuevo cambio de divisas de tipo: Venta !', NULL, '2021-06-18 18:55:21'),
(2488, 1127922289, 'Recibo Transferencia', 'Nuevo recibo transferencia de tipo: Transferencia, forma de pago: Credito!', 158, '2021-06-18 18:57:29'),
(2486, 1127922289, 'Cambio', 'Nuevo cambio de divisas de tipo: Compra !', NULL, '2021-06-18 18:53:06'),
(2485, 1127922289, 'Recibo Transferencia', 'Nuevo recibo transferencia de tipo: Transferencia, forma de pago: Efectivo!', 157, '2021-06-18 16:03:15'),
(2484, 1127922289, 'Inicio de Sesion', 'Inicio sesion en el sistema!', NULL, '2021-06-18 15:59:00'),
(2483, 9999999, 'Cierre Sesion', 'Cierre de sesion en el sistema!', NULL, '2021-06-18 15:56:18');

--
-- Dumping data for table `Modulo`
--

INSERT INTO `Modulo` (`Id_Modulo`, `Nombre_Modulo`, `Codigo`, `Ruta`, `Icono`) VALUES
(24, 'Indicadores', 'codind', '', 'ti-angle-right'),
(23, 'Destinatarios', 'coddes', '/destinatarios', 'fa fa-suitcase'),
(30, 'Consultor', 'codcon', '/consultor', 'ti-exchange-vertical'),
(21, 'Terceros', 'codter', '/terceros', 'fa fa-users'),
(17, 'Cuentas Bancarias', 'cueban', '/cuentasbancarias', 'ti-home'),
(16, 'Compras', 'codcom', '/compras', 'ti-shopping-cart'),
(15, 'Configuracion', 'config', '', 'ti-settings'),
(31, 'Recaudador', 'codrec', '/recaudador', 'ti-server'),
(32, 'Cajero', 'codcaj', '/cajero', 'ti-dropbox'),
(9, 'Transferencias Ver\r\n', 'traver', '/transferencias', 'ti-control-shuffle'),
(7, 'Traslados Terceros', 'trater', '/traslados', 'ti-reload'),
(33, 'Saldo en Cajas', 'trcapr', '/cajero-principal', 'ti-dropbox-alt'),
(25, 'Pagos', 'codpag', '/giros', 'ti-wallet'),
(27, 'Agentes Externos', 'ageext', '/agentesexternos', 'ti-medall'),
(28, 'Traslados Cajas Ver', 'trcave', '/trasladoscaja', 'ti-reload'),
(34, 'Reapertura de Cajas', 'cajape', '/aperturados', 'ti-user'),
(35, 'Flujo de Efectivo', 'codegr', '/flujo', 'ti-money'),
(36, 'Pagos Agentes Externos', 'pae', '/pago-agentes-externos', 'fa fa-usd'),
(37, 'Servicios Externos', 'sext', '/serviciosexternos', 'fa fa-link'),
(38, 'Caja Recaudos ', 'cajrec', '/cajarecaudos', 'fa fa-snowflake-o'),
(39, 'Remitentes', 'remit', '/remitente', 'fa fa-users'),
(40, 'Informacion Pagos', 'infoPa', '/informaciongiros', 'fa fa-info-circle'),
(41, 'Servicio-Externo', 'se-ex', '/servicio-externo', 'fa fa-info-circle');

--
-- Dumping data for table `Moneda`
--

INSERT INTO `Moneda` (`Id_Moneda`, `Codigo`, `Nombre`, `Id_Pais`, `Orden`, `Estado`, `MDefault`, `Compras`, `Transferencia`, `Gasto`, `ServicioExterno`, `CorresponsalBancario`, `Traslado`, `Giro`, `Cambio`, `Monto_Minimo_Diferencia_Transferencia`, `Monto_Maximo_Diferencia_Transferencia`, `MDefaultCompra`, `MDefaultVenta`, `CuotaCompra`) VALUES
(1, 'BsS', 'Bolivares Soberanos', 2, 2, 'Activa', 0, 0, 0, 0, 0, 0, 0, 0, 0, '170000.0000', '5000.0000', 0, 0, '0.00183'),
(2, '$', 'Pesos', 1, 1, 'Activa', 1, 0, 0, 1, 0, 1, 0, 1, 1, '140000.0000', '150000.0000', 0, 0, ''),
(12, 'US', 'Viejitos', 4, 3, 'Activa', 0, 0, 0, 0, 0, 0, 0, 0, 0, '0.0000', '1.0000', 1, 1, '');

--
-- Dumping data for table `Moneda_Campo`
--

INSERT INTO `Moneda_Campo` (`Id_Moneda_Campo`, `Campo_Visual`, `Columna`, `Color`, `Orden`) VALUES
(1, 'Max. Venta Efectivo', 'col-md-4', 'text-success', 1),
(2, 'Min. Venta Efectivo', 'col-md-4', 'text-success', 2),
(3, 'Sugerido Venta Efectivo', 'col-md-4', 'text-success', 3),
(4, 'Max. Compra Efectivo', 'col-md-4', 'text-info', 4),
(5, 'Min. Compra Efectivo', 'col-md-4', 'text-info', 5),
(6, 'Sugerido Compra Efectivo', 'col-md-4', 'text-info', 6),
(7, 'Max. Venta Transferencia', 'col-md-4', 'transferencia', 7),
(8, 'Min. Venta Transferencia', 'col-md-4', 'transferencia', 8),
(9, 'Sugerido Venta Transferencia', 'col-md-4', 'transferencia', 9),
(10, 'Minimo no cobro Transf.', 'col-md-6', 'text-black', 10),
(11, 'Costo Transferencia', 'col-md-6', 'text-black', 11),
(12, 'Comision Efectivo Transferencia', 'col-md-6', 'text-black', 12),
(13, 'Pagar comision desde', 'col-md-6', 'text-black', 13);

--
-- Dumping data for table `Moneda_Valor`
--

INSERT INTO `Moneda_Valor` (`Id_Moneda_Valor`, `Identificacion_Funcionario`, `Id_Moneda`, `Valor`, `Campo_Visual`, `Columna`, `Color`, `Orden`, `Diario`) VALUES
(26, '', 2, '45', 'Pagar comision desde', 'col-md-6', 'text-black', 13, NULL),
(25, '', 2, '30', 'Comision Efectivo Transferencia', 'col-md-6', 'text-black', 12, NULL),
(24, '', 2, '3000', 'Costo Transferencia', 'col-md-6', 'text-black', 11, NULL),
(23, '', 2, '1000', 'Minimo no cobro Transf.', 'col-md-6', 'text-black', 10, NULL),
(22, '', 2, '105', 'Sugerido Venta Transferencia', 'col-md-4', 'transferencia', 9, NULL),
(21, '', 2, '205', 'Min. Venta Transferencia', 'col-md-4', 'transferencia', 8, NULL),
(18, '', 2, '201', 'Min. Compra Efectivo', 'col-md-4', 'text-info', 5, NULL),
(19, '', 2, '101', 'Sugerido Compra Efectivo', 'col-md-4', 'text-info', 6, NULL),
(20, '', 2, '405', 'Max. Venta Transferencia', 'col-md-4', 'transferencia', 7, NULL),
(141, '0', 12, '5000', 'Costo Transferencia', 'col-md-6', 'text-black', 11, 0),
(142, '', 12, '1', 'Comision Efectivo Transferencia', 'col-md-6', 'text-black', 12, NULL),
(143, '', 12, '1500', 'Pagar comision desde', 'col-md-6', 'text-black', 13, NULL),
(15, '', 2, '200', 'Min. Venta Efectivo', 'col-md-4', 'text-success', 2, NULL),
(16, '', 2, '100', 'Sugerido Venta Efectivo', 'col-md-4', 'text-success', 3, NULL),
(17, '', 2, '401', 'Max. Compra Efectivo', 'col-md-4', 'text-info', 4, NULL),
(140, '', 12, '1000', 'Minimo no cobro Transf.', 'col-md-6', 'text-black', 10, NULL),
(139, '', 12, '0', 'Sugerido Venta Transferencia', 'col-md-4', 'transferencia', 9, NULL),
(138, '', 12, '0', 'Min. Venta Transferencia', 'col-md-4', 'transferencia', 8, NULL),
(137, '', 12, '0', 'Max. Venta Transferencia', 'col-md-4', 'transferencia', 7, NULL),
(136, '', 12, '2750', 'Sugerido Compra Efectivo', 'col-md-4', 'text-info', 6, NULL),
(135, '', 12, '2500', 'Min. Compra Efectivo', 'col-md-4', 'text-info', 5, NULL),
(134, '', 12, '2800', 'Max. Compra Efectivo', 'col-md-4', 'text-info', 4, NULL),
(133, '', 12, '2900', 'Sugerido Venta Efectivo', 'col-md-4', 'text-success', 3, NULL),
(132, '', 12, '2850', 'Min. Venta Efectivo', 'col-md-4', 'text-success', 2, NULL),
(131, '', 12, '3200', 'Max. Venta Efectivo', 'col-md-4', 'text-success', 1, NULL),
(27, '91500500', 1, '4900', 'Pagar comision desde', 'col-md-6', 'text-black', 13, 1),
(36, '77777777', 1, '250', 'Comision Efectivo Transferencia', 'col-md-6', 'text-black', 12, 1),
(37, '0', 1, '3000', 'Costo Transferencia', 'col-md-6', 'text-black', 11, 0),
(39, '987654321', 1, '99900', 'Minimo no cobro Transf.', 'col-md-6', 'text-black', 10, 1),
(38, '1524854', 1, '40', 'Sugerido Venta Transferencia', 'col-md-4', 'transferencia', 9, 1),
(28, '1524854', 1, '24.8', 'Min. Venta Transferencia', 'col-md-4', 'transferencia', 8, 1),
(29, '1524854', 1, '35', 'Max. Venta Transferencia', 'col-md-4', 'transferencia', 7, 1),
(31, '1524854', 1, '40', 'Sugerido Compra Efectivo', 'col-md-4', 'text-info', 6, 1),
(34, '1524854', 1, '50', 'Min. Compra Efectivo', 'col-md-4', 'text-info', 5, 1),
(30, '1524854', 1, '95', 'Max. Compra Efectivo', 'col-md-4', 'text-info', 4, 0),
(35, '1524854', 1, '70', 'Sugerido Venta Efectivo', 'col-md-4', 'text-success', 3, 0),
(32, '1524854', 1, '100', 'Min. Venta Efectivo', 'col-md-4', 'text-success', 2, 0),
(33, '1524854', 1, '200', 'Max. Venta Efectivo', 'col-md-4', 'text-success', 1, 0),
(14, '1524854', 2, '400', 'Max. Venta Efectivo', 'col-md-4', 'text-success', 1, NULL);

--
-- Dumping data for table `Motivo_Devolucion_Cambios`
--

INSERT INTO `Motivo_Devolucion_Cambios` (`nombre`, `created_at`, `updated_at`, `id`, `estado`) VALUES
('No gasta todo', NULL, '2021-01-28 12:24:28', 5, 'Inactivo'),
('Motivo Devolución Prueba', '2020-12-11 21:33:00', '2021-01-28 12:24:22', 7, 'Activo'),
('Subió la tasa del BsS', '2021-03-30 14:06:46', '2021-03-30 14:06:46', 11, 'Activo');

--
-- Dumping data for table `Motivo_Devolucion_Transferencia`
--

INSERT INTO `Motivo_Devolucion_Transferencia` (`Id_Motivo_Devolucion_Transferencia`, `Motivo_Devolucion`, `Fecha_Creacion`) VALUES
(1, 'Devolucion Banco', '2019-09-16 15:32:31'),
(2, 'Debito cuenta erronea', '2019-09-16 15:32:31'),
(3, 'Datos incorrectos', '2019-09-16 15:32:31');

--
-- Dumping data for table `Movimiento_Cuenta_Bancaria`
--

INSERT INTO `Movimiento_Cuenta_Bancaria` (`Id_Movimiento_Cuenta_Bancaria`, `Fecha`, `Valor`, `Tipo`, `Id_Cuenta_Bancaria`, `Fecha_Creacion`, `Detalle`, `Id_Tipo_Movimiento_Bancario`, `Valor_Tipo_Movimiento_Bancario`, `Numero_Transferencia`, `Movimiento_Cerrado`, `Id_Consultor_Apertura_Cuenta`, `Estado`, `Id_Funcionario`) VALUES
(564, '2021-10-15', '0.00', 'Egreso', 24, '2021-10-15 19:14:37', 'Pago transferencia consultor', 6, 209, '12354', 'No', 265, 'Activo', NULL),
(563, '2021-10-08', '10000.00', 'Egreso', 13, '2021-10-08 21:46:06', 'Comisiones de 10 a otros bancos y 2 de mayor valor', 9, 3, NULL, 'No', 0, 'Activo', NULL),
(562, '2021-10-08', '120000.00', 'Ingreso', 13, '2021-10-08 21:42:10', 'Compra hecha por un consultor a la cuenta', 2, 134, NULL, 'No', 0, 'Activo', NULL),
(561, '2021-09-20', '100000.23', 'Egreso', 25, '2021-09-20 19:50:35', 'Pago transferencia consultor', 6, 208, '143242', 'No', 258, 'Activo', NULL),
(560, '2021-09-20', '80000.23', 'Egreso', 25, '2021-09-20 19:43:01', 'Pago transferencia consultor', 6, 207, '345234524', 'No', 258, 'Activo', NULL),
(559, '2021-09-20', '1000000.00', 'Ingreso', 25, '2021-09-20 16:06:38', 'Compra hecha por un consultor a la cuenta', 2, 133, NULL, 'No', 258, 'Activo', NULL),
(558, '2021-09-17', '20000.00', 'Egreso', 24, '2021-09-17 17:21:10', 'Pago transferencia consultor', 6, 206, '2341324456', 'No', 257, 'Activo', NULL),
(557, '2021-09-17', '20.00', 'Egreso', 24, '2021-09-17 17:18:52', 'Pago transferencia consultor', 6, 205, '100000', 'No', 257, 'Activo', NULL),
(556, '2021-09-17', '0.00', 'Egreso', 24, '2021-09-17 17:18:21', 'Pago transferencia consultor', 6, 204, '1000000', 'No', 257, 'Activo', NULL),
(555, '2021-09-17', '100000.00', 'Ingreso', 27, '2021-09-17 17:16:52', 'Devolucion del pago nro: 203', 7, 84, '344234', 'No', 257, 'Activo', NULL),
(554, '2021-09-17', '24639000.00', 'Ingreso', 24, '2021-09-17 16:51:14', 'Compra hecha por un consultor a la cuenta', 2, 132, NULL, 'No', 256, 'Activo', NULL),
(553, '2021-09-17', '50000000.00', 'Egreso', 24, '2021-09-17 16:50:41', 'Pago 2', 9, 4, NULL, 'No', 256, 'Activo', NULL),
(552, '2021-09-17', '1000000000.00', 'Egreso', 24, '2021-09-17 16:50:06', 'Pago proveedor', 9, 4, NULL, 'No', 256, 'Activo', NULL),
(551, '2021-09-17', '100000.00', 'Egreso', 27, '2021-09-17 15:19:14', 'Pago transferencia consultor', 6, 203, '76232323', 'No', 242, 'Activo', NULL),
(550, '2021-09-17', '7400000.00', 'Ingreso', 27, '2021-09-17 15:03:37', 'Compra hecha por un consultor a la cuenta', 2, 131, NULL, 'No', 242, 'Activo', NULL),
(549, '2021-09-17', '45000000.00', 'Ingreso', 27, '2021-09-17 15:03:21', 'Compra hecha por un consultor a la cuenta', 2, 130, NULL, 'No', 242, 'Activo', NULL),
(548, '2021-09-17', '2000000.00', 'Ingreso', 27, '2021-09-17 15:03:02', 'Compra hecha por un consultor a la cuenta', 2, 129, NULL, 'No', 242, 'Activo', NULL),
(547, '2021-09-17', '50000000.00', 'Ingreso', 27, '2021-09-17 14:56:47', 'Compra hecha por un consultor a la cuenta', 2, 128, NULL, 'No', 242, 'Activo', NULL),
(546, '2021-09-17', '100000.23', 'Ingreso', 6, '2021-09-17 14:23:15', 'Algo asi', 1, 177, NULL, 'No', NULL, 'Activo', 37505783),
(545, '2021-06-18', '1000.00', 'Ingreso', 3, '2021-06-18 20:05:17', '', 1, 160, NULL, 'No', NULL, 'Activo', 1127922289),
(544, '2021-06-18', '10000.00', 'Ingreso', 3, '2021-06-18 19:20:27', '00000', 1, 159, NULL, 'No', NULL, 'Activo', 1127922289);

--
-- Dumping data for table `Movimiento_Tercero`
--

INSERT INTO `Movimiento_Tercero` (`Id_Movimiento_Tercero`, `Fecha`, `Valor`, `Id_Moneda_Valor`, `Tipo`, `Id_Tercero`, `Fecha_Creacion`, `Detalle`, `Id_Tipo_Movimiento`, `Valor_Tipo_Movimiento`, `Estado`, `Id_Funcionario`, `Id_Compra`, `created_at`, `updated_at`) VALUES
(875, '2021-10-12', '3300000', 2, 'Ingreso', 12356, '2021-10-12 16:18:35', 'Nuevo cambio de divisas de tipo: Compra !', 2, 414, 'Activo', 9999999, NULL, '2021-10-12 16:18:35', '2021-10-12 16:18:35'),
(874, '2021-10-08', '3300', 2, 'Ingreso', 12356, '2021-10-08 21:51:46', 'Nuevo cambio de divisas de tipo: Compra !', 2, 412, 'Activo', 9999999, NULL, '2021-10-08 21:51:46', '2021-10-08 21:51:46'),
(873, '2021-10-08', '723000', 2, 'Egreso', 37259074, '2021-10-08 21:30:07', 'Anulacion del traslado con codigo TR200104 por un monto de $723000', 4, 84, 'Anulado', 0, NULL, NULL, NULL),
(872, '2021-10-08', '723000', 2, 'Ingreso', 12356, '2021-10-08 21:30:07', 'Anulacion del traslado con codigo TR200104 por un monto de $723000', 4, 84, 'Anulado', 0, NULL, NULL, NULL),
(871, '2021-10-08', '10000000', 2, 'Ingreso', 12356, '2021-10-08 21:22:43', 'Chao', 7, 186, 'Activo', 37505783, NULL, NULL, NULL),
(870, '2021-10-08', '10000', 2, 'Egreso', 12356, '2021-10-08 20:48:50', 'Nuevo cambio de divisas de tipo: Venta !', 2, 410, 'Activo', 9999999, NULL, '2021-10-08 20:48:50', '2021-10-08 20:48:50'),
(869, '2021-10-08', '25000', 2, 'Egreso', 12356, '2021-10-08 20:38:38', 'Egreso por 25000 Pesos  con codigo EGR200185', 6, 46, 'Activo', 0, NULL, '2021-10-08 20:38:38', '2021-10-08 20:38:38'),
(868, '2021-10-08', '10000', 2, 'Ingreso', 111111, '2021-10-08 17:05:57', 'Ingreso por servicio', 12, 0, 'Activo', 9999999, NULL, NULL, NULL),
(867, '2021-10-08', '45000', 2, 'Ingreso', 101010, '2021-10-08 17:05:57', 'Ingreso de comision', 11, 0, 'Activo', 9999999, NULL, NULL, NULL),
(866, '2021-10-07', '3500', 2, 'Egreso', 12358, '2021-10-07 19:23:56', 'Nuevo cambio de divisas de tipo: Venta !', 2, 408, 'Activo', 9999999, NULL, '2021-10-07 19:23:56', '2021-10-07 19:23:56'),
(865, '2021-10-07', '1', 2, 'Egreso', 12356, '2021-10-07 19:08:48', 'Egreso por 1 Pesos  con codigo EGR200184', 6, 45, 'Activo', 0, NULL, '2021-10-07 19:08:48', '2021-10-07 19:08:48'),
(864, '2021-09-24', '1500000', 2, 'Egreso', 456413, '2021-09-24 13:37:17', 'Nuevo cambio de divisas de tipo: Venta !', 2, 405, 'Activo', 9999999, NULL, '2021-09-24 13:37:17', '2021-09-24 13:37:17'),
(863, '2021-09-20', '10000', 2, 'Ingreso', 101010, '2021-09-20 20:13:19', 'Ingreso de comision', 11, 0, 'Activo', 1127922289, NULL, NULL, NULL),
(861, '2021-09-20', '72500', 2, 'Ingreso', 12356, '2021-09-20 16:40:17', 'Intereses', 4, 87, 'Activo', 37505783, NULL, NULL, NULL),
(862, '2021-09-20', '72500', 2, 'Ingreso', 12356, '2021-09-20 16:40:17', 'Intereses', 4, 88, 'Activo', 37505783, NULL, NULL, NULL),
(860, '2021-09-20', '72500', 2, 'Egreso', 12349, '2021-09-20 16:40:17', 'Intereses', 4, 88, 'Activo', 37505783, NULL, NULL, NULL),
(855, '2021-09-20', '545000', 2, 'Egreso', 12356, '2021-09-20 16:34:58', 'Pago prestamos...', 4, 85, 'Activo', 37505783, NULL, NULL, NULL),
(856, '2021-09-20', '545000', 2, 'Ingreso', 12349, '2021-09-20 16:34:58', 'Pago prestamos...', 4, 85, 'Activo', 37505783, NULL, NULL, NULL),
(857, '2021-09-20', '663000', 2, 'Egreso', 12349, '2021-09-20 16:39:02', 'Prestamo', 4, 86, 'Activo', 37505783, NULL, NULL, NULL),
(858, '2021-09-20', '663000', 2, 'Ingreso', 12356, '2021-09-20 16:39:02', 'Prestamo', 4, 86, 'Activo', 37505783, NULL, NULL, NULL),
(859, '2021-09-20', '72500', 2, 'Egreso', 12349, '2021-09-20 16:40:17', 'Intereses', 4, 87, 'Activo', 37505783, NULL, NULL, NULL),
(852, '2021-09-20', '45000', 2, 'Ingreso', 101010, '2021-09-20 14:38:31', 'Ingreso de comision', 11, 0, 'Activo', 1127922289, NULL, NULL, NULL),
(853, '2021-09-20', '500000', 2, 'Ingreso', 111111, '2021-09-20 14:38:31', 'Ingreso por servicio', 12, 0, 'Activo', 1127922289, NULL, NULL, NULL),
(854, '2021-09-20', '50000', 2, 'Egreso', 12356, '2021-09-20 16:18:52', 'Egreso por 50000 Pesos  con codigo EGR200183', 6, 44, 'Activo', 0, NULL, '2021-09-20 16:18:52', '2021-09-20 16:18:52'),
(826, '2021-08-24', '45000', 2, 'Ingreso', 101010, '2021-08-24 17:43:43', 'Ingreso de comision', 11, 0, 'Activo', 9999999, NULL, NULL, NULL),
(827, '2021-08-24', '100000', 2, 'Egreso', 1096216531, '2021-08-24 17:43:43', 'Egreso por servicio', 6, 0, 'Activo', 9999999, NULL, NULL, NULL),
(828, '2021-08-24', '100000', 2, 'Ingreso', 111111, '2021-08-24 17:43:43', 'Ingreso por servicio', 12, 0, 'Activo', 9999999, NULL, NULL, NULL),
(832, '2021-08-24', '100000', 2, 'Ingreso', 1096216532, '2021-08-24 17:49:54', 'yjghkjghjkghjkhjk', 12, 0, 'Activo', 0, NULL, '2021-08-24 17:49:54', '2021-08-24 17:49:54'),
(833, '2021-08-24', '100000', 2, 'Egreso', 111111, '2021-08-24 17:49:54', 'yjghkjghjkghjkhjk', 6, 0, 'Activo', 0, NULL, '2021-08-24 17:49:54', '2021-08-24 17:49:54'),
(834, '2021-08-26', '33000', 2, 'Ingreso', 12356, '2021-08-26 19:43:44', 'Nuevo cambio de divisas de tipo: Compra !', 2, 397, 'Activo', 1524854, NULL, '2021-08-26 19:43:44', '2021-08-26 19:43:44'),
(835, '2021-08-27', '45000', 2, 'Ingreso', 101010, '2021-08-27 13:04:35', 'Ingreso de comision', 11, 0, 'Activo', 9999999, NULL, NULL, NULL),
(836, '2021-08-27', '100000', 2, 'Ingreso', 111111, '2021-08-27 13:04:35', 'Ingreso por servicio', 12, 0, 'Activo', 9999999, NULL, NULL, NULL),
(837, '2021-09-15', '540000', 2, 'Ingreso', 12356, '2021-09-15 20:03:30', '', 7, 174, 'Activo', 37505783, NULL, NULL, NULL),
(838, '2021-09-15', '200000', 2, 'Egreso', 12356, '2021-09-15 20:20:03', 'Egreso por 200000 Pesos  con codigo EGR200181', 6, 42, 'Activo', 0, NULL, '2021-09-15 20:20:03', '2021-09-15 20:20:03'),
(839, '2021-09-15', '13360000', 2, 'Ingreso', 12349, '2021-09-15 20:33:42', 'Nuevo cambio de divisas de tipo: Compra !', 2, 400, 'Activo', 37505783, NULL, '2021-09-15 20:33:42', '2021-09-15 20:33:42'),
(840, '2021-09-15', '1800000', 2, 'Egreso', 12356, '2021-09-15 20:38:11', 'Nuevo cambio de divisas de tipo: Venta !', 2, 401, 'Activo', 37505783, NULL, '2021-09-15 20:38:11', '2021-09-15 20:38:11'),
(841, '2021-09-15', '875000', 2, 'Ingreso', 12356, '2021-09-15 20:42:44', 'Los trajo ayer al cierre.', 7, 175, 'Activo', 37505783, NULL, NULL, NULL),
(842, '2021-09-15', '500000', 2, 'Egreso', 0, '2021-09-15 20:58:05', 'Primer cierre ', 10, 0, 'Activo', 37505783, NULL, NULL, NULL),
(843, '2021-09-15', '1000000', 2, 'Ingreso', 0, '2021-09-15 20:58:05', 'Primer cierre ', 10, 0, 'Activo', 37505783, NULL, NULL, NULL),
(844, '2021-09-15', '2900000', 2, 'Egreso', 0, '2021-09-15 21:05:47', 'Segundo cierre.', 10, 0, 'Activo', 37505783, NULL, NULL, NULL),
(845, '2021-09-15', '300000', 2, 'Ingreso', 0, '2021-09-15 21:05:47', 'Segundo cierre.', 10, 0, 'Activo', 37505783, NULL, NULL, NULL),
(846, '2021-09-15', '45000', 2, 'Ingreso', 101010, '2021-09-15 21:20:26', 'Ingreso de comision', 11, 0, 'Activo', 37505783, NULL, NULL, NULL),
(847, '2021-09-15', '350000', 2, 'Ingreso', 111111, '2021-09-15 21:20:26', 'Ingreso por servicio', 12, 0, 'Activo', 37505783, NULL, NULL, NULL),
(848, '2021-09-17', '6660000', 2, 'Ingreso', 12356, '2021-09-17 13:31:55', 'Nuevo cambio de divisas de tipo: Compra !', 2, 402, 'Activo', 37505783, NULL, '2021-09-17 13:31:55', '2021-09-17 13:31:55'),
(849, '2021-09-17', '1500000', 2, 'Ingreso', 12356, '2021-09-17 13:50:36', 'Es para compra de rosados.', 7, 176, 'Activo', 37505783, NULL, NULL, NULL),
(850, '2021-09-17', '500000', 2, 'Egreso', 12356, '2021-09-17 13:56:37', 'Egreso por 500000 Pesos  con codigo EGR200182', 6, 43, 'Activo', 0, NULL, '2021-09-17 13:56:37', '2021-09-17 13:56:37'),
(851, '2021-09-17', '102400000.0000', 1, 'Ingreso', 12349, '2021-09-17 15:30:33', 'Compra de BsS 102400000.0000 por $204800 a la tasa de 0.002 al Tercero Fabio P', 2, 34, 'Activo', 0, 34, NULL, NULL),
(876, '2021-10-12', '3300000', 2, 'Ingreso', 12358, '2021-10-12 17:24:13', 'Nuevo cambio de divisas de tipo: Compra !', 2, 415, 'Activo', 9999999, NULL, '2021-10-12 17:24:13', '2021-10-12 17:24:13'),
(877, '2021-10-13', '1', 12, 'Egreso', 12356, '2021-10-13 16:19:56', 'Egreso por 1 Viejitos  con codigo EGR200186', 6, 47, 'Activo', 0, NULL, '2021-10-13 16:19:56', '2021-10-13 16:19:56'),
(878, '2021-10-13', '3500', 2, 'Egreso', 12356, '2021-10-13 17:33:41', 'Nuevo cambio de divisas de tipo: Venta !', 2, 417, 'Activo', 9999999, NULL, '2021-10-13 17:33:41', '2021-10-13 17:33:41'),
(879, '2021-10-13', '3500', 2, 'Egreso', 12356, '2021-10-13 17:52:33', 'Nuevo cambio de divisas de tipo: Venta !', 2, 418, 'Activo', 9999999, NULL, '2021-10-13 17:52:33', '2021-10-13 17:52:33'),
(880, '2021-10-13', '3500', 2, 'Egreso', 12356, '2021-10-13 17:58:59', 'Nuevo cambio de divisas de tipo: Venta !', 2, 419, 'Activo', 9999999, NULL, '2021-10-13 17:58:59', '2021-10-13 17:58:59'),
(881, '2021-10-13', '3500', 2, 'Egreso', 12356, '2021-10-13 18:00:14', 'Nuevo cambio de divisas de tipo: Venta !', 2, 420, 'Activo', 9999999, NULL, '2021-10-13 18:00:14', '2021-10-13 18:00:14'),
(882, '2021-10-13', '1000', 2, 'Egreso', 12346, '2021-10-13 18:46:45', 'qwerty....', 4, 89, 'Activo', 9999999, NULL, NULL, NULL),
(883, '2021-10-13', '1000', 2, 'Ingreso', 12357, '2021-10-13 18:46:45', 'qwerty....', 4, 89, 'Activo', 9999999, NULL, NULL, NULL),
(884, '2021-10-14', '1000', 2, 'Egreso', 0, '2021-10-14 20:31:56', '00000', 10, 0, 'Activo', 9999999, NULL, NULL, NULL),
(885, '2021-10-14', '100', 2, 'Ingreso', 0, '2021-10-14 20:31:56', '00000', 10, 0, 'Activo', 9999999, NULL, NULL, NULL),
(886, '2021-10-14', '1000', 2, 'Egreso', 12358, '2021-10-14 20:46:26', '0125', 4, 90, 'Activo', 9999999, NULL, NULL, NULL),
(887, '2021-10-14', '1000', 2, 'Ingreso', 12357, '2021-10-14 20:46:26', '0125', 4, 90, 'Activo', 9999999, NULL, NULL, NULL),
(888, '2021-10-15', '45000', 2, 'Ingreso', 101010, '2021-10-15 14:22:22', 'Ingreso de comision', 11, 0, 'Activo', 9999999, NULL, NULL, NULL),
(889, '2021-10-15', '10000', 2, 'Egreso', 101010, '2021-10-15 14:22:22', 'Egreso por servicio', 6, 0, 'Activo', 9999999, NULL, NULL, NULL),
(890, '2021-10-15', '10000', 2, 'Ingreso', 111111, '2021-10-15 14:22:22', 'Ingreso por servicio', 12, 0, 'Activo', 9999999, NULL, NULL, NULL),
(891, '2021-10-15', '24639000.0000', 1, 'Ingreso', 101010, '2021-10-15 14:23:53', 'Compra de BsS 24639000.0000 por $2463900 a la tasa de 0.1 al Tercero Comisiones', 2, 35, 'Activo', 0, 35, NULL, NULL),
(892, '2021-10-15', '1000000.0000', 12, 'Ingreso', 101010, '2021-10-15 14:24:53', 'Compra de US 1000000.0000 por $100000 a la tasa de 0.1 al Tercero Comisiones', 2, 36, 'Activo', 0, 36, NULL, NULL),
(893, '2021-10-15', '100', 2, 'Egreso', 12356, '2021-10-15 14:53:00', 'Egreso por 100 Pesos  con codigo EGR200187', 6, 48, 'Activo', 0, NULL, '2021-10-15 14:53:00', '2021-10-15 14:53:00'),
(894, '2021-10-15', '2850', 2, 'Ingreso', 12349, '2021-10-15 15:09:17', 'Nuevo cambio de divisas de tipo: Compra !', 2, 421, 'Activo', 9999999, NULL, '2021-10-15 15:09:17', '2021-10-15 15:09:17'),
(895, '2021-10-15', '1500', 2, 'Egreso', 12356, '2021-10-15 15:10:12', 'Nuevo cambio de divisas de tipo: Venta !', 2, 423, 'Activo', 9999999, NULL, '2021-10-15 15:10:12', '2021-10-15 15:10:12'),
(896, '2021-10-15', '1000', 2, 'Egreso', 12356, '2021-10-15 15:23:44', 'Nuevo cambio de divisas de tipo: Venta !', 2, 425, 'Activo', 9999999, NULL, '2021-10-15 15:23:44', '2021-10-15 15:23:44'),
(897, '2021-10-15', '50000000', 2, 'Ingreso', 12356, '2021-10-15 15:32:46', 'cHAO', 7, 264, 'Activo', 37505783, NULL, NULL, NULL),
(898, '2021-10-15', '200000', 2, 'Egreso', 12356, '2021-10-15 15:33:44', 'Egreso por 200000 Pesos  con codigo EGR200188', 6, 49, 'Activo', 0, NULL, '2021-10-15 15:33:44', '2021-10-15 15:33:44'),
(899, '2021-10-15', '1000', 2, 'Egreso', 12356, '2021-10-15 15:40:31', 'TRASLADOPRB', 4, 91, 'Activo', 9999999, NULL, NULL, NULL),
(900, '2021-10-15', '1000', 2, 'Ingreso', 12357, '2021-10-15 15:40:31', 'TRASLADOPRB', 4, 91, 'Activo', 9999999, NULL, NULL, NULL),
(901, '2021-10-15', '12', 12, 'Egreso', 12356, '2021-10-15 15:47:14', 'EASLDKAS KASDJASDJHLAS   ALKSJDALSJDLAJSDKA   AKSJDKSAJDOIAJFAJSLD   ALKSJDASFAJLKFJALKSJDFLK F JDLKASJDKASJLKD UN CONCEPTOS LKJHAKJDSHA', 4, 92, 'Activo', 9999999, NULL, NULL, NULL),
(902, '2021-10-15', '12', 12, 'Ingreso', 12358, '2021-10-15 15:47:14', 'EASLDKAS KASDJASDJHLAS   ALKSJDALSJDLAJSDKA   AKSJDKSAJDOIAJFAJSLD   ALKSJDASFAJLKFJALKSJDFLK F JDLKASJDKASJLKD UN CONCEPTOS LKJHAKJDSHA', 4, 92, 'Activo', 9999999, NULL, NULL, NULL),
(903, '2021-10-15', '550000000', 2, 'Ingreso', 12358, '2021-10-15 15:57:48', 'ALLA DONDE ESTA LA LUNA, VAYA, VAYA, VAYA', 7, 265, 'Activo', 37505783, NULL, NULL, NULL),
(904, '2021-10-15', '250000000', 2, 'Ingreso', 12345, '2021-10-15 15:58:57', 'MONTO', 7, 266, 'Activo', 9999999, NULL, NULL, NULL),
(905, '2021-10-15', '80000', 2, 'Egreso', 12357, '2021-10-15 16:01:51', 'MUASJDAJSDJASJ ALSJDLAJDSLASJDLASK ASDJASLDJASLDJALS ALKJDLKSAJDSAJDLK AJSNKJADJANS', 4, 93, 'Activo', 9999999, NULL, NULL, NULL),
(906, '2021-10-15', '80000', 2, 'Ingreso', 12356, '2021-10-15 16:01:51', 'MUASJDAJSDJASJ ALSJDLAJDSLASJDLASK ASDJASLDJASLDJALS ALKJDLKSAJDSAJDLK AJSNKJADJANS', 4, 93, 'Activo', 9999999, NULL, NULL, NULL),
(907, '2021-10-15', '6850000', 2, 'Ingreso', 12349, '2021-10-15 16:23:19', 'Pidio guardar', 7, 268, 'Activo', 1127922289, NULL, NULL, NULL),
(908, '2021-10-15', '725000', 2, 'Egreso', 12358, '2021-10-15 16:23:46', 'Egreso por 725000 Pesos  con codigo EGR200189', 6, 50, 'Activo', 0, NULL, '2021-10-15 16:23:46', '2021-10-15 16:23:46'),
(909, '2021-10-15', '10050000', 2, 'Ingreso', 12358, '2021-10-15 16:24:41', 'Nuevo cambio de divisas de tipo: Compra !', 2, 428, 'Activo', 1127922289, NULL, '2021-10-15 16:24:41', '2021-10-15 16:24:41'),
(910, '2021-10-15', '1440000', 2, 'Egreso', 12356, '2021-10-15 16:25:08', 'Nuevo cambio de divisas de tipo: Venta !', 2, 429, 'Activo', 1127922289, NULL, '2021-10-15 16:25:08', '2021-10-15 16:25:08'),
(911, '2021-10-15', '45000', 2, 'Ingreso', 101010, '2021-10-15 17:46:39', 'Ingreso de comision', 11, 0, 'Activo', 9999999, NULL, NULL, NULL),
(912, '2021-10-15', '5000000', 2, 'Ingreso', 111111, '2021-10-15 17:46:39', 'Ingreso por servicio', 12, 0, 'Activo', 9999999, NULL, NULL, NULL),
(913, '2021-10-15', '250000', 2, 'Egreso', 12345, '2021-10-15 18:08:34', 'Sin observaciones', 8, 0, 'Activo', 0, NULL, '2021-10-15 18:08:34', '2021-10-15 18:08:34'),
(914, '2021-10-15', '200000', 2, 'Ingreso', 12353, '2021-10-15 18:08:34', 'Sin observaciones', 8, 0, 'Activo', 0, NULL, '2021-10-15 18:08:34', '2021-10-15 18:08:34'),
(915, '2021-10-15', '40000', 2, 'Egreso', 12353, '2021-10-15 18:08:34', 'Sin observaciones', 8, 0, 'Activo', 0, NULL, '2021-10-15 18:08:34', '2021-10-15 18:08:34'),
(916, '2021-10-15', '40000', 2, 'Ingreso', 888888888, '2021-10-15 18:08:34', 'Sin observaciones', 8, 0, 'Activo', 0, NULL, '2021-10-15 18:08:34', '2021-10-15 18:08:34'),
(917, '2021-10-15', '50000', 2, 'Ingreso', 12345, '2021-10-15 18:08:34', 'Sin observaciones', 8, 0, 'Activo', 0, NULL, '2021-10-15 18:08:34', '2021-10-15 18:08:34'),
(918, '2021-10-15', '5000', 2, 'Egreso', 12345, '2021-10-15 18:08:34', 'Sin observaciones', 8, 0, 'Activo', 0, NULL, '2021-10-15 18:08:34', '2021-10-15 18:08:34'),
(919, '2021-10-15', '5000', 2, 'Ingreso', 888888888, '2021-10-15 18:08:34', 'Sin observaciones', 8, 0, 'Activo', 0, NULL, '2021-10-15 18:08:34', '2021-10-15 18:08:34'),
(920, '2021-10-15', '45000', 2, 'Ingreso', 101010, '2021-10-15 19:46:22', 'Ingreso de comision', 11, 0, 'Activo', 1127922289, NULL, NULL, NULL),
(921, '2021-10-15', '700000', 2, 'Ingreso', 111111, '2021-10-15 19:46:22', 'Ingreso por servicio', 12, 0, 'Activo', 1127922289, NULL, NULL, NULL),
(922, '2021-10-15', '45000', 2, 'Ingreso', 101010, '2021-10-15 19:50:04', 'Ingreso de comision', 11, 0, 'Activo', 9999999, NULL, NULL, NULL),
(923, '2021-10-15', '250000', 2, 'Egreso', 12346, '2021-10-15 19:50:04', 'Egreso por servicio', 6, 0, 'Activo', 9999999, NULL, NULL, NULL),
(924, '2021-10-15', '250000', 2, 'Ingreso', 111111, '2021-10-15 19:50:04', 'Ingreso por servicio', 12, 0, 'Activo', 9999999, NULL, NULL, NULL),
(925, '2021-10-15', '45000', 2, 'Ingreso', 101010, '2021-10-15 19:54:25', 'Ingreso de comision', 11, 0, 'Activo', 1127922289, NULL, NULL, NULL),
(926, '2021-10-15', '834000', 2, 'Ingreso', 111111, '2021-10-15 19:54:25', 'Ingreso por servicio', 12, 0, 'Activo', 1127922289, NULL, NULL, NULL),
(927, '2021-10-15', '45000', 2, 'Ingreso', 101010, '2021-10-15 20:03:52', 'Ingreso de comision', 11, 0, 'Activo', 9999999, NULL, NULL, NULL),
(928, '2021-10-15', '500000', 2, 'Egreso', 12345, '2021-10-15 20:03:52', 'Egreso por servicio', 6, 0, 'Activo', 9999999, NULL, NULL, NULL),
(929, '2021-10-15', '500000', 2, 'Ingreso', 111111, '2021-10-15 20:03:52', 'Ingreso por servicio', 12, 0, 'Activo', 9999999, NULL, NULL, NULL),
(930, '2021-10-25', '45000', 2, 'Ingreso', 101010, '2021-10-25 20:50:05', 'Ingreso de comision', 11, 0, 'Activo', 9999999, NULL, NULL, NULL),
(931, '2021-10-25', '800000', 2, 'Egreso', 12356, '2021-10-25 20:50:05', 'Egreso por servicio', 6, 0, 'Activo', 9999999, NULL, NULL, NULL),
(932, '2021-10-25', '800000', 2, 'Ingreso', 111111, '2021-10-25 20:50:05', 'Ingreso por servicio', 12, 0, 'Activo', 9999999, NULL, NULL, NULL),
(933, '2021-10-25', '45000', 2, 'Ingreso', 101010, '2021-10-25 20:56:01', 'Ingreso de comision', 11, 0, 'Activo', 13279597, NULL, NULL, NULL),
(934, '2021-10-25', '788990', 2, 'Egreso', 12356, '2021-10-25 20:56:01', 'Egreso por servicio', 6, 0, 'Activo', 13279597, NULL, NULL, NULL),
(935, '2021-10-25', '788990', 2, 'Ingreso', 111111, '2021-10-25 20:56:01', 'Ingreso por servicio', 12, 0, 'Activo', 13279597, NULL, NULL, NULL),
(936, '2021-10-25', '45000', 2, 'Ingreso', 101010, '2021-10-25 20:57:05', 'Ingreso de comision', 11, 0, 'Activo', 1127922289, NULL, NULL, NULL),
(937, '2021-10-25', '3493488', 2, 'Ingreso', 111111, '2021-10-25 20:57:05', 'Ingreso por servicio', 12, 0, 'Activo', 1127922289, NULL, NULL, NULL),
(938, '2021-10-25', '45000', 2, 'Ingreso', 101010, '2021-10-25 21:01:01', 'Ingreso de comision', 11, 0, 'Activo', 1127922289, NULL, NULL, NULL),
(939, '2021-10-25', '80000', 2, 'Ingreso', 111111, '2021-10-25 21:01:01', 'Ingreso por servicio', 12, 0, 'Activo', 1127922289, NULL, NULL, NULL),
(940, '2021-10-25', '45000', 2, 'Ingreso', 101010, '2021-10-25 21:02:33', 'Ingreso de comision', 11, 0, 'Activo', 1127922289, NULL, NULL, NULL),
(941, '2021-10-25', '1159000', 2, 'Ingreso', 111111, '2021-10-25 21:02:33', 'Ingreso por servicio', 12, 0, 'Activo', 1127922289, NULL, NULL, NULL),
(942, '2021-10-26', '45000', 2, 'Ingreso', 101010, '2021-10-26 19:05:21', 'Ingreso de comision', 11, 0, 'Activo', 9999999, NULL, NULL, NULL),
(943, '2021-10-26', '120000', 2, 'Egreso', 12359, '2021-10-26 19:05:21', 'Egreso por servicio', 6, 0, 'Activo', 9999999, NULL, NULL, NULL),
(944, '2021-10-26', '120000', 2, 'Ingreso', 111111, '2021-10-26 19:05:21', 'Ingreso por servicio', 12, 0, 'Activo', 9999999, NULL, NULL, NULL),
(945, '2021-10-26', '45000', 2, 'Ingreso', 101010, '2021-10-26 19:08:42', 'Ingreso de comision', 11, 0, 'Activo', 13279597, NULL, NULL, NULL),
(946, '2021-10-26', '3450000', 2, 'Egreso', 12356, '2021-10-26 19:08:42', 'Egreso por servicio', 6, 0, 'Activo', 13279597, NULL, NULL, NULL),
(947, '2021-10-26', '3450000', 2, 'Ingreso', 111111, '2021-10-26 19:08:42', 'Ingreso por servicio', 12, 0, 'Activo', 13279597, NULL, NULL, NULL),
(948, '2021-10-26', '3300', 2, 'Ingreso', 12356, '2021-10-26 20:21:33', 'Nuevo cambio de divisas de tipo: Compra !', 2, 431, 'Activo', 9999999, NULL, '2021-10-26 20:21:33', '2021-10-26 20:21:33'),
(949, '2021-10-26', '2623500', 2, 'Ingreso', 12356, '2021-10-26 20:21:52', 'Nuevo cambio de divisas de tipo: Compra !', 2, 432, 'Activo', 37505783, NULL, '2021-10-26 20:21:52', '2021-10-26 20:21:52'),
(950, '2021-10-26', '3500', 2, 'Egreso', 12357, '2021-10-26 20:22:04', 'Nuevo cambio de divisas de tipo: Venta !', 2, 433, 'Activo', 9999999, NULL, '2021-10-26 20:22:04', '2021-10-26 20:22:04'),
(951, '2021-10-26', '33000000', 2, 'Ingreso', 12360, '2021-10-26 20:23:41', 'Nuevo cambio de divisas de tipo: Compra !', 2, 434, 'Activo', 9999999, NULL, '2021-10-26 20:23:41', '2021-10-26 20:23:41'),
(952, '2021-10-26', '35000000', 2, 'Egreso', 12361, '2021-10-26 20:25:16', 'Nuevo cambio de divisas de tipo: Venta !', 2, 435, 'Activo', 9999999, NULL, '2021-10-26 20:25:16', '2021-10-26 20:25:16'),
(953, '2021-10-26', '4125000', 2, 'Ingreso', 12357, '2021-10-26 20:28:01', 'Nuevo cambio de divisas de tipo: Compra !', 2, 436, 'Activo', 9999999, NULL, '2021-10-26 20:28:01', '2021-10-26 20:28:01'),
(954, '2021-10-26', '350000', 2, 'Egreso', 12362, '2021-10-26 20:28:25', 'Nuevo cambio de divisas de tipo: Venta !', 2, 438, 'Activo', 9999999, NULL, '2021-10-26 20:28:25', '2021-10-26 20:28:25'),
(955, '2021-10-26', '70000000', 2, 'Ingreso', 12349, '2021-10-26 20:29:39', '', 7, 281, 'Activo', 37505783, NULL, NULL, NULL),
(956, '2021-10-26', '350000000', 2, 'Ingreso', 12356, '2021-10-26 20:32:57', '', 7, 282, 'Activo', 37505783, NULL, NULL, NULL),
(957, '2021-10-26', '10000', 2, 'Ingreso', 12357, '2021-10-26 20:36:02', 'LLLDSLDa', 7, 283, 'Activo', 9999999, NULL, NULL, NULL);

--
-- Dumping data for table `Municipio`
--

INSERT INTO `Municipio` (`Id_Municipio`, `Id_Departamento`, `Nombre`, `Codigo`) VALUES
(1, 1, 'MEDELLIN', '001'),
(2, 1, 'ABEJORRAL', '002'),
(3, 1, 'ABRIAQUI', '004'),
(4, 1, 'ALEJANDRIA', '021'),
(5, 1, 'AMAGA', '030'),
(6, 1, 'AMALFI', '031'),
(7, 1, 'ANDES', '034'),
(8, 1, 'ANGELOPOLIS', '036'),
(9, 1, 'ANGOSTURA', '038'),
(10, 1, 'ANORI', '040'),
(11, 1, 'SANTAFE DE ANTIOQUIA', '042'),
(12, 1, 'ANZA', '044'),
(13, 1, 'APARTADO', '045'),
(14, 1, 'ARBOLETES', '051'),
(15, 1, 'ARGELIA', '055'),
(16, 1, 'ARMENIA', '059'),
(17, 1, 'BARBOSA', '079'),
(18, 1, 'BELMIRA', '086'),
(19, 1, 'BELLO', '088'),
(20, 1, 'BETANIA', '091'),
(21, 1, 'BETULIA', '093'),
(22, 1, 'CIUDAD BOLIVAR', '101'),
(23, 1, 'BURITICA', '113'),
(24, 1, 'CACERES', '120'),
(25, 1, 'CAICEDO', '125'),
(26, 1, 'CALDAS', '129'),
(27, 1, 'CAMPAMENTO', '134'),
(28, 1, 'CARACOLI', '142'),
(29, 1, 'CARAMANTA', '145'),
(30, 1, 'CAREPA', '147'),
(31, 1, 'EL CARMEN DE VIBORAL', '148'),
(32, 1, 'CAROLINA', '150'),
(33, 1, 'CAUCASIA', '154'),
(34, 1, 'CHIGORODO', '172'),
(35, 1, 'CISNEROS', '190'),
(36, 1, 'COCORNA', '197'),
(37, 1, 'CONCEPCION', '206'),
(38, 1, 'CONCORDIA', '209'),
(39, 1, 'COPACABANA', '212'),
(40, 1, 'DABEIBA', '234'),
(41, 1, 'DON MATIAS', '237'),
(42, 1, 'EBEJICO', '240'),
(43, 1, 'EL BAGRE', '250'),
(44, 1, 'ENTRERRIOS', '264'),
(45, 1, 'ENVIGADO', '266'),
(46, 1, 'FREDONIA', '282'),
(47, 1, 'FRONTINO', '284'),
(48, 1, 'GIRALDO', '306'),
(49, 1, 'GIRARDOTA', '308'),
(50, 1, 'GOMEZ PLATA', '310'),
(51, 1, 'GRANADA', '313'),
(52, 1, 'GUADALUPE', '315'),
(53, 1, 'GUARNE', '318'),
(54, 1, 'GUATAPE', '321'),
(55, 1, 'HELICONIA', '347'),
(56, 1, 'HISPANIA', '353'),
(57, 1, 'ITAGUI', '360'),
(58, 1, 'ITUANGO', '361'),
(59, 1, 'JARDIN', '364'),
(60, 1, 'JERICO', '368'),
(61, 1, 'LA CEJA', '376'),
(62, 1, 'LA ESTRELLA', '380'),
(63, 1, 'LA PINTADA', '390'),
(64, 1, 'LA UNION', '400'),
(65, 1, 'LIBORINA', '411'),
(66, 1, 'MACEO', '425'),
(67, 1, 'MARINILLA', '440'),
(68, 1, 'MONTEBELLO', '467'),
(69, 1, 'MURINDO', '475'),
(70, 1, 'MUTATA', '480'),
(71, 1, 'NECOCLI', '490'),
(72, 1, 'NECHI', '495'),
(73, 1, 'OLAYA', '501'),
(74, 1, 'PEQUE', '543'),
(75, 1, 'PUEBLORRICO', '576'),
(76, 1, 'PUERTO BERRIO', '579'),
(77, 1, 'PUERTO NARE', '585'),
(78, 1, 'PUERTO TRIUNFO', '591'),
(79, 1, 'REMEDIOS', '604'),
(80, 1, 'RETIRO', '607'),
(81, 1, 'RIONEGRO', '615'),
(82, 1, 'SABANALARGA', '628'),
(83, 1, 'SABANETA', '631'),
(84, 1, 'SALGAR', '642'),
(85, 1, 'SAN ANDRES DE CUERQUIA', '647'),
(86, 1, 'SAN CARLOS', '649'),
(87, 1, 'SAN FRANCISCO', '652'),
(88, 1, 'SAN JERONIMO', '656'),
(89, 1, 'SAN JUAN DE URABA', '659'),
(90, 1, 'SAN LUIS', '660'),
(91, 1, 'SAN PEDRO', '664'),
(92, 1, 'SAN PEDRO DE URABA', '665'),
(93, 1, 'SAN RAFAEL', '667'),
(94, 1, 'SAN ROQUE', '670'),
(95, 1, 'SAN VICENTE', '674'),
(96, 1, 'SANTA BARBARA', '679'),
(97, 1, 'SANTA ROSA DE OSOS', '686'),
(98, 1, 'SANTO DOMINGO', '690'),
(99, 1, 'EL SANTUARIO', '697'),
(100, 1, 'SEGOVIA', '736'),
(101, 1, 'SONSON', '756'),
(102, 1, 'SOPETRAN', '761'),
(103, 1, 'TAMESIS', '789'),
(104, 1, 'TARAZA', '790'),
(105, 1, 'TARSO', '792'),
(106, 1, 'TITIRIBI', '809'),
(107, 1, 'TOLEDO', '819'),
(108, 1, 'TURBO', '837'),
(109, 1, 'URAMITA', '842'),
(110, 1, 'URRAO', '847'),
(111, 1, 'VALDIVIA', '854'),
(112, 1, 'VALPARAISO', '856'),
(113, 1, 'VEGACHI', '858'),
(114, 1, 'VENECIA', '861'),
(115, 1, 'VIGIA DEL FUERTE', '873'),
(116, 1, 'YALI', '885'),
(117, 1, 'YARUMAL', '887'),
(118, 1, 'YOLOMBO', '890'),
(119, 1, 'YONDO', '893'),
(120, 1, 'ZARAGOZA', '895'),
(121, 2, 'BARRANQUILLA', '001'),
(122, 2, 'BARANOA', '078'),
(123, 2, 'CAMPO DE LA CRUZ', '137'),
(124, 2, 'CANDELARIA', '141'),
(125, 2, 'GALAPA', '296'),
(126, 2, 'JUAN DE ACOSTA', '372'),
(127, 2, 'LURUACO', '421'),
(128, 2, 'MALAMBO', '433'),
(129, 2, 'MANATI', '436'),
(130, 2, 'PALMAR DE VARELA', '520'),
(131, 2, 'PIOJO', '549'),
(132, 2, 'POLONUEVO', '558'),
(133, 2, 'PONEDERA', '560'),
(134, 2, 'PUERTO COLOMBIA', '573'),
(135, 2, 'REPELON', '606'),
(136, 2, 'SABANAGRANDE', '634'),
(137, 2, 'SABANALARGA', '638'),
(138, 2, 'SANTA LUCIA', '675'),
(139, 2, 'SANTO TOMAS', '685'),
(140, 2, 'SOLEDAD', '758'),
(141, 2, 'SUAN', '770'),
(142, 2, 'TUBARA', '832'),
(143, 2, 'USIACURI', '849'),
(144, 3, 'BOGOTA, D.C.', '001'),
(145, 4, 'CARTAGENA', '001'),
(146, 4, 'ACHI', '006'),
(147, 4, 'ALTOS DEL ROSARIO', '030'),
(148, 4, 'ARENAL', '042'),
(149, 4, 'ARJONA', '052'),
(150, 4, 'ARROYOHONDO', '062'),
(151, 4, 'BARRANCO DE LOBA', '074'),
(152, 4, 'CALAMAR', '140'),
(153, 4, 'CANTAGALLO', '160'),
(154, 4, 'CICUCO', '188'),
(155, 4, 'CORDOBA', '212'),
(156, 4, 'CLEMENCIA', '222'),
(157, 4, 'EL CARMEN DE BOLIVAR', '244'),
(158, 4, 'EL GUAMO', '248'),
(159, 4, 'HATILLO DE LOBA', '300'),
(160, 4, 'MAGANGUE', '430'),
(161, 4, 'MAHATES', '433'),
(162, 4, 'MARGARITA', '440'),
(163, 4, 'MARIA LA BAJA', '442'),
(164, 4, 'MONTECRISTO', '458'),
(165, 4, 'MOMPOS', '468'),
(166, 4, 'NOROSI', '490'),
(167, 4, 'MORALES', '473'),
(168, 4, 'PINILLOS', '549'),
(169, 4, 'REGIDOR', '580'),
(170, 4, 'RIO VIEJO', '600'),
(171, 4, 'SAN CRISTOBAL', '620'),
(172, 4, 'SAN ESTANISLAO', '647'),
(173, 4, 'SAN FERNANDO', '650'),
(174, 4, 'SAN JACINTO', '654'),
(175, 4, 'SAN JACINTO DEL CAUCA', '655'),
(176, 4, 'SAN JUAN NEPOMUCENO', '657'),
(177, 4, 'SAN MARTIN DE LOBA', '667'),
(178, 4, 'SAN PABLO', '670'),
(179, 4, 'SANTA CATALINA', '673'),
(180, 4, 'SANTA ROSA', '683'),
(181, 4, 'SANTA ROSA DEL SUR', '688'),
(182, 4, 'SIMITI', '744'),
(183, 4, 'SOPLAVIENTO', '760'),
(184, 4, 'TALAIGUA NUEVO', '780'),
(185, 4, 'TIQUISIO', '810'),
(186, 4, 'TURBACO', '836'),
(187, 4, 'TURBANA', '838'),
(188, 4, 'VILLANUEVA', '873'),
(189, 4, 'ZAMBRANO', '894'),
(190, 5, 'TUNJA', '001'),
(191, 5, 'ALMEIDA', '022'),
(192, 5, 'AQUITANIA', '047'),
(193, 5, 'ARCABUCO', '051'),
(194, 5, 'BELEN', '087'),
(195, 5, 'BERBEO', '090'),
(196, 5, 'BETEITIVA', '092'),
(197, 5, 'BOAVITA', '097'),
(198, 5, 'BOYACA', '104'),
(199, 5, 'BUENAVISTA', '109'),
(200, 5, 'BUSBANZA', '114'),
(201, 5, 'CALDAS', '131'),
(202, 5, 'CAMPOHERMOSO', '135'),
(203, 5, 'CERINZA', '162'),
(204, 5, 'CHINAVITA', '172'),
(205, 5, 'CHIQUINQUIRA', '176'),
(206, 5, 'CHISCAS', '180'),
(207, 5, 'CHITA', '183'),
(208, 5, 'CHITARAQUE', '185'),
(209, 5, 'CHIVATA', '187'),
(210, 5, 'CIENEGA', '189'),
(211, 5, 'COMBITA', '204'),
(212, 5, 'COPER', '212'),
(213, 5, 'CORRALES', '215'),
(214, 5, 'COVARACHIA', '218'),
(215, 5, 'CUBARA', '223'),
(216, 5, 'CUCAITA', '224'),
(217, 5, 'CUITIVA', '226'),
(218, 5, 'CHIQUIZA', '232'),
(219, 5, 'CHIVOR', '236'),
(220, 5, 'DUITAMA', '238'),
(221, 5, 'EL COCUY', '244'),
(222, 5, 'EL ESPINO', '248'),
(223, 5, 'FIRAVITOBA', '272'),
(224, 5, 'FLORESTA', '276'),
(225, 5, 'GACHANTIVA', '293'),
(226, 5, 'GAMEZA', '296'),
(227, 5, 'GARAGOA', '299'),
(228, 5, 'GUACAMAYAS', '317'),
(229, 5, 'GUATEQUE', '322'),
(230, 5, 'GUAYATA', '325'),
(231, 5, 'GsICAN', '332'),
(232, 5, 'IZA', '362'),
(233, 5, 'JENESANO', '367'),
(234, 5, 'JERICO', '368'),
(235, 5, 'LABRANZAGRANDE', '377'),
(236, 5, 'LA CAPILLA', '380'),
(237, 5, 'LA VICTORIA', '401'),
(238, 5, 'LA UVITA', '403'),
(239, 5, 'VILLA DE LEYVA', '407'),
(240, 5, 'MACANAL', '425'),
(241, 5, 'MARIPI', '442'),
(242, 5, 'MIRAFLORES', '455'),
(243, 5, 'MONGUA', '464'),
(244, 5, 'MONGUI', '466'),
(245, 5, 'MONIQUIRA', '469'),
(246, 5, 'MOTAVITA', '476'),
(247, 5, 'MUZO', '480'),
(248, 5, 'NOBSA', '491'),
(249, 5, 'NUEVO COLON', '494'),
(250, 5, 'OICATA', '500'),
(251, 5, 'OTANCHE', '507'),
(252, 5, 'PACHAVITA', '511'),
(253, 5, 'PAEZ', '514'),
(254, 5, 'PAIPA', '516'),
(255, 5, 'PAJARITO', '518'),
(256, 5, 'PANQUEBA', '522'),
(257, 5, 'PAUNA', '531'),
(258, 5, 'PAYA', '533'),
(259, 5, 'PAZ DE RIO', '537'),
(260, 5, 'PESCA', '542'),
(261, 5, 'PISBA', '550'),
(262, 5, 'PUERTO BOYACA', '572'),
(263, 5, 'QUIPAMA', '580'),
(264, 5, 'RAMIRIQUI', '599'),
(265, 5, 'RAQUIRA', '600'),
(266, 5, 'RONDON', '621'),
(267, 5, 'SABOYA', '632'),
(268, 5, 'SACHICA', '638'),
(269, 5, 'SAMACA', '646'),
(270, 5, 'SAN EDUARDO', '660'),
(271, 5, 'SAN JOSE DE PARE', '664'),
(272, 5, 'SAN LUIS DE GACENO', '667'),
(273, 5, 'SAN MATEO', '673'),
(274, 5, 'SAN MIGUEL DE SEMA', '676'),
(275, 5, 'SAN PABLO DE BORBUR', '681'),
(276, 5, 'SANTANA', '686'),
(277, 5, 'SANTA MARIA', '690'),
(278, 5, 'SANTA ROSA DE VITERBO', '693'),
(279, 5, 'SANTA SOFIA', '696'),
(280, 5, 'SATIVANORTE', '720'),
(281, 5, 'SATIVASUR', '723'),
(282, 5, 'SIACHOQUE', '740'),
(283, 5, 'SOATA', '753'),
(284, 5, 'SOCOTA', '755'),
(285, 5, 'SOCHA', '757'),
(286, 5, 'SOGAMOSO', '759'),
(287, 5, 'SOMONDOCO', '761'),
(288, 5, 'SORA', '762'),
(289, 5, 'SOTAQUIRA', '763'),
(290, 5, 'SORACA', '764'),
(291, 5, 'SUSACON', '774'),
(292, 5, 'SUTAMARCHAN', '776'),
(293, 5, 'SUTATENZA', '778'),
(294, 5, 'TASCO', '790'),
(295, 5, 'TENZA', '798'),
(296, 5, 'TIBANA', '804'),
(297, 5, 'TIBASOSA', '806'),
(298, 5, 'TINJACA', '808'),
(299, 5, 'TIPACOQUE', '810'),
(300, 5, 'TOCA', '814'),
(301, 5, 'TOGsI', '816'),
(302, 5, 'TOPAGA', '820'),
(303, 5, 'TOTA', '822'),
(304, 5, 'TUNUNGUA', '832'),
(305, 5, 'TURMEQUE', '835'),
(306, 5, 'TUTA', '837'),
(307, 5, 'TUTAZA', '839'),
(308, 5, 'UMBITA', '842'),
(309, 5, 'VENTAQUEMADA', '861'),
(310, 5, 'VIRACACHA', '879'),
(311, 5, 'ZETAQUIRA', '897'),
(312, 6, 'MANIZALES', '001'),
(313, 6, 'AGUADAS', '013'),
(314, 6, 'ANSERMA', '042'),
(315, 6, 'ARANZAZU', '050'),
(316, 6, 'BELALCAZAR', '088'),
(317, 6, 'CHINCHINA', '174'),
(318, 6, 'FILADELFIA', '272'),
(319, 6, 'LA DORADA', '380'),
(320, 6, 'LA MERCED', '388'),
(321, 6, 'MANZANARES', '433'),
(322, 6, 'MARMATO', '442'),
(323, 6, 'MARQUETALIA', '444'),
(324, 6, 'MARULANDA', '446'),
(325, 6, 'NEIRA', '486'),
(326, 6, 'NORCASIA', '495'),
(327, 6, 'PACORA', '513'),
(328, 6, 'PALESTINA', '524'),
(329, 6, 'PENSILVANIA', '541'),
(330, 6, 'RIOSUCIO', '614'),
(331, 6, 'RISARALDA', '616'),
(332, 6, 'SALAMINA', '653'),
(333, 6, 'SAMANA', '662'),
(334, 6, 'SAN JOSE', '665'),
(335, 6, 'SUPIA', '777'),
(336, 6, 'VICTORIA', '867'),
(337, 6, 'VILLAMARIA', '873'),
(338, 6, 'VITERBO', '877'),
(339, 7, 'FLORENCIA', '001'),
(340, 7, 'ALBANIA', '029'),
(341, 7, 'BELEN DE LOS ANDAQUIES', '094'),
(342, 7, 'CARTAGENA DEL CHAIRA', '150'),
(343, 7, 'CURILLO', '205'),
(344, 7, 'EL DONCELLO', '247'),
(345, 7, 'EL PAUJIL', '256'),
(346, 7, 'MILAN', '460'),
(347, 7, 'MORELIA', '479'),
(348, 7, 'PUERTO RICO', '592'),
(349, 7, 'SAN JOSE DEL FRAGUA', '610'),
(350, 7, 'SAN VICENTE DEL CAGUAN', '753'),
(351, 7, 'SOLANO', '756'),
(352, 7, 'SOLITA', '785'),
(353, 7, 'VALPARAISO', '860'),
(354, 8, 'POPAYAN', '001'),
(355, 8, 'ALMAGUER', '022'),
(356, 8, 'ARGELIA', '050'),
(357, 8, 'BALBOA', '075'),
(358, 8, 'BOLIVAR', '100'),
(359, 8, 'BUENOS AIRES', '110'),
(360, 8, 'CAJIBIO', '130'),
(361, 8, 'CALDONO', '137'),
(362, 8, 'CALOTO', '142'),
(363, 8, 'CORINTO', '212'),
(364, 8, 'EL TAMBO', '256'),
(365, 8, 'FLORENCIA', '290'),
(366, 8, 'GUACHENE', '300'),
(367, 8, 'GUAPI', '318'),
(368, 8, 'INZA', '355'),
(369, 8, 'JAMBALO', '364'),
(370, 8, 'LA SIERRA', '392'),
(371, 8, 'LA VEGA', '397'),
(372, 8, 'LOPEZ', '418'),
(373, 8, 'MERCADERES', '450'),
(374, 8, 'MIRANDA', '455'),
(375, 8, 'MORALES', '473'),
(376, 8, 'PADILLA', '513'),
(377, 8, 'PAEZ', '517'),
(378, 8, 'PATIA', '532'),
(379, 8, 'PIAMONTE', '533'),
(380, 8, 'PIENDAMO', '548'),
(381, 8, 'PUERTO TEJADA', '573'),
(382, 8, 'PURACE', '585'),
(383, 8, 'ROSAS', '622'),
(384, 8, 'SAN SEBASTIAN', '693'),
(385, 8, 'SANTANDER DE QUILICHAO', '698'),
(386, 8, 'SANTA ROSA', '701'),
(387, 8, 'SILVIA', '743'),
(388, 8, 'SOTARA', '760'),
(389, 8, 'SUAREZ', '780'),
(390, 8, 'SUCRE', '785'),
(391, 8, 'TIMBIO', '807'),
(392, 8, 'TIMBIQUI', '809'),
(393, 8, 'TORIBIO', '821'),
(394, 8, 'TOTORO', '824'),
(395, 8, 'VILLA RICA', '845'),
(396, 9, 'VALLEDUPAR', '001'),
(397, 9, 'AGUACHICA', '011'),
(398, 9, 'AGUSTIN CODAZZI', '013'),
(399, 9, 'ASTREA', '032'),
(400, 9, 'BECERRIL', '045'),
(401, 9, 'BOSCONIA', '060'),
(402, 9, 'CHIMICHAGUA', '175'),
(403, 9, 'CHIRIGUANA', '178'),
(404, 9, 'CURUMANI', '228'),
(405, 9, 'EL COPEY', '238'),
(406, 9, 'EL PASO', '250'),
(407, 9, 'GAMARRA', '295'),
(408, 9, 'GONZALEZ', '310'),
(409, 9, 'LA GLORIA', '383'),
(410, 9, 'LA JAGUA DE IBIRICO', '400'),
(411, 9, 'MANAURE', '443'),
(412, 9, 'PAILITAS', '517'),
(413, 9, 'PELAYA', '550'),
(414, 9, 'PUEBLO BELLO', '570'),
(415, 9, 'RIO DE ORO', '614'),
(416, 9, 'LA PAZ', '621'),
(417, 9, 'SAN ALBERTO', '710'),
(418, 9, 'SAN DIEGO', '750'),
(419, 9, 'SAN MARTIN', '770'),
(420, 9, 'TAMALAMEQUE', '787'),
(421, 10, 'MONTERIA', '001'),
(422, 10, 'AYAPEL', '068'),
(423, 10, 'BUENAVISTA', '079'),
(424, 10, 'CANALETE', '090'),
(425, 10, 'CERETE', '162'),
(426, 10, 'CHIMA', '168'),
(427, 10, 'CHINU', '182'),
(428, 10, 'CIENAGA DE ORO', '189'),
(429, 10, 'COTORRA', '300'),
(430, 10, 'LA APARTADA', '350'),
(431, 10, 'LORICA', '417'),
(432, 10, 'LOS CORDOBAS', '419'),
(433, 10, 'MOMIL', '464'),
(434, 10, 'MONTELIBANO', '466'),
(435, 10, 'PLANETA RICA', '555'),
(436, 10, 'PUEBLO NUEVO', '570'),
(437, 10, 'PUERTO ESCONDIDO', '574'),
(438, 10, 'PUERTO LIBERTADOR', '580'),
(439, 10, 'PURISIMA', '586'),
(440, 10, 'SAHAGUN', '660'),
(441, 10, 'SAN ANDRES SOTAVENTO', '670'),
(442, 10, 'SAN ANTERO', '672'),
(443, 10, 'SAN BERNARDO DEL VIENTO', '675'),
(444, 10, 'SAN CARLOS', '678'),
(445, 10, 'SAN PELAYO', '686'),
(446, 10, 'TIERRALTA', '807'),
(447, 10, 'VALENCIA', '855'),
(448, 11, 'AGUA DE DIOS', '001'),
(449, 11, 'ALBAN', '019'),
(450, 11, 'ANAPOIMA', '035'),
(451, 11, 'ANOLAIMA', '040'),
(452, 11, 'ARBELAEZ', '053'),
(453, 11, 'BELTRAN', '086'),
(454, 11, 'BITUIMA', '095'),
(455, 11, 'BOJACA', '099'),
(456, 11, 'CABRERA', '120'),
(457, 11, 'CACHIPAY', '123'),
(458, 11, 'CAJICA', '126'),
(459, 11, 'CAPARRAPI', '148'),
(460, 11, 'CAQUEZA', '151'),
(461, 11, 'CARMEN DE CARUPA', '154'),
(462, 11, 'CHAGUANI', '168'),
(463, 11, 'CHIA', '175'),
(464, 11, 'CHIPAQUE', '178'),
(465, 11, 'CHOACHI', '181'),
(466, 11, 'CHOCONTA', '183'),
(467, 11, 'COGUA', '200'),
(468, 11, 'COTA', '214'),
(469, 11, 'CUCUNUBA', '224'),
(470, 11, 'EL COLEGIO', '245'),
(471, 11, 'EL ROSAL', '260'),
(472, 11, 'FACATATIVA', '269'),
(473, 11, 'FOMEQUE', '279'),
(474, 11, 'FOSCA', '281'),
(475, 11, 'FUNZA', '286'),
(476, 11, 'FUQUENE', '288'),
(477, 11, 'FUSAGASUGA', '290'),
(478, 11, 'GACHALA', '293'),
(479, 11, 'GACHANCIPA', '295'),
(480, 11, 'GACHETA', '297'),
(481, 11, 'GAMA', '299'),
(482, 11, 'GIRARDOT', '307'),
(483, 11, 'GRANADA', '312'),
(484, 11, 'GUACHETA', '317'),
(485, 11, 'GUADUAS', '320'),
(486, 11, 'GUASCA', '322'),
(487, 11, 'GUATAQUI', '324'),
(488, 11, 'GUATAVITA', '326'),
(489, 11, 'GUAYABAL DE SIQUIMA', '328'),
(490, 11, 'GUAYABETAL', '335'),
(491, 11, 'GUTIERREZ', '339'),
(492, 11, 'JERUSALEN', '368'),
(493, 11, 'JUNIN', '372'),
(494, 11, 'LA CALERA', '377'),
(495, 11, 'LA MESA', '386'),
(496, 11, 'LA PALMA', '394'),
(497, 11, 'LA VEGA', '402'),
(498, 11, 'LENGUAZAQUE', '407'),
(499, 11, 'MACHETA', '426'),
(500, 11, 'MADRID', '430'),
(501, 11, 'MANTA', '436'),
(502, 11, 'MEDINA', '438'),
(503, 11, 'MOSQUERA', '473'),
(504, 11, 'NEMOCON', '486'),
(505, 11, 'NILO', '488'),
(506, 11, 'NIMAIMA', '489'),
(507, 11, 'NOCAIMA', '491'),
(508, 11, 'VENECIA', '506'),
(509, 11, 'PACHO', '513'),
(510, 11, 'PAIME', '518'),
(511, 11, 'PANDI', '524'),
(512, 11, 'PARATEBUENO', '530'),
(513, 11, 'PASCA', '535'),
(514, 11, 'PUERTO SALGAR', '572'),
(515, 11, 'PULI', '580'),
(516, 11, 'QUEBRADANEGRA', '592'),
(517, 11, 'QUETAME', '594'),
(518, 11, 'QUIPILE', '596'),
(519, 11, 'APULO', '599'),
(520, 11, 'RICAURTE', '612'),
(521, 11, 'SAN ANTONIO DEL TEQUENDAMA', '645'),
(522, 11, 'SAN BERNARDO', '649'),
(523, 11, 'SAN CAYETANO', '653'),
(524, 11, 'SAN FRANCISCO', '658'),
(525, 11, 'SAN JUAN DE RIO SECO', '662'),
(526, 11, 'SASAIMA', '718'),
(527, 11, 'SESQUILE', '736'),
(528, 11, 'SIBATE', '740'),
(529, 11, 'SILVANIA', '743'),
(530, 11, 'SIMIJACA', '745'),
(531, 11, 'SOACHA', '754'),
(532, 11, 'SOPO', '758'),
(533, 11, 'SUBACHOQUE', '769'),
(534, 11, 'SUESCA', '772'),
(535, 11, 'SUPATA', '777'),
(536, 11, 'SUSA', '779'),
(537, 11, 'SUTATAUSA', '781'),
(538, 11, 'TABIO', '785'),
(539, 11, 'TAUSA', '793'),
(540, 11, 'TENA', '797'),
(541, 11, 'TENJO', '799'),
(542, 11, 'TIBACUY', '805'),
(543, 11, 'TIBIRITA', '807'),
(544, 11, 'TOCAIMA', '815'),
(545, 11, 'TOCANCIPA', '817'),
(546, 11, 'TOPAIPI', '823'),
(547, 11, 'UBALA', '839'),
(548, 11, 'UBAQUE', '841'),
(549, 11, 'VILLA DE SAN DIEGO DE UBATE', '843'),
(550, 11, 'UNE', '845'),
(551, 11, 'UTICA', '851'),
(552, 11, 'VERGARA', '862'),
(553, 11, 'VIANI', '867'),
(554, 11, 'VILLAGOMEZ', '871'),
(555, 11, 'VILLAPINZON', '873'),
(556, 11, 'VILLETA', '875'),
(557, 11, 'VIOTA', '878'),
(558, 11, 'YACOPI', '885'),
(559, 11, 'ZIPACON', '898'),
(560, 11, 'ZIPAQUIRA', '899'),
(561, 12, 'QUIBDO', '001'),
(562, 12, 'ACANDI', '006'),
(563, 12, 'ALTO BAUDO', '025'),
(564, 12, 'ATRATO', '050'),
(565, 12, 'BAGADO', '073'),
(566, 12, 'BAHIA SOLANO', '075'),
(567, 12, 'BAJO BAUDO', '077'),
(568, 12, 'BOJAYA', '099'),
(569, 12, 'EL CANTON DEL SAN PABLO', '135'),
(570, 12, 'CARMEN DEL DARIEN', '150'),
(571, 12, 'CERTEGUI', '160'),
(572, 12, 'CONDOTO', '205'),
(573, 12, 'EL CARMEN DE ATRATO', '245'),
(574, 12, 'EL LITORAL DEL SAN JUAN', '250'),
(575, 12, 'ISTMINA', '361'),
(576, 12, 'JURADO', '372'),
(577, 12, 'LLORO', '413'),
(578, 12, 'MEDIO ATRATO', '425'),
(579, 12, 'MEDIO BAUDO', '430'),
(580, 12, 'MEDIO SAN JUAN', '450'),
(581, 12, 'NOVITA', '491'),
(582, 12, 'NUQUI', '495'),
(583, 12, 'RIO IRO', '580'),
(584, 12, 'RIO QUITO', '600'),
(585, 12, 'RIOSUCIO', '615'),
(586, 12, 'SAN JOSE DEL PALMAR', '660'),
(587, 12, 'SIPI', '745'),
(588, 12, 'TADO', '787'),
(589, 12, 'UNGUIA', '800'),
(590, 12, 'UNION PANAMERICANA', '810'),
(591, 13, 'NEIVA', '001'),
(592, 13, 'ACEVEDO', '006'),
(593, 13, 'AGRADO', '013'),
(594, 13, 'AIPE', '016'),
(595, 13, 'ALGECIRAS', '020'),
(596, 13, 'ALTAMIRA', '026'),
(597, 13, 'BARAYA', '078'),
(598, 13, 'CAMPOALEGRE', '132'),
(599, 13, 'COLOMBIA', '206'),
(600, 13, 'ELIAS', '244'),
(601, 13, 'GARZON', '298'),
(602, 13, 'GIGANTE', '306'),
(603, 13, 'GUADALUPE', '319'),
(604, 13, 'HOBO', '349'),
(605, 13, 'IQUIRA', '357'),
(606, 13, 'ISNOS', '359'),
(607, 13, 'LA ARGENTINA', '378'),
(608, 13, 'LA PLATA', '396'),
(609, 13, 'NATAGA', '483'),
(610, 13, 'OPORAPA', '503'),
(611, 13, 'PAICOL', '518'),
(612, 13, 'PALERMO', '524'),
(613, 13, 'PALESTINA', '530'),
(614, 13, 'PITAL', '548'),
(615, 13, 'PITALITO', '551'),
(616, 13, 'RIVERA', '615'),
(617, 13, 'SALADOBLANCO', '660'),
(618, 13, 'SAN AGUSTIN', '668'),
(619, 13, 'SANTA MARIA', '676'),
(620, 13, 'SUAZA', '770'),
(621, 13, 'TARQUI', '791'),
(622, 13, 'TESALIA', '797'),
(623, 13, 'TELLO', '799'),
(624, 13, 'TERUEL', '801'),
(625, 13, 'TIMANA', '807'),
(626, 13, 'VILLAVIEJA', '872'),
(627, 13, 'YAGUARA', '885'),
(628, 14, 'RIOHACHA', '001'),
(629, 14, 'ALBANIA', '035'),
(630, 14, 'BARRANCAS', '078'),
(631, 14, 'DIBULLA', '090'),
(632, 14, 'DISTRACCION', '098'),
(633, 14, 'EL MOLINO', '110'),
(634, 14, 'FONSECA', '279'),
(635, 14, 'HATONUEVO', '378'),
(636, 14, 'LA JAGUA DEL PILAR', '420'),
(637, 14, 'MAICAO', '430'),
(638, 14, 'MANAURE', '560'),
(639, 14, 'SAN JUAN DEL CESAR', '650'),
(640, 14, 'URIBIA', '847'),
(641, 14, 'URUMITA', '855'),
(642, 14, 'VILLANUEVA', '874'),
(643, 15, 'SANTA MARTA', '001'),
(644, 15, 'ALGARROBO', '030'),
(645, 15, 'ARACATACA', '053'),
(646, 15, 'ARIGUANI', '058'),
(647, 15, 'CERRO SAN ANTONIO', '161'),
(648, 15, 'CHIBOLO', '170'),
(649, 15, 'CIENAGA', '189'),
(650, 15, 'CONCORDIA', '205'),
(651, 15, 'EL BANCO', '245'),
(652, 15, 'EL RETEN', '268'),
(653, 15, 'FUNDACION', '288'),
(654, 15, 'GUAMAL', '318'),
(655, 15, 'NUEVA GRANADA', '460'),
(656, 15, 'PEDRAZA', '541'),
(657, 15, 'PIVIJAY', '551'),
(658, 15, 'PLATO', '555'),
(659, 15, 'PUEBLOVIEJO', '570'),
(660, 15, 'REMOLINO', '605'),
(661, 15, 'SABANAS DE SAN ANGEL', '660'),
(662, 15, 'SALAMINA', '675'),
(663, 15, 'SAN SEBASTIAN DE BUENAVISTA', '692'),
(664, 15, 'SAN ZENON', '703'),
(665, 15, 'SANTA ANA', '707'),
(666, 15, 'SANTA BARBARA DE PINTO', '720'),
(667, 15, 'SITIONUEVO', '745'),
(668, 15, 'TENERIFE', '798'),
(669, 15, 'ZAPAYAN', '960'),
(670, 15, 'ZONA BANANERA', '980'),
(671, 16, 'VILLAVICENCIO', '001'),
(672, 16, 'ACACIAS', '006'),
(673, 16, 'BARRANCA DE UPIA', '110'),
(674, 16, 'CABUYARO', '124'),
(675, 16, 'CASTILLA LA NUEVA', '150'),
(676, 16, 'CUBARRAL', '223'),
(677, 16, 'CUMARAL', '226'),
(678, 16, 'EL CALVARIO', '245'),
(679, 16, 'EL CASTILLO', '251'),
(680, 16, 'EL DORADO', '270'),
(681, 16, 'FUENTE DE ORO', '287'),
(682, 16, 'GRANADA', '313'),
(683, 16, 'GUAMAL', '318'),
(684, 16, 'MAPIRIPAN', '325'),
(685, 16, 'MESETAS', '330'),
(686, 16, 'LA MACARENA', '350'),
(687, 16, 'URIBE', '370'),
(688, 16, 'LEJANIAS', '400'),
(689, 16, 'PUERTO CONCORDIA', '450'),
(690, 16, 'PUERTO GAITAN', '568'),
(691, 16, 'PUERTO LOPEZ', '573'),
(692, 16, 'PUERTO LLERAS', '577'),
(693, 16, 'PUERTO RICO', '590'),
(694, 16, 'RESTREPO', '606'),
(695, 16, 'SAN CARLOS DE GUAROA', '680'),
(696, 16, 'SAN JUAN DE ARAMA', '683'),
(697, 16, 'SAN JUANITO', '686'),
(698, 16, 'SAN MARTIN', '689'),
(699, 16, 'VISTAHERMOSA', '711'),
(700, 17, 'PASTO', '001'),
(701, 17, 'ALBAN', '019'),
(702, 17, 'ALDANA', '022'),
(703, 17, 'ANCUYA', '036'),
(704, 17, 'ARBOLEDA', '051'),
(705, 17, 'BARBACOAS', '079'),
(706, 17, 'BELEN', '083'),
(707, 17, 'BUESACO', '110'),
(708, 17, 'COLON', '203'),
(709, 17, 'CONSACA', '207'),
(710, 17, 'CONTADERO', '210'),
(711, 17, 'CORDOBA', '215'),
(712, 17, 'CUASPUD', '224'),
(713, 17, 'CUMBAL', '227'),
(714, 17, 'CUMBITARA', '233'),
(715, 17, 'CHACHAGsI', '240'),
(716, 17, 'EL CHARCO', '250'),
(717, 17, 'EL ROSARIO', '256'),
(718, 17, 'EL TABLON DE GOMEZ', '258'),
(719, 17, 'EL TAMBO', '260'),
(720, 17, 'FUNES', '287'),
(721, 17, 'GUACHUCAL', '317'),
(722, 17, 'GUAITARILLA', '320'),
(723, 17, 'GUALMATAN', '323'),
(724, 17, 'ILES', '352'),
(725, 17, 'IMUES', '354'),
(726, 17, 'IPIALES', '356'),
(727, 17, 'LA CRUZ', '378'),
(728, 17, 'LA FLORIDA', '381'),
(729, 17, 'LA LLANADA', '385'),
(730, 17, 'LA TOLA', '390'),
(731, 17, 'LA UNION', '399'),
(732, 17, 'LEIVA', '405'),
(733, 17, 'LINARES', '411'),
(734, 17, 'LOS ANDES', '418'),
(735, 17, 'MAGsI', '427'),
(736, 17, 'MALLAMA', '435'),
(737, 17, 'MOSQUERA', '473'),
(738, 17, 'OLAYA HERRERA', '490'),
(739, 17, 'OSPINA', '506'),
(740, 17, 'FRANCISCO PIZARRO', '520'),
(741, 17, 'POLICARPA', '540'),
(742, 17, 'POTOSI', '560'),
(743, 17, 'PROVIDENCIA', '565'),
(744, 17, 'PUERRES', '573'),
(745, 17, 'PUPIALES', '585'),
(746, 17, 'RICAURTE', '612'),
(747, 17, 'ROBERTO PAYAN', '621'),
(748, 17, 'SAMANIEGO', '678'),
(749, 17, 'SANDONA', '683'),
(750, 17, 'SAN BERNARDO', '685'),
(751, 17, 'SAN LORENZO', '687'),
(752, 17, 'SAN PABLO', '693'),
(753, 17, 'SAN PEDRO DE CARTAGO', '694'),
(754, 17, 'SANTA BARBARA', '696'),
(755, 17, 'SANTACRUZ', '699'),
(756, 17, 'SAPUYES', '720'),
(757, 17, 'TAMINANGO', '786'),
(758, 17, 'TANGUA', '788'),
(759, 17, 'SAN ANDRES DE TUMACO', '835'),
(760, 17, 'TUQUERRES', '838'),
(761, 17, 'YACUANQUER', '885'),
(762, 18, 'CUCUTA', '001'),
(763, 18, 'ABREGO', '003'),
(764, 18, 'ARBOLEDAS', '051'),
(765, 18, 'BOCHALEMA', '099'),
(766, 18, 'BUCARASICA', '109'),
(767, 18, 'CACOTA', '125'),
(768, 18, 'CACHIRA', '128'),
(769, 18, 'CHINACOTA', '172'),
(770, 18, 'CHITAGA', '174'),
(771, 18, 'CONVENCION', '206'),
(772, 18, 'CUCUTILLA', '223'),
(773, 18, 'DURANIA', '239'),
(774, 18, 'EL CARMEN', '245'),
(775, 18, 'EL TARRA', '250'),
(776, 18, 'EL ZULIA', '261'),
(777, 18, 'GRAMALOTE', '313'),
(778, 18, 'HACARI', '344'),
(779, 18, 'HERRAN', '347'),
(780, 18, 'LABATECA', '377'),
(781, 18, 'LA ESPERANZA', '385'),
(782, 18, 'LA PLAYA', '398'),
(783, 18, 'LOS PATIOS', '405'),
(784, 18, 'LOURDES', '418'),
(785, 18, 'MUTISCUA', '480'),
(786, 18, 'PAMPLONA', '518'),
(787, 18, 'PAMPLONITA', '520'),
(788, 18, 'PUERTO SANTANDER', '553'),
(789, 18, 'RAGONVALIA', '599'),
(790, 18, 'SALAZAR', '660'),
(791, 18, 'SAN CALIXTO', '670'),
(792, 18, 'SAN CAYETANO', '673'),
(793, 18, 'SANTIAGO', '680'),
(794, 18, 'SARDINATA', '720'),
(795, 18, 'SILOS', '743'),
(796, 18, 'TEORAMA', '800'),
(797, 18, 'TIBU', '810'),
(798, 18, 'TOLEDO', '820'),
(799, 18, 'VILLA CARO', '871'),
(800, 18, 'VILLA DEL ROSARIO', '874'),
(801, 19, 'ARMENIA', '001'),
(802, 19, 'BUENAVISTA', '111'),
(803, 19, 'CALARCA', '130'),
(804, 19, 'CIRCASIA', '190'),
(805, 19, 'CORDOBA', '212'),
(806, 19, 'FILANDIA', '272'),
(807, 19, 'GENOVA', '302'),
(808, 19, 'LA TEBAIDA', '401'),
(809, 19, 'MONTENEGRO', '470'),
(810, 19, 'PIJAO', '548'),
(811, 19, 'QUIMBAYA', '594'),
(812, 19, 'SALENTO', '690'),
(813, 20, 'PEREIRA', '001'),
(814, 20, 'APIA', '045'),
(815, 20, 'BALBOA', '075'),
(816, 20, 'BELEN DE UMBRIA', '088'),
(817, 20, 'DOSQUEBRADAS', '170'),
(818, 20, 'GUATICA', '318'),
(819, 20, 'LA CELIA', '383'),
(820, 20, 'LA VIRGINIA', '400'),
(821, 20, 'MARSELLA', '440'),
(822, 20, 'MISTRATO', '456'),
(823, 20, 'PUEBLO RICO', '572'),
(824, 20, 'QUINCHIA', '594'),
(825, 20, 'SANTA ROSA DE CABAL', '682'),
(826, 20, 'SANTUARIO', '687'),
(827, 21, 'BUCARAMANGA', '001'),
(828, 21, 'AGUADA', '013'),
(829, 21, 'ALBANIA', '020'),
(830, 21, 'ARATOCA', '051'),
(831, 21, 'BARBOSA', '077'),
(832, 21, 'BARICHARA', '079'),
(833, 21, 'BARRANCABERMEJA', '081'),
(834, 21, 'BETULIA', '092'),
(835, 21, 'BOLIVAR', '101'),
(836, 21, 'CABRERA', '121'),
(837, 21, 'CALIFORNIA', '132'),
(838, 21, 'CAPITANEJO', '147'),
(839, 21, 'CARCASI', '152'),
(840, 21, 'CEPITA', '160'),
(841, 21, 'CERRITO', '162'),
(842, 21, 'CHARALA', '167'),
(843, 21, 'CHARTA', '169'),
(844, 21, 'CHIMA', '176'),
(845, 21, 'CHIPATA', '179'),
(846, 21, 'CIMITARRA', '190'),
(847, 21, 'CONCEPCION', '207'),
(848, 21, 'CONFINES', '209'),
(849, 21, 'CONTRATACION', '211'),
(850, 21, 'COROMORO', '217'),
(851, 21, 'CURITI', '229'),
(852, 21, 'EL CARMEN DE CHUCURI', '235'),
(853, 21, 'EL GUACAMAYO', '245'),
(854, 21, 'EL PLAYON', '255'),
(855, 21, 'ENCINO', '264'),
(856, 21, 'ENCISO', '266'),
(857, 21, 'FLORIAN', '271'),
(858, 21, 'FLORIDABLANCA', '276'),
(859, 21, 'GALAN', '296'),
(860, 21, 'GAMBITA', '298'),
(861, 21, 'GIRON', '307'),
(862, 21, 'GUACA', '318'),
(863, 21, 'GUADALUPE', '320'),
(864, 21, 'GUAPOTA', '322'),
(865, 21, 'GUAVATA', '324'),
(866, 21, 'GsEPSA', '327'),
(867, 21, 'HATO', '344'),
(868, 21, 'JESUS MARIA', '368'),
(869, 21, 'JORDAN', '370'),
(870, 21, 'LA BELLEZA', '377'),
(871, 21, 'LANDAZURI', '385'),
(872, 21, 'LA PAZ', '397'),
(873, 21, 'LEBRIJA', '406'),
(874, 21, 'LOS SANTOS', '418'),
(875, 21, 'MACARAVITA', '425'),
(876, 21, 'MALAGA', '432'),
(877, 21, 'MATANZA', '444'),
(878, 21, 'MOGOTES', '464'),
(879, 21, 'MOLAGAVITA', '468'),
(880, 21, 'OCAMONTE', '498'),
(881, 21, 'OIBA', '500'),
(882, 21, 'ONZAGA', '502'),
(883, 21, 'PALMAR', '522'),
(884, 21, 'PALMAS DEL SOCORRO', '524'),
(885, 21, 'PARAMO', '533'),
(886, 21, 'PIEDECUESTA', '547'),
(887, 21, 'PINCHOTE', '549'),
(888, 21, 'PUENTE NACIONAL', '572'),
(889, 21, 'PUERTO PARRA', '573'),
(890, 21, 'PUERTO WILCHES', '575'),
(891, 21, 'RIONEGRO', '615'),
(892, 21, 'SABANA DE TORRES', '655'),
(893, 21, 'SAN ANDRES', '669'),
(894, 21, 'SAN BENITO', '673'),
(895, 21, 'SAN GIL', '679'),
(896, 21, 'SAN JOAQUIN', '682'),
(897, 21, 'SAN JOSE DE MIRANDA', '684'),
(898, 21, 'SAN MIGUEL', '686'),
(899, 21, 'SAN VICENTE DE CHUCURI', '689'),
(900, 21, 'SANTA BARBARA', '705'),
(901, 21, 'SANTA HELENA DEL OPON', '720'),
(902, 21, 'SIMACOTA', '745'),
(903, 21, 'SOCORRO', '755'),
(904, 21, 'SUAITA', '770'),
(905, 21, 'SUCRE', '773'),
(906, 21, 'SURATA', '780'),
(907, 21, 'TONA', '820'),
(908, 21, 'VALLE DE SAN JOSE', '855'),
(909, 21, 'VELEZ', '861'),
(910, 21, 'VETAS', '867'),
(911, 21, 'VILLANUEVA', '872'),
(912, 21, 'ZAPATOCA', '895'),
(913, 22, 'SINCELEJO', '001'),
(914, 22, 'BUENAVISTA', '110'),
(915, 22, 'CAIMITO', '124'),
(916, 22, 'COLOSO', '204'),
(917, 22, 'COROZAL', '215'),
(918, 22, 'CHALAN', '230'),
(919, 22, 'EL ROBLE', '233'),
(920, 22, 'GALERAS', '235'),
(921, 22, 'GUARANDA', '265'),
(922, 22, 'LA UNION', '400'),
(923, 22, 'LOS PALMITOS', '418'),
(924, 22, 'MAJAGUAL', '429'),
(925, 22, 'MORROA', '473'),
(926, 22, 'OVEJAS', '508'),
(927, 22, 'PALMITO', '523'),
(928, 22, 'SAMPUES', '670'),
(929, 22, 'SAN BENITO ABAD', '678'),
(930, 22, 'SAN JUAN DE BETULIA', '702'),
(931, 22, 'SAN MARCOS', '708'),
(932, 22, 'SAN ONOFRE', '713'),
(933, 22, 'SAN PEDRO', '717'),
(934, 22, 'SAN LUIS DE SINCE', '742'),
(935, 22, 'SUCRE', '771'),
(936, 22, 'SANTIAGO DE TOLU', '820'),
(937, 22, 'TOLU VIEJO', '823'),
(938, 23, 'IBAGUE', '001'),
(939, 23, 'ALPUJARRA', '024'),
(940, 23, 'ALVARADO', '026'),
(941, 23, 'AMBALEMA', '030'),
(942, 23, 'ANZOATEGUI', '043'),
(943, 23, 'ARMERO', '055'),
(944, 23, 'ATACO', '067'),
(945, 23, 'CAJAMARCA', '124'),
(946, 23, 'CARMEN DE APICALA', '148'),
(947, 23, 'CASABIANCA', '152'),
(948, 23, 'CHAPARRAL', '168'),
(949, 23, 'COELLO', '200'),
(950, 23, 'COYAIMA', '217'),
(951, 23, 'CUNDAY', '226'),
(952, 23, 'DOLORES', '236'),
(953, 23, 'ESPINAL', '268'),
(954, 23, 'FALAN', '270'),
(955, 23, 'FLANDES', '275'),
(956, 23, 'FRESNO', '283'),
(957, 23, 'GUAMO', '319'),
(958, 23, 'HERVEO', '347'),
(959, 23, 'HONDA', '349'),
(960, 23, 'ICONONZO', '352'),
(961, 23, 'LERIDA', '408'),
(962, 23, 'LIBANO', '411'),
(963, 23, 'MARIQUITA', '443'),
(964, 23, 'MELGAR', '449'),
(965, 23, 'MURILLO', '461'),
(966, 23, 'NATAGAIMA', '483'),
(967, 23, 'ORTEGA', '504'),
(968, 23, 'PALOCABILDO', '520'),
(969, 23, 'PIEDRAS', '547'),
(970, 23, 'PLANADAS', '555'),
(971, 23, 'PRADO', '563'),
(972, 23, 'PURIFICACION', '585'),
(973, 23, 'RIOBLANCO', '616'),
(974, 23, 'RONCESVALLES', '622'),
(975, 23, 'ROVIRA', '624'),
(976, 23, 'SAN ANTONIO', '675'),
(977, 23, 'SAN LUIS', '678'),
(978, 23, 'SANTA ISABEL', '686'),
(979, 23, 'SUAREZ', '770'),
(980, 23, 'VALLE DE SAN JUAN', '854'),
(981, 23, 'VENADILLO', '861'),
(982, 23, 'VILLAHERMOSA', '870'),
(983, 23, 'VILLARRICA', '873'),
(984, 24, 'CALI', '001'),
(985, 24, 'ALCALA', '020'),
(986, 24, 'ANDALUCIA', '036'),
(987, 24, 'ANSERMANUEVO', '041'),
(988, 24, 'ARGELIA', '054'),
(989, 24, 'BOLIVAR', '100'),
(990, 24, 'BUENAVENTURA', '109'),
(991, 24, 'GUADALAJARA DE BUGA', '111'),
(992, 24, 'BUGALAGRANDE', '113'),
(993, 24, 'CAICEDONIA', '122'),
(994, 24, 'CALIMA', '126'),
(995, 24, 'CANDELARIA', '130'),
(996, 24, 'CARTAGO', '147'),
(997, 24, 'DAGUA', '233'),
(998, 24, 'EL AGUILA', '243'),
(999, 24, 'EL CAIRO', '246'),
(1000, 24, 'EL CERRITO', '248'),
(1001, 24, 'EL DOVIO', '250'),
(1002, 24, 'FLORIDA', '275'),
(1003, 24, 'GINEBRA', '306'),
(1004, 24, 'GUACARI', '318'),
(1005, 24, 'JAMUNDI', '364'),
(1006, 24, 'LA CUMBRE', '377'),
(1007, 24, 'LA UNION', '400'),
(1008, 24, 'LA VICTORIA', '403'),
(1009, 24, 'OBANDO', '497'),
(1010, 24, 'PALMIRA', '520'),
(1011, 24, 'PRADERA', '563'),
(1012, 24, 'RESTREPO', '606'),
(1013, 24, 'RIOFRIO', '616'),
(1014, 24, 'ROLDANILLO', '622'),
(1015, 24, 'SAN PEDRO', '670'),
(1016, 24, 'SEVILLA', '736'),
(1017, 24, 'TORO', '823'),
(1018, 24, 'TRUJILLO', '828'),
(1019, 24, 'TULUA', '834'),
(1020, 24, 'ULLOA', '845'),
(1021, 24, 'VERSALLES', '863'),
(1022, 24, 'VIJES', '869'),
(1023, 24, 'YOTOCO', '890'),
(1024, 24, 'YUMBO', '892'),
(1025, 24, 'ZARZAL', '895'),
(1026, 25, 'ARAUCA', '001'),
(1027, 25, 'ARAUQUITA', '065'),
(1028, 25, 'CRAVO NORTE', '220'),
(1029, 25, 'FORTUL', '300'),
(1030, 25, 'PUERTO RONDON', '591'),
(1031, 25, 'SARAVENA', '736'),
(1032, 25, 'TAME', '794'),
(1033, 26, 'YOPAL', '001'),
(1034, 26, 'AGUAZUL', '010'),
(1035, 26, 'CHAMEZA', '015'),
(1036, 26, 'HATO COROZAL', '125'),
(1037, 26, 'LA SALINA', '136'),
(1038, 26, 'MANI', '139'),
(1039, 26, 'MONTERREY', '162'),
(1040, 26, 'NUNCHIA', '225'),
(1041, 26, 'OROCUE', '230'),
(1042, 26, 'PAZ DE ARIPORO', '250'),
(1043, 26, 'PORE', '263'),
(1044, 26, 'RECETOR', '279'),
(1045, 26, 'SABANALARGA', '300'),
(1046, 26, 'SACAMA', '315'),
(1047, 26, 'SAN LUIS DE PALENQUE', '325'),
(1048, 26, 'TAMARA', '400'),
(1049, 26, 'TAURAMENA', '410'),
(1050, 26, 'TRINIDAD', '430'),
(1051, 26, 'VILLANUEVA', '440'),
(1052, 27, 'MOCOA', '001'),
(1053, 27, 'COLON', '219'),
(1054, 27, 'ORITO', '320'),
(1055, 27, 'PUERTO ASIS', '568'),
(1056, 27, 'PUERTO CAICEDO', '569'),
(1057, 27, 'PUERTO GUZMAN', '571'),
(1058, 27, 'LEGUIZAMO', '573'),
(1059, 27, 'SIBUNDOY', '749'),
(1060, 27, 'SAN FRANCISCO', '755'),
(1061, 27, 'SAN MIGUEL', '757'),
(1062, 27, 'SANTIAGO', '760'),
(1063, 27, 'VALLE DEL GUAMUEZ', '865'),
(1064, 27, 'VILLAGARZON', '885'),
(1065, 28, 'SAN ANDRES', '001'),
(1066, 28, 'PROVIDENCIA', '564'),
(1067, 29, 'LETICIA', '001'),
(1068, 29, 'EL ENCANTO', '263'),
(1069, 29, 'LA CHORRERA', '405'),
(1070, 29, 'LA PEDRERA', '407'),
(1071, 29, 'LA VICTORIA', '430'),
(1072, 29, 'MIRITI - PARANA', '460'),
(1073, 29, 'PUERTO ALEGRIA', '530'),
(1074, 29, 'PUERTO ARICA', '536'),
(1075, 29, 'PUERTO SANTANDER', '669'),
(1076, 29, 'TARAPACA', '798'),
(1077, 30, 'INIRIDA', '001'),
(1078, 30, 'BARRANCO MINAS', '343'),
(1079, 30, 'MAPIRIPANA', '663'),
(1080, 30, 'SAN FELIPE', '883'),
(1081, 30, 'PUERTO COLOMBIA', '884'),
(1082, 30, 'LA GUADALUPE', '885'),
(1083, 30, 'CACAHUAL', '886'),
(1084, 30, 'PANA PANA', '887'),
(1085, 30, 'MORICHAL', '888'),
(1086, 31, 'SAN JOSE DEL GUAVIARE', '001'),
(1087, 31, 'CALAMAR', '015'),
(1088, 31, 'EL RETORNO', '025'),
(1089, 31, 'MIRAFLORES', '200'),
(1090, 32, 'MITU', '001'),
(1091, 32, 'CARURU', '161'),
(1092, 32, 'PACOA', '511'),
(1093, 32, 'TARAIRA', '666'),
(1094, 32, 'PAPUNAUA', '777'),
(1095, 32, 'YAVARATE', '889'),
(1096, 33, 'LA PRIMAVERA', '524'),
(1097, 33, 'SANTA ROSALIA', '624'),
(1098, 33, 'CUMARIBO', '773');

--
-- Dumping data for table `Oficina`
--

INSERT INTO `Oficina` (`Id_Oficina`, `Nombre`, `Telefono`, `Celular`, `Correo`, `Direccion`, `Id_Municipio`, `Limite_Transferencia`, `Nombre_Establecimiento`, `Lema`, `Pie_Pagina`, `Estado`, `Creado`) VALUES
(5, 'Oficina Principal Arauquita', '8867985', '3112343522', 'arauquita@cambioshym.com', 'calle 5 #38-40', 1027, 100, 'Cambios HYM', 'Lo mejor en cambios', 'Conserve este recibo, es su unico comprobante para reclamaciones', 'Activa', '2018-09-04 20:52:51'),
(16, 'SARAVENA PRINCIPAL', '8820092', '3101234567', 'chas1@hym.com.co', 'CALLE 27 CON CRA 16, ESQUINA', 1031, 100, 'GIROS Y ENVIOS HAROLD A', 'EL QUE MEJOR PRECIO DA', 'POR FAVOR VERIFIQUE SU INFORMACION.', 'Activa', '2018-09-04 20:53:24'),
(25, 'Oficina 7', '8820092', '3101234567', 'chas1@hym.com.co', 'CALLE 26 CON CRA 16, ESQUINA', 80, 100, 'of7', 'EL QUE MEJOR PRECIO DA', 'POR FAVOR VERIFIQUE SU INFORMACION.', 'Inactiva', '2019-01-08 20:53:24'),
(29, 'SARAVENA 2', '8820092', '3101234567', 'SAR2@hym.com.co', 'DIAGONAL 30 CON 13', 1031, 100, 'SAR2', 'EL QUE MEJOR PRECIO DA', 'POR FAVOR VERIFIQUE SU INFORMACION.', 'Activa', '2019-01-08 20:53:24'),
(30, 'GIROS', '8835101', '3101234567', 'GIROS@hym.com.co', 'EDIFICIO HYM, PRIMER PISO', 1027, 100, 'GIR', 'EL QUE MEJOR PRECIO DA', 'POR FAVOR VERIFIQUE SU INFORMACION.', 'Activa', '2019-01-08 20:53:24'),
(36, 'Oficina Eddo Prueba', '6554444', '3202525698', 'correo@gmail.com', 'Calle con carrera', 594, 1, 'Eddo', 'Mas Barato, IMPOSIBLE!', 'Verifique la informaciòn nates de retirarse de la ventanilla.', 'Activa', '2020-12-16 16:17:05'),
(37, 'Pueblo Nuevo', '0', '0', '0', '0', 1030, 0, 'Conexiones Celulares SAS', '0', 'Revise su dinero', 'Activa', '2020-12-22 17:41:43'),
(38, 'HyM', '8835101', '', '', '', 1027, 1000000, 'Edificio HyM', '', '', 'Activa', '2021-05-13 19:12:02'),
(39, 'Soporte', '', '', '', '', 1031, 9999, '9999', 'El que mas anda', '', 'Activa', '2021-05-18 17:57:25'),
(40, 'ARAUCA', '3202129304', '3202046004', '', 'CRA 20 NÂ° 26A-67', 1026, 9999, '9999', 'El Que Mejor Precio Da', 'Revise su recibo.', 'Activa', '2021-05-18 18:19:17'),
(41, 'FORTUL', '', '3143881888', '', 'Calle 7 NÂ° 19-25', 1029, 9999, '9999', 'El que mejor precio da.', 'Ojo, mucho ojo.', 'Activa', '2021-05-18 18:34:32');

--
-- Dumping data for table `Oficina_Moneda`
--

INSERT INTO `Oficina_Moneda` (`Id_Oficina_Moneda`, `Identificacion_Funcionario`, `Id_Moneda`, `Valor`, `Campo_Visual`, `Id_Oficina`, `Creado`) VALUES
(28, '', 1, 14, 'Costo Transferencia', 17, '2018-09-04 22:24:23'),
(27, '', 1, 13, 'Comision Recaudo', 17, '2018-09-04 22:24:23'),
(26, '', 1, 12, 'Pagar Comision Desde', 17, '2018-09-04 22:24:23'),
(25, '', 1, 11, 'Comision CNB', 17, '2018-09-04 22:24:23'),
(24, '', 1, 10, 'Comision Ganaderos', 17, '2018-09-04 22:24:23'),
(23, '', 1, 9, 'Comision Efectivo', 17, '2018-09-04 22:24:23'),
(22, '', 1, 8, 'Min. No Cobro Transferencia', 17, '2018-09-04 22:24:23'),
(21, '', 1, 7, 'Min. Compra Bolivar', 17, '2018-09-04 22:24:23'),
(20, '', 1, 6, 'Max. Compra Bolivar', 17, '2018-09-04 22:24:23'),
(19, '', 1, 5, 'Precio Ventanilla', 17, '2018-09-04 22:24:23'),
(16, '', 1, 2, 'Min. Venta Efectivo', 17, '2018-09-04 22:24:22'),
(17, '', 1, 3, 'Min. Venta Bolivar/Cta', 17, '2018-09-04 22:24:22'),
(18, '', 1, 4, 'Max. Venta Bolivar/Cta', 17, '2018-09-04 22:24:22'),
(15, '', 1, 125, 'Max. Venta Efectivo', 17, '2018-09-04 22:24:22'),
(29, NULL, 1, 100, 'Max. Venta Efectivo', 18, '2018-10-10 15:55:56'),
(30, NULL, 1, 100, 'Min. Venta Efectivo', 18, '2018-10-10 15:55:56'),
(31, NULL, 1, 100, 'Sugerido Venta Efectivo', 18, '2018-10-10 15:55:56'),
(32, NULL, 1, 100, 'Max. Compra Efectivo', 18, '2018-10-10 15:55:56'),
(33, NULL, 1, 100, 'Min. Compra Efectivo', 18, '2018-10-10 15:55:56'),
(34, NULL, 1, 100, 'Sugerido Compra Efectivo', 18, '2018-10-10 15:55:56'),
(35, NULL, 1, 100, 'Max. Venta Transferencia', 18, '2018-10-10 15:55:56'),
(36, NULL, 1, 100, 'Min. Venta Transferencia', 18, '2018-10-10 15:55:56'),
(37, NULL, 1, 100, 'Sugerido Venta Transferencia', 18, '2018-10-10 15:55:56'),
(38, NULL, 1, 100, 'Minimo no cobro Transf.', 18, '2018-10-10 15:55:56'),
(39, NULL, 1, 100, 'Costro Transferencia', 18, '2018-10-10 15:55:56'),
(40, NULL, 1, 100, 'Comision Efectivo Transferencia', 18, '2018-10-10 15:55:56'),
(41, NULL, 1, 100, 'Pagar comision desde', 18, '2018-10-10 15:55:56'),
(42, NULL, 1, 200000, 'Max. Venta Efectivo', 31, '2019-03-08 22:00:23'),
(43, NULL, 1, 200000, 'Min. Venta Efectivo', 31, '2019-03-08 22:00:23'),
(44, NULL, 1, 200000, 'Sugerido Venta Efectivo', 31, '2019-03-08 22:00:23'),
(45, NULL, 1, 200000, 'Max. Compra Efectivo', 31, '2019-03-08 22:00:23'),
(46, NULL, 1, 200000, 'Min. Compra Efectivo', 31, '2019-03-08 22:00:23'),
(47, NULL, 1, 200000, 'Sugerido Compra Efectivo', 31, '2019-03-08 22:00:23'),
(48, NULL, 1, 200000, 'Max. Venta Transferencia', 31, '2019-03-08 22:00:23'),
(49, NULL, 1, 200000, 'Min. Venta Transferencia', 31, '2019-03-08 22:00:23'),
(50, NULL, 1, 200000, 'Sugerido Venta Transferencia', 31, '2019-03-08 22:00:23'),
(51, NULL, 1, 200000, 'Minimo no cobro Transf.', 31, '2019-03-08 22:00:23'),
(52, NULL, 1, 200000, 'Costro Transferencia', 31, '2019-03-08 22:00:23'),
(53, NULL, 1, 200000, 'Comision Efectivo Transferencia', 31, '2019-03-08 22:00:23'),
(54, NULL, 1, 200000, 'Pagar comision desde', 31, '2019-03-08 22:00:23');

--
-- Dumping data for table `Pago_Transfenecia`
--

INSERT INTO `Pago_Transfenecia` (`Id_Pago_Transfenecia`, `Id_Consultor_Apertura_Cuenta`, `Fecha`, `Fecha_Devolucion`, `Id_Transferencia_Destino`, `Cajero`, `Id_Cuenta_Bancaria`, `Codigo_Transferencia`, `Valor`, `Devuelta`) VALUES
(209, 265, '2021-10-15 19:14:37', NULL, 487, '9999999', '24', '12354', 0.00, 'No'),
(208, 258, '2021-09-20 19:50:35', NULL, 437, '987654321', '25', '143242', 100000.23, 'No'),
(207, 258, '2021-09-20 19:43:01', NULL, 429, '987654321', '25', '345234524', 80000.23, 'No'),
(206, 257, '2021-09-17 17:21:10', NULL, 429, '9999999', '24', '2341324456', 20000.00, 'No'),
(205, 257, '2021-09-17 17:18:52', NULL, 427, '9999999', '24', '100000', 20.00, 'No'),
(204, 257, '2021-09-17 17:18:21', NULL, 427, '9999999', '24', '1000000', 0.00, 'No'),
(203, 242, '2021-09-17 15:19:14', '2021-09-17 12:16:52', 428, '987654321', '27', '76232323', 100000.00, 'Si');

--
-- Dumping data for table `Pais`
--

INSERT INTO `Pais` (`Id_Pais`, `Codigo`, `Nombre`, `Id_Moneda`, `Cantidad_Digitos_Inicial_Cuenta`, `Cantidad_Digitos_Cuenta`) VALUES
(1, 'CO', 'Colombia', 2, 3, 0),
(2, 'VE', 'Venezuela', 1, 4, 20),
(3, 'ES', 'Espana', 0, 0, 0),
(4, 'US', 'Estados Unidos', 0, 0, 0),
(5, 'PA', 'Panama', 0, 0, 0),
(6, 'CR', 'Costa Rica', 0, 0, 0),
(7, 'PR', 'Puerto Rico', 0, 0, 0);

--
-- Dumping data for table `Perfil`
--

INSERT INTO `Perfil` (`Id_Perfil`, `Nombre`, `Detalle`, `Tablero`) VALUES
(1, 'Administrador', 'Administrador', 'tableroauditor'),
(2, 'Cajero Principal', 'Cajero Principal', 'tablerocajeroprincipal'),
(3, 'Cajero', 'Cajero', 'tablerocajero'),
(4, 'Consultor', 'Consultor', 'tableroconsultor'),
(5, 'Auditor', 'Auditor', 'tableroauditor'),
(6, 'Gerencia', 'Gerente', 'tablerogerencia'),
(7, 'Agente Externo', 'Para los agentes externos', 'tableroagenteexterno'),
(100, 'Recaudador', 'sin detalle', 'tablerorecaudador');

--
-- Dumping data for table `Perfil_Funcionario`
--

INSERT INTO `Perfil_Funcionario` (`Id_Perfil_Funcionario`, `Id_Perfil`, `Identificacion_Funcionario`, `Titulo_Modulo`, `Modulo`, `Crear`, `Editar`, `Eliminar`, `Ver`) VALUES
(2142, 3, 513549845, 'Traslados', 'Traslados', '1', '1', '1', '0'),
(2441, 3, 10000, 'POS', 'POS', '1', '1', '1', '0'),
(2440, 3, 10000, 'Perfiles', 'Perfiles', '0', '0', '0', '0'),
(2439, 3, 10000, 'Oficinas', 'Oficinas', '0', '0', '0', '0'),
(2438, 3, 10000, 'Monedas', 'Monedas', '0', '0', '0', '0'),
(2437, 3, 10000, 'Log de Sistema', 'LogSistema', '0', '0', '0', '0'),
(2436, 3, 10000, 'Informacion Giros', 'InformacionGiros', '0', '0', '0', '0'),
(399, 5, 12346, 'Remitentes', 'Remitentes', '0', '0', '0', '1'),
(398, 5, 12346, 'Perfiles', 'Perfiles', '0', '0', '0', '1'),
(397, 5, 12346, 'Cajas Recaudos', 'CajasRecaudos', '0', '0', '0', '1'),
(396, 5, 12346, 'Destinatarios', 'Destinatarios', '0', '0', '0', '1'),
(394, 5, 12346, 'Bancos', 'Bancos', '0', '0', '0', '1'),
(395, 5, 12346, 'Cuentas Bancarias', 'CuentasBancarias', '0', '0', '0', '1'),
(393, 5, 12346, 'Cajas', 'Cajas', '0', '0', '0', '1'),
(392, 5, 12346, 'Oficinas', 'Oficinas', '0', '0', '0', '1'),
(391, 5, 12346, 'Cargo', 'Cargo', '0', '0', '0', '1'),
(390, 5, 12346, 'Configuracion General', 'ConfiguracionGeneral', '0', '0', '0', '1'),
(389, 5, 12346, 'Configuracion', 'Configuracion', '0', '0', '0', '1'),
(388, 5, 12346, 'Cuentas Terceros', 'CuentasTerceros', '0', '0', '0', '1'),
(387, 5, 12346, 'Cuentas por Pagar', 'CuentasPagar', '0', '0', '0', '1'),
(386, 5, 12346, 'Cuentas por Cobrar (cartera)', 'CuentasCobrar', '0', '0', '0', '1'),
(385, 5, 12346, 'Flujo Efectivo', 'FlujoEfectivo', '0', '0', '0', '1'),
(384, 5, 12346, 'Balance General', 'BalanceGeneral', '0', '0', '0', '1'),
(383, 5, 12346, 'Indicadores', 'Indicadores', '0', '0', '0', '1'),
(380, 5, 12346, 'Giros', 'Giros', '0', '0', '0', '1'),
(381, 5, 12346, 'Corresponsal Bancario', 'CorresponsalBancario', '0', '0', '0', '1'),
(382, 5, 12346, 'Servicio Externo', 'ServicioExterno', '0', '0', '0', '1'),
(375, 5, 12346, 'Agentes Externos', 'AgentesExternos', '0', '0', '0', '1'),
(376, 5, 12346, 'Transferencias', 'Transferencias', '0', '0', '0', '1'),
(378, 5, 12346, 'POS', 'POS', '0', '0', '0', '1'),
(379, 5, 12346, 'Egresos', 'Egresos', '0', '0', '0', '1'),
(377, 5, 12346, 'Traslados', 'Traslados', '0', '0', '0', '1'),
(3570, 5, 1, 'Traslados', 'Traslados', '0', '0', '0', '1'),
(3569, 5, 1, 'Transferencias', 'Transferencias', '0', '0', '0', '1'),
(3568, 5, 1, 'Tipos de Documentos', 'TiposDocumentos', '0', '0', '0', '1'),
(3567, 5, 1, 'Tipos de Cuentas', 'TiposCuentas', '0', '0', '0', '1'),
(3566, 5, 1, 'Terceros', 'Terceros', '0', '0', '0', '1'),
(3565, 5, 1, 'Servicio Externo', 'ServicioExterno', '0', '0', '0', '1'),
(3563, 5, 1, 'POS', 'POS', '0', '0', '0', '1'),
(3564, 5, 1, 'Remitentes', 'Remitentes', '0', '0', '0', '1'),
(3562, 5, 1, 'Perfiles', 'Perfiles', '0', '0', '0', '1'),
(3561, 5, 1, 'Oficinas', 'Oficinas', '0', '0', '0', '1'),
(3560, 5, 1, 'Monedas', 'Monedas', '0', '0', '0', '1'),
(3559, 5, 1, 'Log de Sistema', 'LogSistema', '0', '0', '0', '1'),
(3557, 5, 1, 'Indicadores', 'Indicadores', '0', '0', '0', '1'),
(3558, 5, 1, 'Informacion Giros', 'InformacionGiros', '0', '0', '0', '1'),
(3555, 5, 1, 'Giros', 'Giros', '0', '0', '0', '1'),
(3556, 5, 1, 'Grupos', 'Grupos', '0', '0', '0', '1'),
(3554, 5, 1, 'Funcionarios', 'Funcionarios', '0', '0', '0', '1'),
(3552, 5, 1, 'Egresos', 'Egresos', '0', '0', '0', '1'),
(3553, 5, 1, 'Flujo Efectivo', 'FlujoEfectivo', '0', '0', '0', '1'),
(3551, 5, 1, 'Destinatarios', 'Destinatarios', '0', '0', '0', '1'),
(3550, 5, 1, 'Cuentas Terceros', 'CuentasTerceros', '0', '0', '0', '1'),
(3549, 5, 1, 'Cuentas por Pagar', 'CuentasPagar', '0', '0', '0', '1'),
(3548, 5, 1, 'Cuentas por Cobrar (cartera)', 'CuentasCobrar', '0', '0', '0', '1'),
(400, 5, 12346, 'Funcionarios', 'Funcionarios', '0', '0', '0', '1'),
(401, 5, 12346, 'Terceros', 'Terceros', '0', '0', '0', '1'),
(402, 5, 12346, 'Grupos', 'Grupos', '0', '0', '0', '1'),
(403, 5, 12346, 'Tipos de Documentos', 'TiposDocumentos', '0', '0', '0', '1'),
(404, 5, 12346, 'Tipos de Cuentas', 'TiposCuentas', '0', '0', '0', '1'),
(405, 5, 12346, 'Monedas', 'Monedas', '0', '0', '0', '1'),
(406, 5, 12346, 'Informacion Giros', 'InformacionGiros', '0', '0', '0', '1'),
(407, 5, 12346, 'Compras', 'Compras', '0', '0', '0', '1'),
(408, 5, 12346, 'Log de Sistema', 'LogSistema', '0', '0', '0', '1'),
(409, 1, 12347, 'Agentes Externos', 'AgentesExternos', '1', '1', '1', '1'),
(410, 1, 12347, 'Transferencias', 'Transferencias', '1', '1', '1', '1'),
(411, 1, 12347, 'Traslados', 'Traslados', '1', '1', '1', '1'),
(412, 1, 12347, 'POS', 'POS', '1', '1', '1', '1'),
(413, 1, 12347, 'Egresos', 'Egresos', '1', '1', '1', '1'),
(414, 1, 12347, 'Giros', 'Giros', '1', '1', '1', '1'),
(415, 1, 12347, 'Corresponsal Bancario', 'CorresponsalBancario', '1', '1', '1', '1'),
(416, 1, 12347, 'Servicio Externo', 'ServicioExterno', '1', '1', '1', '1'),
(417, 1, 12347, 'Indicadores', 'Indicadores', '1', '1', '1', '1'),
(418, 1, 12347, 'Balance General', 'BalanceGeneral', '1', '1', '1', '1'),
(419, 1, 12347, 'Flujo Efectivo', 'FlujoEfectivo', '1', '1', '1', '1'),
(420, 1, 12347, 'Cuentas por Cobrar (cartera)', 'CuentasCobrar', '1', '1', '1', '1'),
(421, 1, 12347, 'Cuentas por Pagar', 'CuentasPagar', '1', '1', '1', '1'),
(422, 1, 12347, 'Cuentas Terceros', 'CuentasTerceros', '1', '1', '1', '1'),
(423, 1, 12347, 'Configuracion', 'Configuracion', '1', '1', '1', '1'),
(424, 1, 12347, 'Configuracion General', 'ConfiguracionGeneral', '1', '1', '1', '1'),
(425, 1, 12347, 'Cargo', 'Cargo', '1', '1', '1', '1'),
(426, 1, 12347, 'Oficinas', 'Oficinas', '1', '1', '1', '1'),
(427, 1, 12347, 'Cajas', 'Cajas', '1', '1', '1', '1'),
(428, 1, 12347, 'Bancos', 'Bancos', '1', '1', '1', '1'),
(429, 1, 12347, 'Cuentas Bancarias', 'CuentasBancarias', '1', '1', '1', '1'),
(430, 1, 12347, 'Destinatarios', 'Destinatarios', '1', '1', '1', '1'),
(431, 1, 12347, 'Cajas Recaudos', 'CajasRecaudos', '1', '1', '1', '1'),
(432, 1, 12347, 'Perfiles', 'Perfiles', '1', '1', '1', '1'),
(433, 1, 12347, 'Remitentes', 'Remitentes', '1', '1', '1', '1'),
(434, 1, 12347, 'Funcionarios', 'Funcionarios', '1', '1', '1', '1'),
(435, 1, 12347, 'Terceros', 'Terceros', '1', '1', '1', '1'),
(436, 1, 12347, 'Grupos', 'Grupos', '1', '1', '1', '1'),
(437, 1, 12347, 'Tipos de Documentos', 'TiposDocumentos', '1', '1', '1', '1'),
(438, 1, 12347, 'Tipos de Cuentas', 'TiposCuentas', '1', '1', '1', '1'),
(439, 1, 12347, 'Monedas', 'Monedas', '1', '1', '1', '1'),
(440, 1, 12347, 'Informacion Giros', 'InformacionGiros', '1', '1', '1', '1'),
(441, 1, 12347, 'Compras', 'Compras', '1', '1', '1', '1'),
(442, 1, 12347, 'Log de Sistema', 'LogSistema', '1', '1', '1', '1'),
(443, 3, 256545644, 'Agentes Externos', 'AgentesExternos', '0', '0', '0', '0'),
(444, 3, 256545644, 'Transferencias', 'Transferencias', '1', '1', '1', '0'),
(445, 3, 256545644, 'Traslados', 'Traslados', '1', '1', '1', '0'),
(446, 3, 256545644, 'POS', 'POS', '1', '1', '1', '0'),
(447, 3, 256545644, 'Egresos', 'Egresos', '0', '0', '0', '0'),
(448, 3, 256545644, 'Giros', 'Giros', '1', '1', '1', '0'),
(449, 3, 256545644, 'Corresponsal Bancario', 'CorresponsalBancario', '1', '1', '1', '0'),
(450, 3, 256545644, 'Servicio Externo', 'ServicioExterno', '1', '1', '1', '0'),
(451, 3, 256545644, 'Indicadores', 'Indicadores', '0', '0', '0', '0'),
(452, 3, 256545644, 'Balance General', 'BalanceGeneral', '0', '0', '0', '0'),
(453, 3, 256545644, 'Flujo Efectivo', 'FlujoEfectivo', '0', '0', '0', '0'),
(454, 3, 256545644, 'Cuentas por Cobrar (cartera)', 'CuentasCobrar', '0', '0', '0', '0'),
(455, 3, 256545644, 'Cuentas por Pagar', 'CuentasPagar', '0', '0', '0', '0'),
(456, 3, 256545644, 'Cuentas Terceros', 'CuentasTerceros', '0', '0', '0', '0'),
(457, 3, 256545644, 'Configuracion', 'Configuracion', '0', '0', '0', '0'),
(458, 3, 256545644, 'Configuracion General', 'ConfiguracionGeneral', '0', '0', '0', '0'),
(459, 3, 256545644, 'Cargo', 'Cargo', '0', '0', '0', '0'),
(460, 3, 256545644, 'Oficinas', 'Oficinas', '0', '0', '0', '0'),
(461, 3, 256545644, 'Cajas', 'Cajas', '0', '0', '0', '0'),
(462, 3, 256545644, 'Bancos', 'Bancos', '0', '0', '0', '0'),
(463, 3, 256545644, 'Cuentas Bancarias', 'CuentasBancarias', '0', '0', '0', '0'),
(464, 3, 256545644, 'Destinatarios', 'Destinatarios', '0', '0', '0', '0'),
(465, 3, 256545644, 'Cajas Recaudos', 'CajasRecaudos', '0', '0', '0', '0'),
(466, 3, 256545644, 'Perfiles', 'Perfiles', '0', '0', '0', '0'),
(467, 3, 256545644, 'Remitentes', 'Remitentes', '0', '0', '0', '0'),
(468, 3, 256545644, 'Funcionarios', 'Funcionarios', '0', '0', '0', '0'),
(469, 3, 256545644, 'Terceros', 'Terceros', '0', '0', '0', '0'),
(470, 3, 256545644, 'Grupos', 'Grupos', '0', '0', '0', '0'),
(471, 3, 256545644, 'Tipos de Documentos', 'TiposDocumentos', '0', '0', '0', '0'),
(472, 3, 256545644, 'Tipos de Cuentas', 'TiposCuentas', '0', '0', '0', '0'),
(473, 3, 256545644, 'Monedas', 'Monedas', '0', '0', '0', '0'),
(474, 3, 256545644, 'Informacion Giros', 'InformacionGiros', '0', '0', '0', '0'),
(475, 3, 256545644, 'Compras', 'Compras', '0', '0', '0', '0'),
(476, 3, 256545644, 'Log de Sistema', 'LogSistema', '0', '0', '0', '0'),
(477, 3, 123456789, 'Agentes Externos', 'AgentesExternos', '0', '0', '0', '0'),
(478, 3, 123456789, 'Transferencias', 'Transferencias', '1', '1', '1', '0'),
(479, 3, 123456789, 'Traslados', 'Traslados', '1', '1', '1', '0'),
(480, 3, 123456789, 'POS', 'POS', '1', '1', '1', '0'),
(481, 3, 123456789, 'Egresos', 'Egresos', '0', '0', '0', '0'),
(482, 3, 123456789, 'Giros', 'Giros', '1', '1', '1', '0'),
(483, 3, 123456789, 'Corresponsal Bancario', 'CorresponsalBancario', '1', '1', '1', '0'),
(484, 3, 123456789, 'Servicio Externo', 'ServicioExterno', '1', '1', '1', '0'),
(485, 3, 123456789, 'Indicadores', 'Indicadores', '0', '0', '0', '0'),
(486, 3, 123456789, 'Balance General', 'BalanceGeneral', '0', '0', '0', '0'),
(487, 3, 123456789, 'Flujo Efectivo', 'FlujoEfectivo', '0', '0', '0', '0'),
(488, 3, 123456789, 'Cuentas por Cobrar (cartera)', 'CuentasCobrar', '0', '0', '0', '0'),
(489, 3, 123456789, 'Cuentas por Pagar', 'CuentasPagar', '0', '0', '0', '0'),
(490, 3, 123456789, 'Cuentas Terceros', 'CuentasTerceros', '0', '0', '0', '0'),
(491, 3, 123456789, 'Configuracion', 'Configuracion', '0', '0', '0', '0'),
(492, 3, 123456789, 'Configuracion General', 'ConfiguracionGeneral', '0', '0', '0', '0'),
(493, 3, 123456789, 'Cargo', 'Cargo', '0', '0', '0', '0'),
(494, 3, 123456789, 'Oficinas', 'Oficinas', '0', '0', '0', '0'),
(495, 3, 123456789, 'Cajas', 'Cajas', '0', '0', '0', '0'),
(496, 3, 123456789, 'Bancos', 'Bancos', '0', '0', '0', '0'),
(497, 3, 123456789, 'Cuentas Bancarias', 'CuentasBancarias', '0', '0', '0', '0'),
(498, 3, 123456789, 'Destinatarios', 'Destinatarios', '0', '0', '0', '0'),
(499, 3, 123456789, 'Cajas Recaudos', 'CajasRecaudos', '0', '0', '0', '0'),
(500, 3, 123456789, 'Perfiles', 'Perfiles', '0', '0', '0', '0'),
(501, 3, 123456789, 'Remitentes', 'Remitentes', '0', '0', '0', '0'),
(502, 3, 123456789, 'Funcionarios', 'Funcionarios', '0', '0', '0', '0'),
(503, 3, 123456789, 'Terceros', 'Terceros', '0', '0', '0', '0'),
(504, 3, 123456789, 'Grupos', 'Grupos', '0', '0', '0', '0'),
(505, 3, 123456789, 'Tipos de Documentos', 'TiposDocumentos', '0', '0', '0', '0'),
(506, 3, 123456789, 'Tipos de Cuentas', 'TiposCuentas', '0', '0', '0', '0'),
(507, 3, 123456789, 'Monedas', 'Monedas', '0', '0', '0', '0'),
(508, 3, 123456789, 'Informacion Giros', 'InformacionGiros', '0', '0', '0', '0'),
(509, 3, 123456789, 'Compras', 'Compras', '0', '0', '0', '0'),
(510, 3, 123456789, 'Log de Sistema', 'LogSistema', '0', '0', '0', '0'),
(511, 3, 1232354324, 'Agentes Externos', 'AgentesExternos', '0', '0', '0', '0'),
(512, 3, 1232354324, 'Transferencias', 'Transferencias', '1', '1', '1', '0'),
(513, 3, 1232354324, 'Traslados', 'Traslados', '1', '1', '1', '0'),
(514, 3, 1232354324, 'POS', 'POS', '1', '1', '1', '0'),
(515, 3, 1232354324, 'Egresos', 'Egresos', '0', '0', '0', '0'),
(516, 3, 1232354324, 'Giros', 'Giros', '1', '1', '1', '0'),
(517, 3, 1232354324, 'Corresponsal Bancario', 'CorresponsalBancario', '1', '1', '1', '0'),
(518, 3, 1232354324, 'Servicio Externo', 'ServicioExterno', '1', '1', '1', '0'),
(519, 3, 1232354324, 'Indicadores', 'Indicadores', '0', '0', '0', '0'),
(520, 3, 1232354324, 'Balance General', 'BalanceGeneral', '0', '0', '0', '0'),
(521, 3, 1232354324, 'Flujo Efectivo', 'FlujoEfectivo', '0', '0', '0', '0'),
(522, 3, 1232354324, 'Cuentas por Cobrar (cartera)', 'CuentasCobrar', '0', '0', '0', '0'),
(523, 3, 1232354324, 'Cuentas por Pagar', 'CuentasPagar', '0', '0', '0', '0'),
(524, 3, 1232354324, 'Cuentas Terceros', 'CuentasTerceros', '0', '0', '0', '0'),
(525, 3, 1232354324, 'Configuracion', 'Configuracion', '0', '0', '0', '0'),
(526, 3, 1232354324, 'Configuracion General', 'ConfiguracionGeneral', '0', '0', '0', '0'),
(527, 3, 1232354324, 'Cargo', 'Cargo', '0', '0', '0', '0'),
(528, 3, 1232354324, 'Oficinas', 'Oficinas', '0', '0', '0', '0'),
(529, 3, 1232354324, 'Cajas', 'Cajas', '0', '0', '0', '0'),
(530, 3, 1232354324, 'Bancos', 'Bancos', '0', '0', '0', '0'),
(531, 3, 1232354324, 'Cuentas Bancarias', 'CuentasBancarias', '0', '0', '0', '0'),
(532, 3, 1232354324, 'Destinatarios', 'Destinatarios', '0', '0', '0', '0'),
(533, 3, 1232354324, 'Cajas Recaudos', 'CajasRecaudos', '0', '0', '0', '0'),
(534, 3, 1232354324, 'Perfiles', 'Perfiles', '0', '0', '0', '0'),
(535, 3, 1232354324, 'Remitentes', 'Remitentes', '0', '0', '0', '0'),
(536, 3, 1232354324, 'Funcionarios', 'Funcionarios', '0', '0', '0', '0'),
(537, 3, 1232354324, 'Terceros', 'Terceros', '0', '0', '0', '0'),
(538, 3, 1232354324, 'Grupos', 'Grupos', '0', '0', '0', '0'),
(539, 3, 1232354324, 'Tipos de Documentos', 'TiposDocumentos', '0', '0', '0', '0'),
(540, 3, 1232354324, 'Tipos de Cuentas', 'TiposCuentas', '0', '0', '0', '0'),
(541, 3, 1232354324, 'Monedas', 'Monedas', '0', '0', '0', '0'),
(542, 3, 1232354324, 'Informacion Giros', 'InformacionGiros', '0', '0', '0', '0'),
(543, 3, 1232354324, 'Compras', 'Compras', '0', '0', '0', '0'),
(544, 3, 1232354324, 'Log de Sistema', 'LogSistema', '0', '0', '0', '0'),
(545, 3, 1231231231, 'Agentes Externos', 'AgentesExternos', '0', '0', '0', '0'),
(546, 3, 1231231231, 'Transferencias', 'Transferencias', '1', '1', '1', '0'),
(547, 3, 1231231231, 'Traslados', 'Traslados', '1', '1', '1', '0'),
(548, 3, 1231231231, 'POS', 'POS', '1', '1', '1', '0'),
(549, 3, 1231231231, 'Egresos', 'Egresos', '0', '0', '0', '0'),
(550, 3, 1231231231, 'Giros', 'Giros', '1', '1', '1', '0'),
(551, 3, 1231231231, 'Corresponsal Bancario', 'CorresponsalBancario', '1', '1', '1', '0'),
(552, 3, 1231231231, 'Servicio Externo', 'ServicioExterno', '1', '1', '1', '0'),
(553, 3, 1231231231, 'Indicadores', 'Indicadores', '0', '0', '0', '0'),
(554, 3, 1231231231, 'Balance General', 'BalanceGeneral', '0', '0', '0', '0'),
(555, 3, 1231231231, 'Flujo Efectivo', 'FlujoEfectivo', '0', '0', '0', '0'),
(556, 3, 1231231231, 'Cuentas por Cobrar (cartera)', 'CuentasCobrar', '0', '0', '0', '0'),
(557, 3, 1231231231, 'Cuentas por Pagar', 'CuentasPagar', '0', '0', '0', '0'),
(558, 3, 1231231231, 'Cuentas Terceros', 'CuentasTerceros', '0', '0', '0', '0'),
(559, 3, 1231231231, 'Configuracion', 'Configuracion', '0', '0', '0', '0'),
(560, 3, 1231231231, 'Configuracion General', 'ConfiguracionGeneral', '0', '0', '0', '0'),
(561, 3, 1231231231, 'Cargo', 'Cargo', '0', '0', '0', '0'),
(562, 3, 1231231231, 'Oficinas', 'Oficinas', '0', '0', '0', '0'),
(563, 3, 1231231231, 'Cajas', 'Cajas', '0', '0', '0', '0'),
(564, 3, 1231231231, 'Bancos', 'Bancos', '0', '0', '0', '0'),
(565, 3, 1231231231, 'Cuentas Bancarias', 'CuentasBancarias', '0', '0', '0', '0'),
(566, 3, 1231231231, 'Destinatarios', 'Destinatarios', '0', '0', '0', '0'),
(567, 3, 1231231231, 'Cajas Recaudos', 'CajasRecaudos', '0', '0', '0', '0'),
(568, 3, 1231231231, 'Perfiles', 'Perfiles', '0', '0', '0', '0'),
(569, 3, 1231231231, 'Remitentes', 'Remitentes', '0', '0', '0', '0'),
(570, 3, 1231231231, 'Funcionarios', 'Funcionarios', '0', '0', '0', '0'),
(571, 3, 1231231231, 'Terceros', 'Terceros', '0', '0', '0', '0'),
(572, 3, 1231231231, 'Grupos', 'Grupos', '0', '0', '0', '0'),
(573, 3, 1231231231, 'Tipos de Documentos', 'TiposDocumentos', '0', '0', '0', '0'),
(574, 3, 1231231231, 'Tipos de Cuentas', 'TiposCuentas', '0', '0', '0', '0'),
(575, 3, 1231231231, 'Monedas', 'Monedas', '0', '0', '0', '0'),
(576, 3, 1231231231, 'Informacion Giros', 'InformacionGiros', '0', '0', '0', '0'),
(577, 3, 1231231231, 'Compras', 'Compras', '0', '0', '0', '0'),
(578, 3, 1231231231, 'Log de Sistema', 'LogSistema', '0', '0', '0', '0'),
(943, 1, 123456, 'Remitentes', 'Remitentes', '1', '1', '1', '1'),
(942, 1, 123456, 'Perfiles', 'Perfiles', '1', '1', '1', '1'),
(941, 1, 123456, 'Cajas Recaudos', 'CajasRecaudos', '1', '1', '1', '1'),
(940, 1, 123456, 'Destinatarios', 'Destinatarios', '1', '1', '1', '1'),
(939, 1, 123456, 'Cuentas Bancarias', 'CuentasBancarias', '1', '1', '1', '1'),
(938, 1, 123456, 'Bancos', 'Bancos', '1', '1', '1', '1'),
(937, 1, 123456, 'Cajas', 'Cajas', '1', '1', '1', '1'),
(936, 1, 123456, 'Oficinas', 'Oficinas', '1', '1', '1', '1'),
(935, 1, 123456, 'Cargo', 'Cargo', '1', '1', '1', '1'),
(934, 1, 123456, 'Configuracion General', 'ConfiguracionGeneral', '1', '1', '1', '1'),
(933, 1, 123456, 'Configuracion', 'Configuracion', '1', '1', '1', '1'),
(932, 1, 123456, 'Cuentas Terceros', 'CuentasTerceros', '1', '1', '1', '1'),
(931, 1, 123456, 'Cuentas por Pagar', 'CuentasPagar', '1', '1', '1', '1'),
(930, 1, 123456, 'Cuentas por Cobrar (cartera)', 'CuentasCobrar', '1', '1', '1', '1'),
(929, 1, 123456, 'Flujo Efectivo', 'FlujoEfectivo', '1', '1', '1', '1'),
(928, 1, 123456, 'Balance General', 'BalanceGeneral', '1', '1', '1', '1'),
(927, 1, 123456, 'Indicadores', 'Indicadores', '1', '1', '1', '1'),
(926, 1, 123456, 'Servicio Externo', 'ServicioExterno', '1', '1', '1', '1'),
(925, 1, 123456, 'Corresponsal Bancario', 'CorresponsalBancario', '1', '1', '1', '1'),
(924, 1, 123456, 'Giros', 'Giros', '1', '1', '1', '1'),
(923, 1, 123456, 'Egresos', 'Egresos', '1', '1', '1', '1'),
(922, 1, 123456, 'POS', 'POS', '1', '1', '1', '1'),
(921, 1, 123456, 'Traslados', 'Traslados', '1', '1', '1', '1'),
(920, 1, 123456, 'Transferencias', 'Transferencias', '1', '1', '1', '1'),
(919, 1, 123456, 'Agentes Externos', 'AgentesExternos', '1', '1', '1', '1'),
(2435, 3, 10000, 'Indicadores', 'Indicadores', '0', '0', '0', '0'),
(2434, 3, 10000, 'Grupos', 'Grupos', '0', '0', '0', '0'),
(2433, 3, 10000, 'Giros', 'Giros', '1', '1', '1', '0'),
(2432, 3, 10000, 'Funcionarios', 'Funcionarios', '0', '0', '0', '0'),
(2431, 3, 10000, 'Flujo Efectivo', 'FlujoEfectivo', '0', '0', '0', '0'),
(2430, 3, 10000, 'Egresos', 'Egresos', '0', '0', '0', '0'),
(2429, 3, 10000, 'Destinatarios', 'Destinatarios', '0', '0', '0', '0'),
(2428, 3, 10000, 'Cuentas Terceros', 'CuentasTerceros', '0', '0', '0', '0'),
(2427, 3, 10000, 'Cuentas por Pagar', 'CuentasPagar', '0', '0', '0', '0'),
(2426, 3, 10000, 'Cuentas por Cobrar (cartera)', 'CuentasCobrar', '0', '0', '0', '0'),
(2425, 3, 10000, 'Cuentas Bancarias', 'CuentasBancarias', '0', '0', '0', '0'),
(2424, 3, 10000, 'Corresponsal Bancario', 'CorresponsalBancario', '1', '1', '1', '0'),
(2423, 3, 10000, 'Configuracion General', 'ConfiguracionGeneral', '0', '0', '0', '0'),
(2422, 3, 10000, 'Configuracion', 'Configuracion', '0', '0', '0', '0'),
(749, 5, 11111111, 'Agentes Externos', 'AgentesExternos', '0', '0', '0', '1'),
(750, 5, 11111111, 'Transferencias', 'Transferencias', '0', '0', '0', '1'),
(751, 5, 11111111, 'Traslados', 'Traslados', '0', '0', '0', '1'),
(752, 5, 11111111, 'POS', 'POS', '0', '0', '0', '1'),
(753, 5, 11111111, 'Egresos', 'Egresos', '0', '0', '0', '1'),
(754, 5, 11111111, 'Giros', 'Giros', '0', '0', '0', '1'),
(755, 5, 11111111, 'Corresponsal Bancario', 'CorresponsalBancario', '0', '0', '0', '1'),
(756, 5, 11111111, 'Servicio Externo', 'ServicioExterno', '0', '0', '0', '1'),
(757, 5, 11111111, 'Indicadores', 'Indicadores', '0', '0', '0', '1'),
(758, 5, 11111111, 'Balance General', 'BalanceGeneral', '0', '0', '0', '1'),
(759, 5, 11111111, 'Flujo Efectivo', 'FlujoEfectivo', '0', '0', '0', '1'),
(760, 5, 11111111, 'Cuentas por Cobrar (cartera)', 'CuentasCobrar', '0', '0', '0', '1'),
(761, 5, 11111111, 'Cuentas por Pagar', 'CuentasPagar', '0', '0', '0', '1'),
(762, 5, 11111111, 'Cuentas Terceros', 'CuentasTerceros', '0', '0', '0', '1'),
(763, 5, 11111111, 'Configuracion', 'Configuracion', '0', '0', '0', '1'),
(764, 5, 11111111, 'Configuracion General', 'ConfiguracionGeneral', '0', '0', '0', '1'),
(765, 5, 11111111, 'Cargo', 'Cargo', '0', '0', '0', '1'),
(766, 5, 11111111, 'Oficinas', 'Oficinas', '0', '0', '0', '1'),
(767, 5, 11111111, 'Cajas', 'Cajas', '0', '0', '0', '1'),
(768, 5, 11111111, 'Bancos', 'Bancos', '0', '0', '0', '1'),
(769, 5, 11111111, 'Cuentas Bancarias', 'CuentasBancarias', '0', '0', '0', '1'),
(770, 5, 11111111, 'Destinatarios', 'Destinatarios', '0', '0', '0', '1'),
(771, 5, 11111111, 'Cajas Recaudos', 'CajasRecaudos', '0', '0', '0', '1'),
(772, 5, 11111111, 'Perfiles', 'Perfiles', '0', '0', '0', '1'),
(773, 5, 11111111, 'Remitentes', 'Remitentes', '0', '0', '0', '1'),
(774, 5, 11111111, 'Funcionarios', 'Funcionarios', '0', '0', '0', '1'),
(775, 5, 11111111, 'Terceros', 'Terceros', '0', '0', '0', '1'),
(776, 5, 11111111, 'Grupos', 'Grupos', '0', '0', '0', '1'),
(777, 5, 11111111, 'Tipos de Documentos', 'TiposDocumentos', '0', '0', '0', '1'),
(778, 5, 11111111, 'Tipos de Cuentas', 'TiposCuentas', '0', '0', '0', '1'),
(779, 5, 11111111, 'Monedas', 'Monedas', '0', '0', '0', '1'),
(780, 5, 11111111, 'Informacion Giros', 'InformacionGiros', '0', '0', '0', '1'),
(781, 5, 11111111, 'Compras', 'Compras', '0', '0', '0', '1'),
(782, 5, 11111111, 'Log de Sistema', 'LogSistema', '0', '0', '0', '1'),
(783, 3, 77777777, 'Agentes Externos', 'AgentesExternos', '0', '0', '0', '0'),
(784, 3, 77777777, 'Transferencias', 'Transferencias', '1', '1', '1', '0'),
(785, 3, 77777777, 'Traslados', 'Traslados', '1', '1', '1', '0'),
(786, 3, 77777777, 'POS', 'POS', '1', '1', '1', '0'),
(787, 3, 77777777, 'Egresos', 'Egresos', '0', '0', '0', '0'),
(788, 3, 77777777, 'Giros', 'Giros', '1', '1', '1', '0'),
(789, 3, 77777777, 'Corresponsal Bancario', 'CorresponsalBancario', '1', '1', '1', '0'),
(790, 3, 77777777, 'Servicio Externo', 'ServicioExterno', '1', '1', '1', '0'),
(791, 3, 77777777, 'Indicadores', 'Indicadores', '0', '0', '0', '0'),
(792, 3, 77777777, 'Balance General', 'BalanceGeneral', '0', '0', '0', '0'),
(793, 3, 77777777, 'Flujo Efectivo', 'FlujoEfectivo', '0', '0', '0', '0'),
(794, 3, 77777777, 'Cuentas por Cobrar (cartera)', 'CuentasCobrar', '0', '0', '0', '0'),
(795, 3, 77777777, 'Cuentas por Pagar', 'CuentasPagar', '0', '0', '0', '0'),
(796, 3, 77777777, 'Cuentas Terceros', 'CuentasTerceros', '0', '0', '0', '0'),
(797, 3, 77777777, 'Configuracion', 'Configuracion', '0', '0', '0', '0'),
(798, 3, 77777777, 'Configuracion General', 'ConfiguracionGeneral', '0', '0', '0', '0'),
(799, 3, 77777777, 'Cargo', 'Cargo', '0', '0', '0', '0'),
(800, 3, 77777777, 'Oficinas', 'Oficinas', '0', '0', '0', '0'),
(801, 3, 77777777, 'Cajas', 'Cajas', '0', '0', '0', '0'),
(802, 3, 77777777, 'Bancos', 'Bancos', '0', '0', '0', '0'),
(803, 3, 77777777, 'Cuentas Bancarias', 'CuentasBancarias', '0', '0', '0', '0'),
(804, 3, 77777777, 'Destinatarios', 'Destinatarios', '0', '0', '0', '0'),
(805, 3, 77777777, 'Cajas Recaudos', 'CajasRecaudos', '0', '0', '0', '0'),
(806, 3, 77777777, 'Perfiles', 'Perfiles', '0', '0', '0', '0'),
(807, 3, 77777777, 'Remitentes', 'Remitentes', '0', '0', '0', '0'),
(808, 3, 77777777, 'Funcionarios', 'Funcionarios', '0', '0', '0', '0'),
(809, 3, 77777777, 'Terceros', 'Terceros', '0', '0', '0', '0'),
(810, 3, 77777777, 'Grupos', 'Grupos', '0', '0', '0', '0'),
(811, 3, 77777777, 'Tipos de Documentos', 'TiposDocumentos', '0', '0', '0', '0'),
(812, 3, 77777777, 'Tipos de Cuentas', 'TiposCuentas', '0', '0', '0', '0'),
(813, 3, 77777777, 'Monedas', 'Monedas', '0', '0', '0', '0'),
(814, 3, 77777777, 'Informacion Giros', 'InformacionGiros', '0', '0', '0', '0'),
(815, 3, 77777777, 'Compras', 'Compras', '0', '0', '0', '0'),
(816, 3, 77777777, 'Log de Sistema', 'LogSistema', '0', '0', '0', '0'),
(3118, 3, 1524854, 'Monedas', 'Monedas', '0', '0', '0', '0'),
(3117, 3, 1524854, 'Log de Sistema', 'LogSistema', '0', '0', '0', '0'),
(3116, 3, 1524854, 'Informacion Giros', 'InformacionGiros', '0', '0', '0', '0'),
(3115, 3, 1524854, 'Indicadores', 'Indicadores', '0', '0', '0', '0'),
(3114, 3, 1524854, 'Grupos', 'Grupos', '0', '0', '0', '0'),
(3113, 3, 1524854, 'Giros', 'Giros', '1', '1', '1', '0'),
(3112, 3, 1524854, 'Funcionarios', 'Funcionarios', '0', '0', '0', '0'),
(3111, 3, 1524854, 'Flujo Efectivo', 'FlujoEfectivo', '0', '0', '0', '0'),
(3110, 3, 1524854, 'Egresos', 'Egresos', '1', '1', '1', '1'),
(3109, 3, 1524854, 'Destinatarios', 'Destinatarios', '0', '0', '0', '0'),
(3108, 3, 1524854, 'Cuentas Terceros', 'CuentasTerceros', '0', '0', '0', '0'),
(3107, 3, 1524854, 'Cuentas por Pagar', 'CuentasPagar', '0', '0', '0', '0'),
(3106, 3, 1524854, 'Cuentas por Cobrar (cartera)', 'CuentasCobrar', '0', '0', '0', '0'),
(3105, 3, 1524854, 'Cuentas Bancarias', 'CuentasBancarias', '0', '0', '0', '0'),
(3104, 3, 1524854, 'Corresponsal Bancario', 'CorresponsalBancario', '1', '1', '1', '0'),
(3103, 3, 1524854, 'Configuracion General', 'ConfiguracionGeneral', '0', '0', '0', '0'),
(3102, 3, 1524854, 'Configuracion', 'Configuracion', '0', '0', '0', '0'),
(3101, 3, 1524854, 'Compras', 'Compras', '0', '0', '0', '0'),
(3100, 3, 1524854, 'Cargo', 'Cargo', '0', '0', '0', '0'),
(3099, 3, 1524854, 'Cajas Recaudos', 'CajasRecaudos', '0', '0', '0', '0'),
(3098, 3, 1524854, 'Cajas', 'Cajas', '0', '0', '0', '0'),
(3097, 3, 1524854, 'Bancos', 'Bancos', '0', '0', '0', '0'),
(3096, 3, 1524854, 'Balance General', 'BalanceGeneral', '0', '0', '0', '0'),
(2141, 3, 513549845, 'Traslados', 'Traslados', '1', '1', '1', '0'),
(2140, 3, 513549845, 'Traslados', 'Traslados', '1', '1', '1', '0'),
(2139, 3, 513549845, 'Transferencias', 'Transferencias', '1', '1', '1', '0'),
(2136, 3, 513549845, 'Tipos de Documentos', 'TiposDocumentos', '0', '0', '0', '0'),
(2135, 3, 513549845, 'Tipos de Documentos', 'TiposDocumentos', '0', '0', '0', '0'),
(2138, 3, 513549845, 'Transferencias', 'Transferencias', '1', '1', '1', '0'),
(2137, 3, 513549845, 'Transferencias', 'Transferencias', '1', '1', '1', '0'),
(2132, 3, 513549845, 'Tipos de Cuentas', 'TiposCuentas', '0', '0', '0', '0'),
(2133, 3, 513549845, 'Tipos de Cuentas', 'TiposCuentas', '0', '0', '0', '0'),
(2134, 3, 513549845, 'Tipos de Documentos', 'TiposDocumentos', '0', '0', '0', '0'),
(2131, 3, 513549845, 'Tipos de Cuentas', 'TiposCuentas', '0', '0', '0', '0'),
(2130, 3, 513549845, 'Terceros', 'Terceros', '0', '0', '0', '0'),
(2129, 3, 513549845, 'Terceros', 'Terceros', '0', '0', '0', '0'),
(2128, 3, 513549845, 'Terceros', 'Terceros', '0', '0', '0', '0'),
(2127, 3, 513549845, 'Servicio Externo', 'ServicioExterno', '1', '1', '1', '0'),
(952, 1, 123456, 'Log de Sistema', 'LogSistema', '1', '1', '1', '1'),
(951, 1, 123456, 'Compras', 'Compras', '1', '1', '1', '1'),
(950, 1, 123456, 'Informacion Giros', 'InformacionGiros', '1', '1', '1', '1'),
(949, 1, 123456, 'Monedas', 'Monedas', '1', '1', '1', '1'),
(948, 1, 123456, 'Tipos de Cuentas', 'TiposCuentas', '1', '1', '1', '1'),
(947, 1, 123456, 'Tipos de Documentos', 'TiposDocumentos', '1', '1', '1', '1'),
(946, 1, 123456, 'Grupos', 'Grupos', '1', '1', '1', '1'),
(945, 1, 123456, 'Terceros', 'Terceros', '1', '1', '1', '1'),
(944, 1, 123456, 'Funcionarios', 'Funcionarios', '1', '1', '1', '1'),
(2126, 3, 513549845, 'Servicio Externo', 'ServicioExterno', '1', '1', '1', '0'),
(2125, 3, 513549845, 'Servicio Externo', 'ServicioExterno', '1', '1', '1', '0'),
(2124, 3, 513549845, 'Remitentes', 'Remitentes', '0', '0', '0', '0'),
(2123, 3, 513549845, 'Remitentes', 'Remitentes', '0', '0', '0', '0'),
(2122, 3, 513549845, 'Remitentes', 'Remitentes', '0', '0', '0', '0'),
(2121, 3, 513549845, 'POS', 'POS', '1', '1', '1', '0'),
(2120, 3, 513549845, 'POS', 'POS', '1', '1', '1', '0'),
(2119, 3, 513549845, 'POS', 'POS', '1', '1', '1', '0'),
(2118, 3, 513549845, 'Perfiles', 'Perfiles', '0', '0', '0', '0'),
(2117, 3, 513549845, 'Perfiles', 'Perfiles', '0', '0', '0', '0'),
(2116, 3, 513549845, 'Perfiles', 'Perfiles', '0', '0', '0', '0'),
(2114, 3, 513549845, 'Oficinas', 'Oficinas', '0', '0', '0', '0'),
(2115, 3, 513549845, 'Oficinas', 'Oficinas', '0', '0', '0', '0'),
(2113, 3, 513549845, 'Oficinas', 'Oficinas', '0', '0', '0', '0'),
(2112, 3, 513549845, 'Monedas', 'Monedas', '0', '0', '0', '0'),
(2111, 3, 513549845, 'Monedas', 'Monedas', '0', '0', '0', '0'),
(2110, 3, 513549845, 'Monedas', 'Monedas', '0', '0', '0', '0'),
(2109, 3, 513549845, 'Log de Sistema', 'LogSistema', '0', '0', '0', '0'),
(2108, 3, 513549845, 'Log de Sistema', 'LogSistema', '0', '0', '0', '0'),
(2107, 3, 513549845, 'Log de Sistema', 'LogSistema', '0', '0', '0', '0'),
(2106, 3, 513549845, 'Informacion Giros', 'InformacionGiros', '0', '0', '0', '0'),
(2105, 3, 513549845, 'Informacion Giros', 'InformacionGiros', '0', '0', '0', '0'),
(2104, 3, 513549845, 'Informacion Giros', 'InformacionGiros', '0', '0', '0', '0'),
(2103, 3, 513549845, 'Indicadores', 'Indicadores', '0', '0', '0', '0'),
(2102, 3, 513549845, 'Indicadores', 'Indicadores', '0', '0', '0', '0'),
(2101, 3, 513549845, 'Indicadores', 'Indicadores', '0', '0', '0', '0'),
(2100, 3, 513549845, 'Grupos', 'Grupos', '0', '0', '0', '0'),
(2099, 3, 513549845, 'Grupos', 'Grupos', '0', '0', '0', '0'),
(2098, 3, 513549845, 'Grupos', 'Grupos', '0', '0', '0', '0'),
(2097, 3, 513549845, 'Giros', 'Giros', '1', '1', '1', '0'),
(2096, 3, 513549845, 'Giros', 'Giros', '1', '1', '1', '0'),
(2095, 3, 513549845, 'Giros', 'Giros', '1', '1', '1', '0'),
(2094, 3, 513549845, 'Funcionarios', 'Funcionarios', '0', '0', '0', '0'),
(2093, 3, 513549845, 'Funcionarios', 'Funcionarios', '0', '0', '0', '0'),
(2092, 3, 513549845, 'Funcionarios', 'Funcionarios', '0', '0', '0', '0'),
(2091, 3, 513549845, 'Flujo Efectivo', 'FlujoEfectivo', '0', '0', '0', '0'),
(2090, 3, 513549845, 'Flujo Efectivo', 'FlujoEfectivo', '0', '0', '0', '0'),
(2088, 3, 513549845, 'Egresos', 'Egresos', '1', '1', '1', '1'),
(2089, 3, 513549845, 'Flujo Efectivo', 'FlujoEfectivo', '0', '0', '0', '0'),
(2087, 3, 513549845, 'Egresos', 'Egresos', '1', '0', '0', '1'),
(2086, 3, 513549845, 'Egresos', 'Egresos', '1', '0', '0', '1'),
(2085, 3, 513549845, 'Destinatarios', 'Destinatarios', '0', '0', '0', '0'),
(2084, 3, 513549845, 'Destinatarios', 'Destinatarios', '0', '0', '0', '0'),
(2083, 3, 513549845, 'Destinatarios', 'Destinatarios', '0', '0', '0', '0'),
(2082, 3, 513549845, 'Cuentas Terceros', 'CuentasTerceros', '0', '0', '0', '0'),
(2081, 3, 513549845, 'Cuentas Terceros', 'CuentasTerceros', '0', '0', '0', '0'),
(2080, 3, 513549845, 'Cuentas Terceros', 'CuentasTerceros', '0', '0', '0', '0'),
(2079, 3, 513549845, 'Cuentas por Pagar', 'CuentasPagar', '0', '0', '0', '0'),
(2078, 3, 513549845, 'Cuentas por Pagar', 'CuentasPagar', '0', '0', '0', '0'),
(2077, 3, 513549845, 'Cuentas por Pagar', 'CuentasPagar', '0', '0', '0', '0'),
(2076, 3, 513549845, 'Cuentas por Cobrar (cartera)', 'CuentasCobrar', '0', '0', '0', '0'),
(2075, 3, 513549845, 'Cuentas por Cobrar (cartera)', 'CuentasCobrar', '0', '0', '0', '0'),
(2074, 3, 513549845, 'Cuentas por Cobrar (cartera)', 'CuentasCobrar', '0', '0', '0', '0'),
(2073, 3, 513549845, 'Cuentas Bancarias', 'CuentasBancarias', '0', '0', '0', '0'),
(2072, 3, 513549845, 'Cuentas Bancarias', 'CuentasBancarias', '0', '0', '0', '0'),
(2071, 3, 513549845, 'Cuentas Bancarias', 'CuentasBancarias', '0', '0', '0', '0'),
(2067, 3, 513549845, 'Configuracion General', 'ConfiguracionGeneral', '0', '0', '0', '0'),
(2068, 3, 513549845, 'Corresponsal Bancario', 'CorresponsalBancario', '1', '1', '1', '0'),
(2069, 3, 513549845, 'Corresponsal Bancario', 'CorresponsalBancario', '1', '1', '1', '0'),
(2070, 3, 513549845, 'Corresponsal Bancario', 'CorresponsalBancario', '1', '1', '1', '0'),
(2066, 3, 513549845, 'Configuracion General', 'ConfiguracionGeneral', '0', '0', '0', '0'),
(2065, 3, 513549845, 'Configuracion General', 'ConfiguracionGeneral', '0', '0', '0', '0'),
(2064, 3, 513549845, 'Configuracion', 'Configuracion', '0', '0', '0', '0'),
(2063, 3, 513549845, 'Configuracion', 'Configuracion', '0', '0', '0', '0'),
(2062, 3, 513549845, 'Configuracion', 'Configuracion', '0', '0', '0', '0'),
(2061, 3, 513549845, 'Compras', 'Compras', '0', '0', '0', '0'),
(2060, 3, 513549845, 'Compras', 'Compras', '0', '0', '0', '0'),
(2059, 3, 513549845, 'Compras', 'Compras', '0', '0', '0', '0'),
(2058, 3, 513549845, 'Cargo', 'Cargo', '0', '0', '0', '0'),
(2057, 3, 513549845, 'Cargo', 'Cargo', '0', '0', '0', '0'),
(2056, 3, 513549845, 'Cargo', 'Cargo', '0', '0', '0', '0'),
(2055, 3, 513549845, 'Cajas Recaudos', 'CajasRecaudos', '0', '0', '0', '0'),
(2054, 3, 513549845, 'Cajas Recaudos', 'CajasRecaudos', '0', '0', '0', '0'),
(2053, 3, 513549845, 'Cajas Recaudos', 'CajasRecaudos', '0', '0', '0', '0'),
(2052, 3, 513549845, 'Cajas', 'Cajas', '0', '0', '0', '0'),
(2051, 3, 513549845, 'Cajas', 'Cajas', '0', '0', '0', '0'),
(2050, 3, 513549845, 'Cajas', 'Cajas', '0', '0', '0', '0'),
(2049, 3, 513549845, 'Bancos', 'Bancos', '0', '0', '0', '0'),
(2048, 3, 513549845, 'Bancos', 'Bancos', '0', '0', '0', '0'),
(2047, 3, 513549845, 'Bancos', 'Bancos', '0', '0', '0', '0'),
(2046, 3, 513549845, 'Balance General', 'BalanceGeneral', '0', '0', '0', '0'),
(2045, 3, 513549845, 'Balance General', 'BalanceGeneral', '0', '0', '0', '0'),
(2044, 3, 513549845, 'Balance General', 'BalanceGeneral', '0', '0', '0', '0'),
(2043, 3, 513549845, 'Agentes Externos', 'AgentesExternos', '0', '0', '0', '0'),
(2042, 3, 513549845, 'Agentes Externos', 'AgentesExternos', '0', '0', '0', '0'),
(2041, 3, 513549845, 'Agentes Externos', 'AgentesExternos', '0', '0', '0', '0'),
(1360, 3, 1234567, 'Traslados', 'Traslados', '1', '1', '1', '0'),
(2421, 3, 10000, 'Compras', 'Compras', '0', '0', '0', '0'),
(1359, 3, 1234567, 'Transferencias', 'Transferencias', '1', '1', '1', '0'),
(1358, 3, 1234567, 'Tipos de Documentos', 'TiposDocumentos', '0', '0', '0', '0'),
(1357, 3, 1234567, 'Tipos de Cuentas', 'TiposCuentas', '0', '0', '0', '0'),
(1356, 3, 1234567, 'Terceros', 'Terceros', '0', '0', '0', '0'),
(1355, 3, 1234567, 'Servicio Externo', 'ServicioExterno', '1', '1', '1', '0'),
(1354, 3, 1234567, 'Remitentes', 'Remitentes', '0', '0', '0', '0'),
(1353, 3, 1234567, 'POS', 'POS', '1', '1', '1', '0'),
(1352, 3, 1234567, 'Perfiles', 'Perfiles', '0', '0', '0', '0'),
(1351, 3, 1234567, 'Oficinas', 'Oficinas', '0', '0', '0', '0'),
(1350, 3, 1234567, 'Monedas', 'Monedas', '0', '0', '0', '0'),
(1349, 3, 1234567, 'Log de Sistema', 'LogSistema', '0', '0', '0', '0'),
(1348, 3, 1234567, 'Informacion Giros', 'InformacionGiros', '0', '0', '0', '0'),
(1347, 3, 1234567, 'Indicadores', 'Indicadores', '0', '0', '0', '0'),
(1346, 3, 1234567, 'Grupos', 'Grupos', '0', '0', '0', '0'),
(1345, 3, 1234567, 'Giros', 'Giros', '1', '1', '1', '0'),
(1344, 3, 1234567, 'Funcionarios', 'Funcionarios', '0', '0', '0', '0'),
(1343, 3, 1234567, 'Flujo Efectivo', 'FlujoEfectivo', '0', '0', '0', '0'),
(1342, 3, 1234567, 'Egresos', 'Egresos', '0', '0', '0', '0'),
(1341, 3, 1234567, 'Destinatarios', 'Destinatarios', '0', '0', '0', '0'),
(1340, 3, 1234567, 'Cuentas Terceros', 'CuentasTerceros', '0', '0', '0', '0'),
(1339, 3, 1234567, 'Cuentas por Pagar', 'CuentasPagar', '0', '0', '0', '0'),
(1338, 3, 1234567, 'Cuentas por Cobrar (cartera)', 'CuentasCobrar', '0', '0', '0', '0'),
(1337, 3, 1234567, 'Cuentas Bancarias', 'CuentasBancarias', '0', '0', '0', '0'),
(1336, 3, 1234567, 'Corresponsal Bancario', 'CorresponsalBancario', '1', '1', '1', '0'),
(1335, 3, 1234567, 'Configuracion General', 'ConfiguracionGeneral', '0', '0', '0', '0'),
(1334, 3, 1234567, 'Configuracion', 'Configuracion', '0', '0', '0', '0'),
(1333, 3, 1234567, 'Compras', 'Compras', '0', '0', '0', '0'),
(1332, 3, 1234567, 'Cargo', 'Cargo', '0', '0', '0', '0'),
(1331, 3, 1234567, 'Cajas Recaudos', 'CajasRecaudos', '0', '0', '0', '0'),
(1330, 3, 1234567, 'Cajas', 'Cajas', '0', '0', '0', '0'),
(1329, 3, 1234567, 'Bancos', 'Bancos', '0', '0', '0', '0'),
(1328, 3, 1234567, 'Balance General', 'BalanceGeneral', '0', '0', '0', '0'),
(1327, 3, 1234567, 'Agentes Externos', 'AgentesExternos', '0', '0', '0', '0'),
(3095, 3, 1524854, 'Agentes Externos', 'AgentesExternos', '0', '0', '0', '0'),
(2420, 3, 10000, 'Cargo', 'Cargo', '0', '0', '0', '0'),
(2419, 3, 10000, 'Cajas Recaudos', 'CajasRecaudos', '0', '0', '0', '0'),
(2418, 3, 10000, 'Cajas', 'Cajas', '0', '0', '0', '0'),
(2417, 3, 10000, 'Bancos', 'Bancos', '0', '0', '0', '0'),
(2416, 3, 10000, 'Balance General', 'BalanceGeneral', '0', '0', '0', '0'),
(2415, 3, 10000, 'Agentes Externos', 'AgentesExternos', '0', '0', '0', '0'),
(2442, 3, 10000, 'Remitentes', 'Remitentes', '0', '0', '0', '0'),
(2443, 3, 10000, 'Servicio Externo', 'ServicioExterno', '1', '1', '1', '0'),
(2444, 3, 10000, 'Terceros', 'Terceros', '0', '0', '0', '0'),
(2445, 3, 10000, 'Tipos de Cuentas', 'TiposCuentas', '0', '0', '0', '0'),
(2446, 3, 10000, 'Tipos de Documentos', 'TiposDocumentos', '0', '0', '0', '0'),
(2447, 3, 10000, 'Transferencias', 'Transferencias', '1', '1', '1', '0'),
(2448, 3, 10000, 'Traslados', 'Traslados', '1', '1', '1', '0'),
(3400, 2, 91100100, 'Traslados', 'Traslados', '1', '1', '1', '1'),
(3547, 5, 1, 'Cuentas Bancarias', 'CuentasBancarias', '0', '0', '0', '1'),
(3399, 2, 91100100, 'Transferencias', 'Transferencias', '1', '1', '1', '1'),
(3398, 2, 91100100, 'Tipos de Documentos', 'TiposDocumentos', '0', '0', '0', '0'),
(3397, 2, 91100100, 'Tipos de Cuentas', 'TiposCuentas', '0', '0', '0', '0'),
(3396, 2, 91100100, 'Terceros', 'Terceros', '0', '0', '0', '0'),
(3395, 2, 91100100, 'Servicio Externo', 'ServicioExterno', '1', '1', '1', '1'),
(3394, 2, 91100100, 'Remitentes', 'Remitentes', '0', '0', '0', '0'),
(3393, 2, 91100100, 'POS', 'POS', '1', '1', '1', '1'),
(3392, 2, 91100100, 'Perfiles', 'Perfiles', '0', '0', '0', '0'),
(3391, 2, 91100100, 'Oficinas', 'Oficinas', '0', '0', '0', '0'),
(3390, 2, 91100100, 'Monedas', 'Monedas', '0', '0', '0', '0'),
(3389, 2, 91100100, 'Log de Sistema', 'LogSistema', '0', '0', '0', '0'),
(3388, 2, 91100100, 'Informacion Giros', 'InformacionGiros', '0', '0', '0', '0'),
(3387, 2, 91100100, 'Indicadores', 'Indicadores', '0', '0', '0', '0'),
(3386, 2, 91100100, 'Grupos', 'Grupos', '0', '0', '0', '0'),
(3385, 2, 91100100, 'Giros', 'Giros', '1', '1', '1', '1'),
(3384, 2, 91100100, 'Funcionarios', 'Funcionarios', '0', '0', '0', '0'),
(3383, 2, 91100100, 'Flujo Efectivo', 'FlujoEfectivo', '0', '0', '0', '0'),
(3380, 2, 91100100, 'Cuentas Terceros', 'CuentasTerceros', '0', '0', '0', '0'),
(3381, 2, 91100100, 'Destinatarios', 'Destinatarios', '0', '0', '0', '0'),
(3382, 2, 91100100, 'Egresos', 'Egresos', '1', '1', '1', '1'),
(3379, 2, 91100100, 'Cuentas por Pagar', 'CuentasPagar', '0', '0', '0', '0'),
(3375, 2, 91100100, 'Configuracion General', 'ConfiguracionGeneral', '0', '0', '0', '0'),
(3376, 2, 91100100, 'Corresponsal Bancario', 'CorresponsalBancario', '1', '1', '1', '1'),
(3377, 2, 91100100, 'Cuentas Bancarias', 'CuentasBancarias', '0', '0', '0', '0'),
(3378, 2, 91100100, 'Cuentas por Cobrar (cartera)', 'CuentasCobrar', '0', '0', '0', '0'),
(3374, 2, 91100100, 'Configuracion', 'Configuracion', '0', '0', '0', '0'),
(3373, 2, 91100100, 'Compras', 'Compras', '0', '0', '0', '0'),
(3372, 2, 91100100, 'Cargo', 'Cargo', '0', '0', '0', '0'),
(3370, 2, 91100100, 'Cajas', 'Cajas', '0', '0', '0', '0'),
(3371, 2, 91100100, 'Cajas Recaudos', 'CajasRecaudos', '0', '0', '0', '0'),
(3546, 5, 1, 'Corresponsal Bancario', 'CorresponsalBancario', '0', '0', '0', '1'),
(3545, 5, 1, 'Configuracion General', 'ConfiguracionGeneral', '0', '0', '0', '1'),
(3544, 5, 1, 'Configuracion', 'Configuracion', '0', '0', '0', '1'),
(3542, 5, 1, 'Cargo', 'Cargo', '0', '0', '0', '1'),
(3543, 5, 1, 'Compras', 'Compras', '0', '0', '0', '1'),
(3540, 5, 1, 'Cajas', 'Cajas', '0', '0', '0', '1'),
(3541, 5, 1, 'Cajas Recaudos', 'CajasRecaudos', '0', '0', '0', '1'),
(3539, 5, 1, 'Bancos', 'Bancos', '0', '0', '0', '1'),
(3538, 5, 1, 'Balance General', 'BalanceGeneral', '0', '0', '0', '1'),
(3537, 5, 1, 'Agentes Externos', 'AgentesExternos', '0', '0', '0', '1'),
(3468, 3, 1000123456, 'Traslados', 'Traslados', '1', '1', '1', '0'),
(3467, 3, 1000123456, 'Transferencias', 'Transferencias', '1', '1', '1', '0'),
(3466, 3, 1000123456, 'Tipos de Documentos', 'TiposDocumentos', '0', '0', '0', '0'),
(3465, 3, 1000123456, 'Tipos de Cuentas', 'TiposCuentas', '0', '0', '0', '0'),
(3464, 3, 1000123456, 'Terceros', 'Terceros', '0', '0', '0', '0'),
(3462, 3, 1000123456, 'Remitentes', 'Remitentes', '0', '0', '0', '0'),
(3463, 3, 1000123456, 'Servicio Externo', 'ServicioExterno', '1', '1', '1', '0'),
(3460, 3, 1000123456, 'Perfiles', 'Perfiles', '0', '0', '0', '0'),
(3461, 3, 1000123456, 'POS', 'POS', '1', '1', '1', '0'),
(3459, 3, 1000123456, 'Oficinas', 'Oficinas', '0', '0', '0', '0'),
(3458, 3, 1000123456, 'Monedas', 'Monedas', '0', '0', '0', '0'),
(3457, 3, 1000123456, 'Log de Sistema', 'LogSistema', '0', '0', '0', '0'),
(3455, 3, 1000123456, 'Indicadores', 'Indicadores', '0', '0', '0', '0'),
(3456, 3, 1000123456, 'Informacion Giros', 'InformacionGiros', '0', '0', '0', '0'),
(3453, 3, 1000123456, 'Giros', 'Giros', '1', '1', '1', '0'),
(3454, 3, 1000123456, 'Grupos', 'Grupos', '0', '0', '0', '0'),
(3452, 3, 1000123456, 'Funcionarios', 'Funcionarios', '0', '0', '0', '0'),
(3451, 3, 1000123456, 'Flujo Efectivo', 'FlujoEfectivo', '0', '0', '0', '0'),
(3450, 3, 1000123456, 'Egresos', 'Egresos', '0', '0', '0', '0'),
(3449, 3, 1000123456, 'Destinatarios', 'Destinatarios', '0', '0', '0', '0'),
(3448, 3, 1000123456, 'Cuentas Terceros', 'CuentasTerceros', '0', '0', '0', '0'),
(3447, 3, 1000123456, 'Cuentas por Pagar', 'CuentasPagar', '0', '0', '0', '0'),
(3446, 3, 1000123456, 'Cuentas por Cobrar (cartera)', 'CuentasCobrar', '0', '0', '0', '0'),
(3128, 3, 1524854, 'Traslados', 'Traslados', '1', '1', '1', '0'),
(3127, 3, 1524854, 'Transferencias', 'Transferencias', '1', '1', '1', '0'),
(3125, 3, 1524854, 'Tipos de Cuentas', 'TiposCuentas', '0', '0', '0', '0'),
(3126, 3, 1524854, 'Tipos de Documentos', 'TiposDocumentos', '0', '0', '0', '0'),
(3502, 3, 91400400, 'Traslados', 'Traslados', '1', '1', '1', '0'),
(3501, 3, 91400400, 'Transferencias', 'Transferencias', '1', '1', '1', '0'),
(3500, 3, 91400400, 'Tipos de Documentos', 'TiposDocumentos', '0', '0', '0', '0'),
(3499, 3, 91400400, 'Tipos de Cuentas', 'TiposCuentas', '0', '0', '0', '0'),
(3498, 3, 91400400, 'Terceros', 'Terceros', '0', '0', '0', '0'),
(3497, 3, 91400400, 'Servicio Externo', 'ServicioExterno', '1', '1', '1', '0'),
(3496, 3, 91400400, 'Remitentes', 'Remitentes', '0', '0', '0', '0'),
(3495, 3, 91400400, 'POS', 'POS', '1', '1', '1', '0'),
(3494, 3, 91400400, 'Perfiles', 'Perfiles', '0', '0', '0', '0'),
(3493, 3, 91400400, 'Oficinas', 'Oficinas', '0', '0', '0', '0'),
(3492, 3, 91400400, 'Monedas', 'Monedas', '0', '0', '0', '0'),
(3491, 3, 91400400, 'Log de Sistema', 'LogSistema', '0', '0', '0', '0'),
(3490, 3, 91400400, 'Informacion Giros', 'InformacionGiros', '0', '0', '0', '0'),
(3488, 3, 91400400, 'Grupos', 'Grupos', '0', '0', '0', '0'),
(3489, 3, 91400400, 'Indicadores', 'Indicadores', '0', '0', '0', '0'),
(3487, 3, 91400400, 'Giros', 'Giros', '1', '1', '1', '0'),
(3485, 3, 91400400, 'Flujo Efectivo', 'FlujoEfectivo', '0', '0', '0', '0'),
(3486, 3, 91400400, 'Funcionarios', 'Funcionarios', '0', '0', '0', '0'),
(3484, 3, 91400400, 'Egresos', 'Egresos', '0', '0', '0', '0'),
(3483, 3, 91400400, 'Destinatarios', 'Destinatarios', '0', '0', '0', '0'),
(3482, 3, 91400400, 'Cuentas Terceros', 'CuentasTerceros', '0', '0', '0', '0'),
(3481, 3, 91400400, 'Cuentas por Pagar', 'CuentasPagar', '0', '0', '0', '0'),
(3480, 3, 91400400, 'Cuentas por Cobrar (cartera)', 'CuentasCobrar', '0', '0', '0', '0'),
(3479, 3, 91400400, 'Cuentas Bancarias', 'CuentasBancarias', '0', '0', '0', '0'),
(3478, 3, 91400400, 'Corresponsal Bancario', 'CorresponsalBancario', '1', '1', '1', '0'),
(3124, 3, 1524854, 'Terceros', 'Terceros', '0', '0', '0', '0'),
(3123, 3, 1524854, 'Servicio Externo', 'ServicioExterno', '1', '1', '1', '0'),
(3122, 3, 1524854, 'Remitentes', 'Remitentes', '0', '0', '0', '0'),
(3121, 3, 1524854, 'POS', 'POS', '1', '1', '1', '0'),
(3120, 3, 1524854, 'Perfiles', 'Perfiles', '0', '0', '0', '0'),
(3119, 3, 1524854, 'Oficinas', 'Oficinas', '0', '0', '0', '0'),
(3369, 2, 91100100, 'Bancos', 'Bancos', '0', '0', '0', '0'),
(3368, 2, 91100100, 'Balance General', 'BalanceGeneral', '0', '0', '0', '0'),
(3367, 2, 91100100, 'Agentes Externos', 'AgentesExternos', '0', '0', '0', '0'),
(3445, 3, 1000123456, 'Cuentas Bancarias', 'CuentasBancarias', '0', '0', '0', '0'),
(3444, 3, 1000123456, 'Corresponsal Bancario', 'CorresponsalBancario', '1', '1', '1', '0'),
(3443, 3, 1000123456, 'Configuracion General', 'ConfiguracionGeneral', '0', '0', '0', '0'),
(3442, 3, 1000123456, 'Configuracion', 'Configuracion', '0', '0', '0', '0'),
(3441, 3, 1000123456, 'Compras', 'Compras', '0', '0', '0', '0'),
(3440, 3, 1000123456, 'Cargo', 'Cargo', '0', '0', '0', '0'),
(3439, 3, 1000123456, 'Cajas Recaudos', 'CajasRecaudos', '0', '0', '0', '0'),
(3438, 3, 1000123456, 'Cajas', 'Cajas', '0', '0', '0', '0'),
(3437, 3, 1000123456, 'Bancos', 'Bancos', '0', '0', '0', '0'),
(3436, 3, 1000123456, 'Balance General', 'BalanceGeneral', '0', '0', '0', '0'),
(3435, 3, 1000123456, 'Agentes Externos', 'AgentesExternos', '0', '0', '0', '0'),
(4148, 2, 37505783, 'Traslados', 'Traslados', '1', '1', '1', '1'),
(4147, 2, 37505783, 'Transferencias', 'Transferencias', '1', '1', '1', '1'),
(4145, 2, 37505783, 'Tipos de Cuentas', 'TiposCuentas', '0', '0', '0', '0'),
(4146, 2, 37505783, 'Tipos de Documentos', 'TiposDocumentos', '0', '0', '0', '0'),
(4144, 2, 37505783, 'Terceros', 'Terceros', '0', '0', '0', '1'),
(4143, 2, 37505783, 'Servicio Externo', 'ServicioExterno', '1', '1', '1', '1'),
(4142, 2, 37505783, 'Remitentes', 'Remitentes', '1', '1', '1', '1'),
(4141, 2, 37505783, 'POS', 'POS', '1', '1', '1', '1'),
(4139, 2, 37505783, 'Oficinas', 'Oficinas', '0', '0', '0', '1'),
(4140, 2, 37505783, 'Perfiles', 'Perfiles', '0', '0', '0', '0'),
(4138, 2, 37505783, 'Monedas', 'Monedas', '0', '0', '0', '1'),
(4137, 2, 37505783, 'Log de Sistema', 'LogSistema', '0', '0', '0', '0'),
(4136, 2, 37505783, 'Informacion Giros', 'InformacionGiros', '0', '0', '0', '1'),
(4133, 2, 37505783, 'Giros', 'Giros', '1', '1', '1', '1'),
(4134, 2, 37505783, 'Grupos', 'Grupos', '0', '0', '0', '0'),
(4135, 2, 37505783, 'Indicadores', 'Indicadores', '0', '0', '0', '1'),
(4132, 2, 37505783, 'Funcionarios', 'Funcionarios', '0', '0', '0', '0'),
(4130, 2, 37505783, 'Egresos', 'Egresos', '1', '1', '1', '1'),
(4131, 2, 37505783, 'Flujo Efectivo', 'FlujoEfectivo', '0', '0', '0', '1'),
(4129, 2, 37505783, 'Destinatarios', 'Destinatarios', '1', '1', '1', '1'),
(4128, 2, 37505783, 'Cuentas Terceros', 'CuentasTerceros', '0', '0', '0', '1'),
(4126, 2, 37505783, 'Cuentas por Cobrar (cartera)', 'CuentasCobrar', '0', '0', '0', '0'),
(4127, 2, 37505783, 'Cuentas por Pagar', 'CuentasPagar', '0', '0', '0', '0'),
(4125, 2, 37505783, 'Cuentas Bancarias', 'CuentasBancarias', '0', '0', '0', '0'),
(3477, 3, 91400400, 'Configuracion General', 'ConfiguracionGeneral', '0', '0', '0', '0'),
(3475, 3, 91400400, 'Compras', 'Compras', '0', '0', '0', '0'),
(3476, 3, 91400400, 'Configuracion', 'Configuracion', '0', '0', '0', '0'),
(3474, 3, 91400400, 'Cargo', 'Cargo', '0', '0', '0', '0'),
(3473, 3, 91400400, 'Cajas Recaudos', 'CajasRecaudos', '0', '0', '0', '0'),
(3471, 3, 91400400, 'Bancos', 'Bancos', '0', '0', '0', '0'),
(3472, 3, 91400400, 'Cajas', 'Cajas', '0', '0', '0', '0'),
(3470, 3, 91400400, 'Balance General', 'BalanceGeneral', '0', '0', '0', '0'),
(3469, 3, 91400400, 'Agentes Externos', 'AgentesExternos', '0', '0', '0', '0'),
(4124, 2, 37505783, 'Corresponsal Bancario', 'CorresponsalBancario', '1', '1', '1', '1'),
(4123, 2, 37505783, 'Configuracion General', 'ConfiguracionGeneral', '0', '0', '0', '0'),
(4122, 2, 37505783, 'Configuracion', 'Configuracion', '0', '0', '0', '0'),
(4121, 2, 37505783, 'Compras', 'Compras', '1', '1', '1', '1'),
(4120, 2, 37505783, 'Cargo', 'Cargo', '0', '0', '0', '0'),
(4119, 2, 37505783, 'Cajas Recaudos', 'CajasRecaudos', '0', '0', '0', '0'),
(4117, 2, 37505783, 'Bancos', 'Bancos', '0', '0', '0', '0'),
(4118, 2, 37505783, 'Cajas', 'Cajas', '0', '0', '0', '1'),
(4116, 2, 37505783, 'Balance General', 'BalanceGeneral', '0', '0', '0', '0'),
(4115, 2, 37505783, 'Agentes Externos', 'AgentesExternos', '1', '1', '0', '1'),
(3842, 3, 1127922289, 'Traslados', 'Traslados', '1', '1', '1', '0'),
(3841, 3, 1127922289, 'Transferencias', 'Transferencias', '1', '1', '1', '0'),
(3839, 3, 1127922289, 'Tipos de Cuentas', 'TiposCuentas', '0', '0', '0', '0'),
(3840, 3, 1127922289, 'Tipos de Documentos', 'TiposDocumentos', '0', '0', '0', '0'),
(3838, 3, 1127922289, 'Terceros', 'Terceros', '0', '0', '0', '0'),
(3837, 3, 1127922289, 'Servicio Externo', 'ServicioExterno', '1', '1', '1', '0'),
(3836, 3, 1127922289, 'Remitentes', 'Remitentes', '0', '0', '0', '0'),
(3835, 3, 1127922289, 'POS', 'POS', '1', '1', '1', '0'),
(3833, 3, 1127922289, 'Oficinas', 'Oficinas', '0', '0', '0', '0'),
(3834, 3, 1127922289, 'Perfiles', 'Perfiles', '0', '0', '0', '0'),
(3832, 3, 1127922289, 'Monedas', 'Monedas', '0', '0', '0', '0'),
(3831, 3, 1127922289, 'Log de Sistema', 'LogSistema', '0', '0', '0', '0'),
(3830, 3, 1127922289, 'Informacion Giros', 'InformacionGiros', '0', '0', '0', '0'),
(3827, 3, 1127922289, 'Giros', 'Giros', '1', '1', '1', '0'),
(3828, 3, 1127922289, 'Grupos', 'Grupos', '0', '0', '0', '0'),
(3829, 3, 1127922289, 'Indicadores', 'Indicadores', '0', '0', '0', '0'),
(3826, 3, 1127922289, 'Funcionarios', 'Funcionarios', '0', '0', '0', '0'),
(3824, 3, 1127922289, 'Egresos', 'Egresos', '0', '0', '0', '0'),
(3825, 3, 1127922289, 'Flujo Efectivo', 'FlujoEfectivo', '0', '0', '0', '0'),
(3823, 3, 1127922289, 'Destinatarios', 'Destinatarios', '0', '0', '0', '0'),
(3822, 3, 1127922289, 'Cuentas Terceros', 'CuentasTerceros', '0', '0', '0', '0'),
(3820, 3, 1127922289, 'Cuentas por Cobrar (cartera)', 'CuentasCobrar', '0', '0', '0', '0'),
(3821, 3, 1127922289, 'Cuentas por Pagar', 'CuentasPagar', '0', '0', '0', '0'),
(3819, 3, 1127922289, 'Cuentas Bancarias', 'CuentasBancarias', '0', '0', '0', '0'),
(3900, 3, 2021002, 'Monedas', 'Monedas', '0', '0', '0', '0'),
(3899, 3, 2021002, 'Log de Sistema', 'LogSistema', '0', '0', '0', '0'),
(3898, 3, 2021002, 'Informacion Giros', 'InformacionGiros', '0', '0', '0', '0'),
(3897, 3, 2021002, 'Indicadores', 'Indicadores', '0', '0', '0', '0'),
(3896, 3, 2021002, 'Grupos', 'Grupos', '0', '0', '0', '0'),
(3895, 3, 2021002, 'Giros', 'Giros', '1', '1', '1', '0'),
(3894, 3, 2021002, 'Funcionarios', 'Funcionarios', '0', '0', '0', '0'),
(3893, 3, 2021002, 'Flujo Efectivo', 'FlujoEfectivo', '0', '0', '0', '0'),
(3892, 3, 2021002, 'Egresos', 'Egresos', '0', '0', '0', '0'),
(3891, 3, 2021002, 'Destinatarios', 'Destinatarios', '0', '0', '0', '0'),
(3890, 3, 2021002, 'Cuentas Terceros', 'CuentasTerceros', '0', '0', '0', '0'),
(3889, 3, 2021002, 'Cuentas por Pagar', 'CuentasPagar', '0', '0', '0', '0');
INSERT INTO `Perfil_Funcionario` (`Id_Perfil_Funcionario`, `Id_Perfil`, `Identificacion_Funcionario`, `Titulo_Modulo`, `Modulo`, `Crear`, `Editar`, `Eliminar`, `Ver`) VALUES
(3888, 3, 2021002, 'Cuentas por Cobrar (cartera)', 'CuentasCobrar', '0', '0', '0', '0'),
(3887, 3, 2021002, 'Cuentas Bancarias', 'CuentasBancarias', '0', '0', '0', '0'),
(3886, 3, 2021002, 'Corresponsal Bancario', 'CorresponsalBancario', '1', '1', '1', '0'),
(3885, 3, 2021002, 'Configuracion General', 'ConfiguracionGeneral', '0', '0', '0', '0'),
(3884, 3, 2021002, 'Configuracion', 'Configuracion', '0', '0', '0', '0'),
(3883, 3, 2021002, 'Compras', 'Compras', '0', '0', '0', '0'),
(3882, 3, 2021002, 'Cargo', 'Cargo', '0', '0', '0', '0'),
(3881, 3, 2021002, 'Cajas Recaudos', 'CajasRecaudos', '0', '0', '0', '0'),
(3880, 3, 2021002, 'Cajas', 'Cajas', '0', '0', '0', '0'),
(3879, 3, 2021002, 'Bancos', 'Bancos', '0', '0', '0', '0'),
(3878, 3, 2021002, 'Balance General', 'BalanceGeneral', '0', '0', '0', '0'),
(3877, 3, 2021002, 'Agentes Externos', 'AgentesExternos', '0', '0', '0', '0'),
(3818, 3, 1127922289, 'Corresponsal Bancario', 'CorresponsalBancario', '1', '1', '1', '0'),
(3817, 3, 1127922289, 'Configuracion General', 'ConfiguracionGeneral', '0', '0', '0', '0'),
(3816, 3, 1127922289, 'Configuracion', 'Configuracion', '0', '0', '0', '0'),
(3815, 3, 1127922289, 'Compras', 'Compras', '0', '0', '0', '0'),
(3814, 3, 1127922289, 'Cargo', 'Cargo', '0', '0', '0', '0'),
(3813, 3, 1127922289, 'Cajas Recaudos', 'CajasRecaudos', '0', '0', '0', '0'),
(3811, 3, 1127922289, 'Bancos', 'Bancos', '0', '0', '0', '0'),
(3812, 3, 1127922289, 'Cajas', 'Cajas', '0', '0', '0', '0'),
(3810, 3, 1127922289, 'Balance General', 'BalanceGeneral', '0', '0', '0', '0'),
(3809, 3, 1127922289, 'Agentes Externos', 'AgentesExternos', '0', '0', '0', '0'),
(4111, 5, 1116496808, 'Tipos de Cuentas', 'TiposCuentas', '0', '0', '0', '1'),
(4110, 5, 1116496808, 'Terceros', 'Terceros', '0', '0', '0', '1'),
(4109, 5, 1116496808, 'Servicio Externo', 'ServicioExterno', '0', '0', '0', '1'),
(4107, 5, 1116496808, 'POS', 'POS', '0', '0', '0', '1'),
(4108, 5, 1116496808, 'Remitentes', 'Remitentes', '0', '0', '0', '1'),
(4106, 5, 1116496808, 'Perfiles', 'Perfiles', '0', '0', '0', '1'),
(4105, 5, 1116496808, 'Oficinas', 'Oficinas', '0', '0', '0', '1'),
(4104, 5, 1116496808, 'Monedas', 'Monedas', '0', '0', '0', '1'),
(4103, 5, 1116496808, 'Log de Sistema', 'LogSistema', '0', '0', '0', '1'),
(4102, 5, 1116496808, 'Informacion Giros', 'InformacionGiros', '0', '0', '0', '1'),
(4101, 5, 1116496808, 'Indicadores', 'Indicadores', '0', '0', '0', '1'),
(4100, 5, 1116496808, 'Grupos', 'Grupos', '0', '0', '0', '1'),
(4099, 5, 1116496808, 'Giros', 'Giros', '0', '0', '0', '1'),
(4098, 5, 1116496808, 'Funcionarios', 'Funcionarios', '0', '0', '0', '1'),
(4096, 5, 1116496808, 'Egresos', 'Egresos', '0', '0', '0', '1'),
(4097, 5, 1116496808, 'Flujo Efectivo', 'FlujoEfectivo', '0', '0', '0', '1'),
(4095, 5, 1116496808, 'Destinatarios', 'Destinatarios', '0', '0', '0', '1'),
(4094, 5, 1116496808, 'Cuentas Terceros', 'CuentasTerceros', '0', '0', '0', '1'),
(4093, 5, 1116496808, 'Cuentas por Pagar', 'CuentasPagar', '0', '0', '0', '1'),
(4092, 5, 1116496808, 'Cuentas por Cobrar (cartera)', 'CuentasCobrar', '0', '0', '0', '1'),
(4091, 5, 1116496808, 'Cuentas Bancarias', 'CuentasBancarias', '0', '0', '0', '1'),
(4090, 5, 1116496808, 'Corresponsal Bancario', 'CorresponsalBancario', '0', '0', '0', '1'),
(4089, 5, 1116496808, 'Configuracion General', 'ConfiguracionGeneral', '0', '0', '0', '1'),
(3843, 3, 91355281, 'Agentes Externos', 'AgentesExternos', '0', '0', '0', '0'),
(3844, 3, 91355281, 'Balance General', 'BalanceGeneral', '0', '0', '0', '0'),
(3845, 3, 91355281, 'Bancos', 'Bancos', '0', '0', '0', '0'),
(3846, 3, 91355281, 'Cajas', 'Cajas', '0', '0', '0', '0'),
(3847, 3, 91355281, 'Cajas Recaudos', 'CajasRecaudos', '0', '0', '0', '0'),
(3848, 3, 91355281, 'Cargo', 'Cargo', '0', '0', '0', '0'),
(3849, 3, 91355281, 'Compras', 'Compras', '0', '0', '0', '0'),
(3850, 3, 91355281, 'Configuracion', 'Configuracion', '0', '0', '0', '0'),
(3851, 3, 91355281, 'Configuracion General', 'ConfiguracionGeneral', '0', '0', '0', '0'),
(3852, 3, 91355281, 'Corresponsal Bancario', 'CorresponsalBancario', '1', '1', '1', '0'),
(3853, 3, 91355281, 'Cuentas Bancarias', 'CuentasBancarias', '0', '0', '0', '0'),
(3854, 3, 91355281, 'Cuentas por Cobrar (cartera)', 'CuentasCobrar', '0', '0', '0', '0'),
(3855, 3, 91355281, 'Cuentas por Pagar', 'CuentasPagar', '0', '0', '0', '0'),
(3856, 3, 91355281, 'Cuentas Terceros', 'CuentasTerceros', '0', '0', '0', '0'),
(3857, 3, 91355281, 'Destinatarios', 'Destinatarios', '0', '0', '0', '0'),
(3858, 3, 91355281, 'Egresos', 'Egresos', '0', '0', '0', '0'),
(3859, 3, 91355281, 'Flujo Efectivo', 'FlujoEfectivo', '0', '0', '0', '0'),
(3860, 3, 91355281, 'Funcionarios', 'Funcionarios', '0', '0', '0', '0'),
(3861, 3, 91355281, 'Giros', 'Giros', '1', '1', '1', '0'),
(3862, 3, 91355281, 'Grupos', 'Grupos', '0', '0', '0', '0'),
(3863, 3, 91355281, 'Indicadores', 'Indicadores', '0', '0', '0', '0'),
(3864, 3, 91355281, 'Informacion Giros', 'InformacionGiros', '0', '0', '0', '0'),
(3865, 3, 91355281, 'Log de Sistema', 'LogSistema', '0', '0', '0', '0'),
(3866, 3, 91355281, 'Monedas', 'Monedas', '0', '0', '0', '0'),
(3867, 3, 91355281, 'Oficinas', 'Oficinas', '0', '0', '0', '0'),
(3868, 3, 91355281, 'Perfiles', 'Perfiles', '0', '0', '0', '0'),
(3869, 3, 91355281, 'POS', 'POS', '1', '1', '1', '0'),
(3870, 3, 91355281, 'Remitentes', 'Remitentes', '0', '0', '0', '0'),
(3871, 3, 91355281, 'Servicio Externo', 'ServicioExterno', '1', '1', '1', '0'),
(3872, 3, 91355281, 'Terceros', 'Terceros', '0', '0', '0', '0'),
(3873, 3, 91355281, 'Tipos de Cuentas', 'TiposCuentas', '0', '0', '0', '0'),
(3874, 3, 91355281, 'Tipos de Documentos', 'TiposDocumentos', '0', '0', '0', '0'),
(3875, 3, 91355281, 'Transferencias', 'Transferencias', '1', '1', '1', '0'),
(3876, 3, 91355281, 'Traslados', 'Traslados', '1', '1', '1', '0'),
(3901, 3, 2021002, 'Oficinas', 'Oficinas', '0', '0', '0', '0'),
(3902, 3, 2021002, 'Perfiles', 'Perfiles', '0', '0', '0', '0'),
(3903, 3, 2021002, 'POS', 'POS', '1', '1', '1', '0'),
(3904, 3, 2021002, 'Remitentes', 'Remitentes', '0', '0', '0', '0'),
(3905, 3, 2021002, 'Servicio Externo', 'ServicioExterno', '1', '1', '1', '0'),
(3906, 3, 2021002, 'Terceros', 'Terceros', '0', '0', '0', '0'),
(3907, 3, 2021002, 'Tipos de Cuentas', 'TiposCuentas', '0', '0', '0', '0'),
(3908, 3, 2021002, 'Tipos de Documentos', 'TiposDocumentos', '0', '0', '0', '0'),
(3909, 3, 2021002, 'Transferencias', 'Transferencias', '1', '1', '1', '0'),
(3910, 3, 2021002, 'Traslados', 'Traslados', '1', '1', '1', '0'),
(3911, 5, 1152216408, 'Agentes Externos', 'AgentesExternos', '0', '0', '0', '1'),
(3912, 5, 1152216408, 'Balance General', 'BalanceGeneral', '0', '0', '0', '1'),
(3913, 5, 1152216408, 'Bancos', 'Bancos', '0', '0', '0', '1'),
(3914, 5, 1152216408, 'Cajas', 'Cajas', '0', '0', '0', '1'),
(3915, 5, 1152216408, 'Cajas Recaudos', 'CajasRecaudos', '0', '0', '0', '1'),
(3916, 5, 1152216408, 'Cargo', 'Cargo', '0', '0', '0', '1'),
(3917, 5, 1152216408, 'Compras', 'Compras', '0', '0', '0', '1'),
(3918, 5, 1152216408, 'Configuracion', 'Configuracion', '0', '0', '0', '1'),
(3919, 5, 1152216408, 'Configuracion General', 'ConfiguracionGeneral', '0', '0', '0', '1'),
(3920, 5, 1152216408, 'Corresponsal Bancario', 'CorresponsalBancario', '0', '0', '0', '1'),
(3921, 5, 1152216408, 'Cuentas Bancarias', 'CuentasBancarias', '0', '0', '0', '1'),
(3922, 5, 1152216408, 'Cuentas por Cobrar (cartera)', 'CuentasCobrar', '0', '0', '0', '1'),
(3923, 5, 1152216408, 'Cuentas por Pagar', 'CuentasPagar', '0', '0', '0', '1'),
(3924, 5, 1152216408, 'Cuentas Terceros', 'CuentasTerceros', '0', '0', '0', '1'),
(3925, 5, 1152216408, 'Destinatarios', 'Destinatarios', '0', '0', '0', '1'),
(3926, 5, 1152216408, 'Egresos', 'Egresos', '0', '0', '0', '1'),
(3927, 5, 1152216408, 'Flujo Efectivo', 'FlujoEfectivo', '0', '0', '0', '1'),
(3928, 5, 1152216408, 'Funcionarios', 'Funcionarios', '0', '0', '0', '1'),
(3929, 5, 1152216408, 'Giros', 'Giros', '0', '0', '0', '1'),
(3930, 5, 1152216408, 'Grupos', 'Grupos', '0', '0', '0', '1'),
(3931, 5, 1152216408, 'Indicadores', 'Indicadores', '0', '0', '0', '1'),
(3932, 5, 1152216408, 'Informacion Giros', 'InformacionGiros', '0', '0', '0', '1'),
(3933, 5, 1152216408, 'Log de Sistema', 'LogSistema', '0', '0', '0', '1'),
(3934, 5, 1152216408, 'Monedas', 'Monedas', '0', '0', '0', '1'),
(3935, 5, 1152216408, 'Oficinas', 'Oficinas', '0', '0', '0', '1'),
(3936, 5, 1152216408, 'Perfiles', 'Perfiles', '0', '0', '0', '1'),
(3937, 5, 1152216408, 'POS', 'POS', '0', '0', '0', '1'),
(3938, 5, 1152216408, 'Remitentes', 'Remitentes', '0', '0', '0', '1'),
(3939, 5, 1152216408, 'Servicio Externo', 'ServicioExterno', '0', '0', '0', '1'),
(3940, 5, 1152216408, 'Terceros', 'Terceros', '0', '0', '0', '1'),
(3941, 5, 1152216408, 'Tipos de Cuentas', 'TiposCuentas', '0', '0', '0', '1'),
(3942, 5, 1152216408, 'Tipos de Documentos', 'TiposDocumentos', '0', '0', '0', '1'),
(3943, 5, 1152216408, 'Transferencias', 'Transferencias', '0', '0', '0', '1'),
(3944, 5, 1152216408, 'Traslados', 'Traslados', '0', '0', '0', '1'),
(3945, 4, 19355432, 'Agentes Externos', 'AgentesExternos', '1', '1', '1', '1'),
(3946, 4, 19355432, 'Balance General', 'BalanceGeneral', '1', '1', '1', '1'),
(3947, 4, 19355432, 'Bancos', 'Bancos', '1', '1', '1', '1'),
(3948, 4, 19355432, 'Cajas', 'Cajas', '1', '1', '1', '1'),
(3949, 4, 19355432, 'Cajas Recaudos', 'CajasRecaudos', '1', '1', '1', '1'),
(3950, 4, 19355432, 'Cargo', 'Cargo', '1', '1', '1', '1'),
(3951, 4, 19355432, 'Compras', 'Compras', '1', '1', '1', '1'),
(3952, 4, 19355432, 'Configuracion', 'Configuracion', '0', '0', '0', '0'),
(3953, 4, 19355432, 'Configuracion General', 'ConfiguracionGeneral', '1', '1', '1', '1'),
(3954, 4, 19355432, 'Corresponsal Bancario', 'CorresponsalBancario', '1', '1', '1', '1'),
(3955, 4, 19355432, 'Cuentas Bancarias', 'CuentasBancarias', '1', '1', '1', '1'),
(3956, 4, 19355432, 'Cuentas por Cobrar (cartera)', 'CuentasCobrar', '1', '1', '1', '1'),
(3957, 4, 19355432, 'Cuentas por Pagar', 'CuentasPagar', '1', '1', '1', '1'),
(3958, 4, 19355432, 'Cuentas Terceros', 'CuentasTerceros', '1', '1', '1', '1'),
(3959, 4, 19355432, 'Destinatarios', 'Destinatarios', '1', '1', '1', '1'),
(3960, 4, 19355432, 'Egresos', 'Egresos', '1', '1', '1', '1'),
(3961, 4, 19355432, 'Flujo Efectivo', 'FlujoEfectivo', '1', '1', '1', '1'),
(3962, 4, 19355432, 'Funcionarios', 'Funcionarios', '1', '1', '1', '1'),
(3963, 4, 19355432, 'Giros', 'Giros', '1', '1', '1', '1'),
(3964, 4, 19355432, 'Grupos', 'Grupos', '1', '1', '1', '1'),
(3965, 4, 19355432, 'Indicadores', 'Indicadores', '1', '1', '1', '1'),
(3966, 4, 19355432, 'Informacion Giros', 'InformacionGiros', '1', '1', '1', '1'),
(3967, 4, 19355432, 'Log de Sistema', 'LogSistema', '1', '1', '1', '1'),
(3968, 4, 19355432, 'Monedas', 'Monedas', '1', '1', '1', '1'),
(3969, 4, 19355432, 'Oficinas', 'Oficinas', '1', '1', '1', '1'),
(3970, 4, 19355432, 'Perfiles', 'Perfiles', '1', '1', '1', '1'),
(3971, 4, 19355432, 'POS', 'POS', '1', '1', '1', '1'),
(3972, 4, 19355432, 'Remitentes', 'Remitentes', '1', '1', '1', '1'),
(3973, 4, 19355432, 'Servicio Externo', 'ServicioExterno', '1', '1', '1', '1'),
(3974, 4, 19355432, 'Terceros', 'Terceros', '1', '1', '1', '1'),
(3975, 4, 19355432, 'Tipos de Cuentas', 'TiposCuentas', '1', '1', '1', '1'),
(3976, 4, 19355432, 'Tipos de Documentos', 'TiposDocumentos', '1', '1', '1', '1'),
(3977, 4, 19355432, 'Transferencias', 'Transferencias', '1', '1', '1', '1'),
(3978, 4, 19355432, 'Traslados', 'Traslados', '1', '1', '1', '1'),
(3979, 2, 1116498041, 'Agentes Externos', 'AgentesExternos', '0', '0', '0', '0'),
(3980, 2, 1116498041, 'Balance General', 'BalanceGeneral', '0', '0', '0', '0'),
(3981, 2, 1116498041, 'Bancos', 'Bancos', '0', '0', '0', '0'),
(3982, 2, 1116498041, 'Cajas', 'Cajas', '0', '0', '0', '0'),
(3983, 2, 1116498041, 'Cajas Recaudos', 'CajasRecaudos', '0', '0', '0', '0'),
(3984, 2, 1116498041, 'Cargo', 'Cargo', '0', '0', '0', '0'),
(3985, 2, 1116498041, 'Compras', 'Compras', '0', '0', '0', '0'),
(3986, 2, 1116498041, 'Configuracion', 'Configuracion', '0', '0', '0', '0'),
(3987, 2, 1116498041, 'Configuracion General', 'ConfiguracionGeneral', '0', '0', '0', '0'),
(3988, 2, 1116498041, 'Corresponsal Bancario', 'CorresponsalBancario', '1', '1', '1', '1'),
(3989, 2, 1116498041, 'Cuentas Bancarias', 'CuentasBancarias', '0', '0', '0', '0'),
(3990, 2, 1116498041, 'Cuentas por Cobrar (cartera)', 'CuentasCobrar', '0', '0', '0', '0'),
(3991, 2, 1116498041, 'Cuentas por Pagar', 'CuentasPagar', '0', '0', '0', '0'),
(3992, 2, 1116498041, 'Cuentas Terceros', 'CuentasTerceros', '0', '0', '0', '0'),
(3993, 2, 1116498041, 'Destinatarios', 'Destinatarios', '0', '0', '0', '0'),
(3994, 2, 1116498041, 'Egresos', 'Egresos', '1', '1', '1', '1'),
(3995, 2, 1116498041, 'Flujo Efectivo', 'FlujoEfectivo', '0', '0', '0', '0'),
(3996, 2, 1116498041, 'Funcionarios', 'Funcionarios', '0', '0', '0', '0'),
(3997, 2, 1116498041, 'Giros', 'Giros', '1', '1', '1', '1'),
(3998, 2, 1116498041, 'Grupos', 'Grupos', '0', '0', '0', '0'),
(3999, 2, 1116498041, 'Indicadores', 'Indicadores', '0', '0', '0', '0'),
(4000, 2, 1116498041, 'Informacion Giros', 'InformacionGiros', '0', '0', '0', '0'),
(4001, 2, 1116498041, 'Log de Sistema', 'LogSistema', '0', '0', '0', '0'),
(4002, 2, 1116498041, 'Monedas', 'Monedas', '0', '0', '0', '0'),
(4003, 2, 1116498041, 'Oficinas', 'Oficinas', '0', '0', '0', '0'),
(4004, 2, 1116498041, 'Perfiles', 'Perfiles', '0', '0', '0', '0'),
(4005, 2, 1116498041, 'POS', 'POS', '1', '1', '1', '1'),
(4006, 2, 1116498041, 'Remitentes', 'Remitentes', '0', '0', '0', '0'),
(4007, 2, 1116498041, 'Servicio Externo', 'ServicioExterno', '1', '1', '1', '1'),
(4008, 2, 1116498041, 'Terceros', 'Terceros', '0', '0', '0', '0'),
(4009, 2, 1116498041, 'Tipos de Cuentas', 'TiposCuentas', '0', '0', '0', '0'),
(4010, 2, 1116498041, 'Tipos de Documentos', 'TiposDocumentos', '0', '0', '0', '0'),
(4011, 2, 1116498041, 'Transferencias', 'Transferencias', '1', '1', '1', '1'),
(4012, 2, 1116498041, 'Traslados', 'Traslados', '1', '1', '1', '1'),
(4013, 2, 1116495248, 'Agentes Externos', 'AgentesExternos', '0', '0', '0', '0'),
(4014, 2, 1116495248, 'Balance General', 'BalanceGeneral', '0', '0', '0', '0'),
(4015, 2, 1116495248, 'Bancos', 'Bancos', '0', '0', '0', '0'),
(4016, 2, 1116495248, 'Cajas', 'Cajas', '0', '0', '0', '0'),
(4017, 2, 1116495248, 'Cajas Recaudos', 'CajasRecaudos', '0', '0', '0', '0'),
(4018, 2, 1116495248, 'Cargo', 'Cargo', '0', '0', '0', '0'),
(4019, 2, 1116495248, 'Compras', 'Compras', '0', '0', '0', '0'),
(4020, 2, 1116495248, 'Configuracion', 'Configuracion', '0', '0', '0', '0'),
(4021, 2, 1116495248, 'Configuracion General', 'ConfiguracionGeneral', '0', '0', '0', '0'),
(4022, 2, 1116495248, 'Corresponsal Bancario', 'CorresponsalBancario', '1', '1', '1', '1'),
(4023, 2, 1116495248, 'Cuentas Bancarias', 'CuentasBancarias', '0', '0', '0', '0'),
(4024, 2, 1116495248, 'Cuentas por Cobrar (cartera)', 'CuentasCobrar', '0', '0', '0', '0'),
(4025, 2, 1116495248, 'Cuentas por Pagar', 'CuentasPagar', '0', '0', '0', '0'),
(4026, 2, 1116495248, 'Cuentas Terceros', 'CuentasTerceros', '0', '0', '0', '0'),
(4027, 2, 1116495248, 'Destinatarios', 'Destinatarios', '0', '0', '0', '0'),
(4028, 2, 1116495248, 'Egresos', 'Egresos', '1', '1', '1', '1'),
(4029, 2, 1116495248, 'Flujo Efectivo', 'FlujoEfectivo', '0', '0', '0', '0'),
(4030, 2, 1116495248, 'Funcionarios', 'Funcionarios', '0', '0', '0', '0'),
(4031, 2, 1116495248, 'Giros', 'Giros', '1', '1', '1', '1'),
(4032, 2, 1116495248, 'Grupos', 'Grupos', '0', '0', '0', '0'),
(4033, 2, 1116495248, 'Indicadores', 'Indicadores', '0', '0', '0', '0'),
(4034, 2, 1116495248, 'Informacion Giros', 'InformacionGiros', '0', '0', '0', '0'),
(4035, 2, 1116495248, 'Log de Sistema', 'LogSistema', '0', '0', '0', '0'),
(4036, 2, 1116495248, 'Monedas', 'Monedas', '0', '0', '0', '0'),
(4037, 2, 1116495248, 'Oficinas', 'Oficinas', '0', '0', '0', '0'),
(4038, 2, 1116495248, 'Perfiles', 'Perfiles', '0', '0', '0', '0'),
(4039, 2, 1116495248, 'POS', 'POS', '1', '1', '1', '1'),
(4040, 2, 1116495248, 'Remitentes', 'Remitentes', '0', '0', '0', '0'),
(4041, 2, 1116495248, 'Servicio Externo', 'ServicioExterno', '1', '1', '1', '1'),
(4042, 2, 1116495248, 'Terceros', 'Terceros', '0', '0', '0', '0'),
(4043, 2, 1116495248, 'Tipos de Cuentas', 'TiposCuentas', '0', '0', '0', '0'),
(4044, 2, 1116495248, 'Tipos de Documentos', 'TiposDocumentos', '0', '0', '0', '0'),
(4045, 2, 1116495248, 'Transferencias', 'Transferencias', '1', '1', '1', '1'),
(4046, 2, 1116495248, 'Traslados', 'Traslados', '1', '1', '1', '1'),
(4088, 5, 1116496808, 'Configuracion', 'Configuracion', '0', '0', '0', '1'),
(4087, 5, 1116496808, 'Compras', 'Compras', '0', '0', '0', '1'),
(4086, 5, 1116496808, 'Cargo', 'Cargo', '0', '0', '0', '1'),
(4085, 5, 1116496808, 'Cajas Recaudos', 'CajasRecaudos', '0', '0', '0', '1'),
(4084, 5, 1116496808, 'Cajas', 'Cajas', '0', '0', '0', '1'),
(4083, 5, 1116496808, 'Bancos', 'Bancos', '0', '0', '0', '1'),
(4082, 5, 1116496808, 'Balance General', 'BalanceGeneral', '0', '0', '0', '1'),
(4081, 5, 1116496808, 'Agentes Externos', 'AgentesExternos', '0', '0', '0', '1'),
(4112, 5, 1116496808, 'Tipos de Documentos', 'TiposDocumentos', '0', '0', '0', '1'),
(4113, 5, 1116496808, 'Transferencias', 'Transferencias', '0', '0', '0', '1'),
(4114, 5, 1116496808, 'Traslados', 'Traslados', '0', '0', '0', '1');

--
-- Dumping data for table `Perfil_Permiso`
--

INSERT INTO `Perfil_Permiso` (`Id_Perfil_Permiso`, `Id_Perfil`, `Titulo_Modulo`, `Modulo`, `Crear`, `Editar`, `Eliminar`, `Ver`) VALUES
(1, 1, 'Agentes Externos', 'AgentesExternos', '1', '1', '1', '1'),
(2, 1, 'Transferencias', 'Transferencias', '1', '1', '1', '1'),
(3, 1, 'Traslados', 'Traslados', '1', '1', '1', '1'),
(4, 1, 'POS', 'POS', '1', '1', '1', '1'),
(5, 1, 'Egresos', 'Egresos', '1', '1', '1', '1'),
(6, 1, 'Giros', 'Giros', '1', '1', '1', '1'),
(7, 1, 'Corresponsal Bancario', 'CorresponsalBancario', '1', '1', '1', '1'),
(8, 1, 'Servicio Externo', 'ServicioExterno', '1', '1', '1', '1'),
(9, 1, 'Indicadores', 'Indicadores', '1', '1', '1', '1'),
(10, 1, 'Balance General', 'BalanceGeneral', '1', '1', '1', '1'),
(11, 1, 'Flujo Efectivo', 'FlujoEfectivo', '1', '1', '1', '1'),
(12, 1, 'Cuentas por Cobrar (cartera)', 'CuentasCobrar', '1', '1', '1', '1'),
(13, 1, 'Cuentas por Pagar', 'CuentasPagar', '1', '1', '1', '1'),
(14, 1, 'Cuentas Terceros', 'CuentasTerceros', '1', '1', '1', '1'),
(15, 1, 'Configuracion', 'Configuracion', '1', '1', '1', '1'),
(16, 1, 'Configuracion General', 'ConfiguracionGeneral', '1', '1', '1', '1'),
(17, 1, 'Cargo', 'Cargo', '1', '1', '1', '1'),
(18, 1, 'Oficinas', 'Oficinas', '1', '1', '1', '1'),
(19, 1, 'Cajas', 'Cajas', '1', '1', '1', '1'),
(20, 1, 'Bancos', 'Bancos', '1', '1', '1', '1'),
(21, 1, 'Cuentas Bancarias', 'CuentasBancarias', '1', '1', '1', '1'),
(22, 1, 'Destinatarios', 'Destinatarios', '1', '1', '1', '1'),
(23, 1, 'Cajas Recaudos', 'CajasRecaudos', '1', '1', '1', '1'),
(24, 1, 'Perfiles', 'Perfiles', '1', '1', '1', '1'),
(25, 1, 'Remitentes', 'Remitentes', '1', '1', '1', '1'),
(26, 1, 'Funcionarios', 'Funcionarios', '1', '1', '1', '1'),
(27, 1, 'Terceros', 'Terceros', '1', '1', '1', '1'),
(28, 1, 'Grupos', 'Grupos', '1', '1', '1', '1'),
(29, 1, 'Tipos de Documentos', 'TiposDocumentos', '1', '1', '1', '1'),
(30, 1, 'Tipos de Cuentas', 'TiposCuentas', '1', '1', '1', '1'),
(31, 1, 'Monedas', 'Monedas', '1', '1', '1', '1'),
(32, 1, 'Informacion Giros', 'InformacionGiros', '1', '1', '1', '1'),
(33, 1, 'Compras', 'Compras', '1', '1', '1', '1'),
(34, 1, 'Log de Sistema', 'LogSistema', '1', '1', '1', '1'),
(35, 2, 'Agentes Externos', 'AgentesExternos', '0', '0', '0', '0'),
(36, 2, 'Transferencias', 'Transferencias', '1', '1', '1', '1'),
(37, 2, 'Traslados', 'Traslados', '1', '1', '1', '1'),
(38, 2, 'POS', 'POS', '1', '1', '1', '1'),
(39, 2, 'Egresos', 'Egresos', '1', '1', '1', '1'),
(40, 2, 'Giros', 'Giros', '1', '1', '1', '1'),
(41, 2, 'Corresponsal Bancario', 'CorresponsalBancario', '1', '1', '1', '1'),
(42, 2, 'Servicio Externo', 'ServicioExterno', '1', '1', '1', '1'),
(43, 2, 'Indicadores', 'Indicadores', '0', '0', '0', '0'),
(44, 2, 'Balance General', 'BalanceGeneral', '0', '0', '0', '0'),
(45, 2, 'Flujo Efectivo', 'FlujoEfectivo', '0', '0', '0', '0'),
(46, 2, 'Cuentas por Cobrar (cartera)', 'CuentasCobrar', '0', '0', '0', '0'),
(47, 2, 'Cuentas por Pagar', 'CuentasPagar', '0', '0', '0', '0'),
(48, 2, 'Cuentas Terceros', 'CuentasTerceros', '0', '0', '0', '0'),
(49, 2, 'Configuracion', 'Configuracion', '0', '0', '0', '0'),
(50, 2, 'Configuracion General', 'ConfiguracionGeneral', '0', '0', '0', '0'),
(51, 2, 'Cargo', 'Cargo', '0', '0', '0', '0'),
(52, 2, 'Oficinas', 'Oficinas', '0', '0', '0', '0'),
(53, 2, 'Cajas', 'Cajas', '0', '0', '0', '0'),
(54, 2, 'Bancos', 'Bancos', '0', '0', '0', '0'),
(55, 2, 'Cuentas Bancarias', 'CuentasBancarias', '0', '0', '0', '0'),
(56, 2, 'Destinatarios', 'Destinatarios', '0', '0', '0', '0'),
(57, 2, 'Cajas Recaudos', 'CajasRecaudos', '0', '0', '0', '0'),
(58, 2, 'Perfiles', 'Perfiles', '0', '0', '0', '0'),
(59, 2, 'Remitentes', 'Remitentes', '0', '0', '0', '0'),
(60, 2, 'Funcionarios', 'Funcionarios', '0', '0', '0', '0'),
(61, 2, 'Terceros', 'Terceros', '0', '0', '0', '0'),
(62, 2, 'Grupos', 'Grupos', '0', '0', '0', '0'),
(63, 2, 'Tipos de Documentos', 'TiposDocumentos', '0', '0', '0', '0'),
(64, 2, 'Tipos de Cuentas', 'TiposCuentas', '0', '0', '0', '0'),
(65, 2, 'Monedas', 'Monedas', '0', '0', '0', '0'),
(66, 2, 'Informacion Giros', 'InformacionGiros', '0', '0', '0', '0'),
(67, 2, 'Compras', 'Compras', '0', '0', '0', '0'),
(68, 2, 'Log de Sistema', 'LogSistema', '0', '0', '0', '0'),
(69, 3, 'Agentes Externos', 'AgentesExternos', '0', '0', '0', '0'),
(70, 3, 'Transferencias', 'Transferencias', '1', '1', '1', '0'),
(71, 3, 'Traslados', 'Traslados', '1', '1', '1', '0'),
(72, 3, 'POS', 'POS', '1', '1', '1', '0'),
(73, 3, 'Egresos', 'Egresos', '0', '0', '0', '0'),
(74, 3, 'Giros', 'Giros', '1', '1', '1', '0'),
(75, 3, 'Corresponsal Bancario', 'CorresponsalBancario', '1', '1', '1', '0'),
(76, 3, 'Servicio Externo', 'ServicioExterno', '1', '1', '1', '0'),
(77, 3, 'Indicadores', 'Indicadores', '0', '0', '0', '0'),
(78, 3, 'Balance General', 'BalanceGeneral', '0', '0', '0', '0'),
(79, 3, 'Flujo Efectivo', 'FlujoEfectivo', '0', '0', '0', '0'),
(80, 3, 'Cuentas por Cobrar (cartera)', 'CuentasCobrar', '0', '0', '0', '0'),
(81, 3, 'Cuentas por Pagar', 'CuentasPagar', '0', '0', '0', '0'),
(82, 3, 'Cuentas Terceros', 'CuentasTerceros', '0', '0', '0', '0'),
(83, 3, 'Configuracion', 'Configuracion', '0', '0', '0', '0'),
(84, 3, 'Configuracion General', 'ConfiguracionGeneral', '0', '0', '0', '0'),
(85, 3, 'Cargo', 'Cargo', '0', '0', '0', '0'),
(86, 3, 'Oficinas', 'Oficinas', '0', '0', '0', '0'),
(87, 3, 'Cajas', 'Cajas', '0', '0', '0', '0'),
(88, 3, 'Bancos', 'Bancos', '0', '0', '0', '0'),
(89, 3, 'Cuentas Bancarias', 'CuentasBancarias', '0', '0', '0', '0'),
(90, 3, 'Destinatarios', 'Destinatarios', '0', '0', '0', '0'),
(91, 3, 'Cajas Recaudos', 'CajasRecaudos', '0', '0', '0', '0'),
(92, 3, 'Perfiles', 'Perfiles', '0', '0', '0', '0'),
(93, 3, 'Remitentes', 'Remitentes', '0', '0', '0', '0'),
(94, 3, 'Funcionarios', 'Funcionarios', '0', '0', '0', '0'),
(95, 3, 'Terceros', 'Terceros', '0', '0', '0', '0'),
(96, 3, 'Grupos', 'Grupos', '0', '0', '0', '0'),
(97, 3, 'Tipos de Documentos', 'TiposDocumentos', '0', '0', '0', '0'),
(98, 3, 'Tipos de Cuentas', 'TiposCuentas', '0', '0', '0', '0'),
(99, 3, 'Monedas', 'Monedas', '0', '0', '0', '0'),
(100, 3, 'Informacion Giros', 'InformacionGiros', '0', '0', '0', '0'),
(101, 3, 'Compras', 'Compras', '0', '0', '0', '0'),
(102, 3, 'Log de Sistema', 'LogSistema', '0', '0', '0', '0'),
(103, 4, 'Agentes Externos', 'AgentesExternos', '1', '1', '1', '1'),
(104, 4, 'Transferencias', 'Transferencias', '1', '1', '1', '1'),
(105, 4, 'Traslados', 'Traslados', '1', '1', '1', '1'),
(106, 4, 'POS', 'POS', '1', '1', '1', '1'),
(107, 4, 'Egresos', 'Egresos', '1', '1', '1', '1'),
(108, 4, 'Giros', 'Giros', '1', '1', '1', '1'),
(109, 4, 'Corresponsal Bancario', 'CorresponsalBancario', '1', '1', '1', '1'),
(110, 4, 'Servicio Externo', 'ServicioExterno', '1', '1', '1', '1'),
(111, 4, 'Indicadores', 'Indicadores', '1', '1', '1', '1'),
(112, 4, 'Balance General', 'BalanceGeneral', '1', '1', '1', '1'),
(113, 4, 'Flujo Efectivo', 'FlujoEfectivo', '1', '1', '1', '1'),
(114, 4, 'Cuentas por Cobrar (cartera)', 'CuentasCobrar', '1', '1', '1', '1'),
(115, 4, 'Cuentas por Pagar', 'CuentasPagar', '1', '1', '1', '1'),
(116, 4, 'Cuentas Terceros', 'CuentasTerceros', '1', '1', '1', '1'),
(117, 4, 'Configuracion', 'Configuracion', '0', '0', '0', '0'),
(118, 4, 'Configuracion General', 'ConfiguracionGeneral', '1', '1', '1', '1'),
(119, 4, 'Cargo', 'Cargo', '1', '1', '1', '1'),
(120, 4, 'Oficinas', 'Oficinas', '1', '1', '1', '1'),
(121, 4, 'Cajas', 'Cajas', '1', '1', '1', '1'),
(122, 4, 'Bancos', 'Bancos', '1', '1', '1', '1'),
(123, 4, 'Cuentas Bancarias', 'CuentasBancarias', '1', '1', '1', '1'),
(124, 4, 'Destinatarios', 'Destinatarios', '1', '1', '1', '1'),
(125, 4, 'Cajas Recaudos', 'CajasRecaudos', '1', '1', '1', '1'),
(126, 4, 'Perfiles', 'Perfiles', '1', '1', '1', '1'),
(127, 4, 'Remitentes', 'Remitentes', '1', '1', '1', '1'),
(128, 4, 'Funcionarios', 'Funcionarios', '1', '1', '1', '1'),
(129, 4, 'Terceros', 'Terceros', '1', '1', '1', '1'),
(130, 4, 'Grupos', 'Grupos', '1', '1', '1', '1'),
(131, 4, 'Tipos de Documentos', 'TiposDocumentos', '1', '1', '1', '1'),
(132, 4, 'Tipos de Cuentas', 'TiposCuentas', '1', '1', '1', '1'),
(133, 4, 'Monedas', 'Monedas', '1', '1', '1', '1'),
(134, 4, 'Informacion Giros', 'InformacionGiros', '1', '1', '1', '1'),
(135, 4, 'Compras', 'Compras', '1', '1', '1', '1'),
(136, 4, 'Log de Sistema', 'LogSistema', '1', '1', '1', '1'),
(137, 5, 'Agentes Externos', 'AgentesExternos', '0', '0', '0', '1'),
(138, 5, 'Transferencias', 'Transferencias', '0', '0', '0', '1'),
(139, 5, 'Traslados', 'Traslados', '0', '0', '0', '1'),
(140, 5, 'POS', 'POS', '0', '0', '0', '1'),
(141, 5, 'Egresos', 'Egresos', '0', '0', '0', '1'),
(142, 5, 'Giros', 'Giros', '0', '0', '0', '1'),
(143, 5, 'Corresponsal Bancario', 'CorresponsalBancario', '0', '0', '0', '1'),
(144, 5, 'Servicio Externo', 'ServicioExterno', '0', '0', '0', '1'),
(145, 5, 'Indicadores', 'Indicadores', '0', '0', '0', '1'),
(146, 5, 'Balance General', 'BalanceGeneral', '0', '0', '0', '1'),
(147, 5, 'Flujo Efectivo', 'FlujoEfectivo', '0', '0', '0', '1'),
(148, 5, 'Cuentas por Cobrar (cartera)', 'CuentasCobrar', '0', '0', '0', '1'),
(149, 5, 'Cuentas por Pagar', 'CuentasPagar', '0', '0', '0', '1'),
(150, 5, 'Cuentas Terceros', 'CuentasTerceros', '0', '0', '0', '1'),
(151, 5, 'Configuracion', 'Configuracion', '0', '0', '0', '1'),
(152, 5, 'Configuracion General', 'ConfiguracionGeneral', '0', '0', '0', '1'),
(153, 5, 'Cargo', 'Cargo', '0', '0', '0', '1'),
(154, 5, 'Oficinas', 'Oficinas', '0', '0', '0', '1'),
(155, 5, 'Cajas', 'Cajas', '0', '0', '0', '1'),
(156, 5, 'Bancos', 'Bancos', '0', '0', '0', '1'),
(157, 5, 'Cuentas Bancarias', 'CuentasBancarias', '0', '0', '0', '1'),
(158, 5, 'Destinatarios', 'Destinatarios', '0', '0', '0', '1'),
(159, 5, 'Cajas Recaudos', 'CajasRecaudos', '0', '0', '0', '1'),
(160, 5, 'Perfiles', 'Perfiles', '0', '0', '0', '1'),
(161, 5, 'Remitentes', 'Remitentes', '0', '0', '0', '1'),
(162, 5, 'Funcionarios', 'Funcionarios', '0', '0', '0', '1'),
(163, 5, 'Terceros', 'Terceros', '0', '0', '0', '1'),
(164, 5, 'Grupos', 'Grupos', '0', '0', '0', '1'),
(165, 5, 'Tipos de Documentos', 'TiposDocumentos', '0', '0', '0', '1'),
(166, 5, 'Tipos de Cuentas', 'TiposCuentas', '0', '0', '0', '1'),
(167, 5, 'Monedas', 'Monedas', '0', '0', '0', '1'),
(168, 5, 'Informacion Giros', 'InformacionGiros', '0', '0', '0', '1'),
(169, 5, 'Compras', 'Compras', '0', '0', '0', '1'),
(170, 5, 'Log de Sistema', 'LogSistema', '0', '0', '0', '1'),
(229, 8, 'Remitentes', 'Remitentes', '0', '0', '0', '1'),
(228, 8, 'Perfiles', 'Perfiles', '1', '1', '0', '0'),
(227, 8, 'Cajas Recaudos', 'CajasRecaudos', '0', '1', '0', '0'),
(226, 8, 'Destinatarios', 'Destinatarios', '0', '1', '0', '0'),
(225, 8, 'Cuentas Bancarias', 'CuentasBancarias', '0', '1', '0', '0'),
(224, 8, 'Bancos', 'Bancos', '1', '0', '0', '0'),
(223, 8, 'Cajas', 'Cajas', '1', '0', '0', '0'),
(222, 8, 'Oficinas', 'Oficinas', '1', '0', '0', '0'),
(221, 8, 'Cargo', 'Cargo', '1', '0', '0', '0'),
(220, 8, 'Configuracion General', 'ConfiguracionGeneral', '1', '1', '0', '0'),
(219, 8, 'Configuracion', 'Configuracion', '0', '1', '0', '0'),
(218, 8, 'Cuentas Terceros', 'CuentasTerceros', '1', '0', '0', '0'),
(217, 8, 'Cuentas por Pagar', 'CuentasPagar', '0', '0', '1', '0'),
(216, 8, 'Cuentas por Cobrar (cartera)', 'CuentasCobrar', '0', '1', '0', '0'),
(215, 8, 'Flujo Efectivo', 'FlujoEfectivo', '1', '0', '0', '0'),
(214, 8, 'Balance General', 'BalanceGeneral', '0', '1', '0', '0'),
(213, 8, 'Indicadores', 'Indicadores', '1', '1', '0', '0'),
(212, 8, 'Servicio Externo', 'ServicioExterno', '1', '0', '0', '0'),
(211, 8, 'Corresponsal Bancario', 'CorresponsalBancario', '0', '1', '0', '0'),
(210, 8, 'Giros', 'Giros', '1', '0', '0', '0'),
(209, 8, 'Egresos', 'Egresos', '0', '0', '0', '0'),
(208, 8, 'POS', 'POS', '1', '0', '0', '0'),
(207, 8, 'Traslados', 'Traslados', '0', '0', '0', '0'),
(206, 8, 'Transferencias', 'Transferencias', '0', '0', '0', '0'),
(205, 8, 'Agentes Externos', 'AgentesExternos', '0', '0', '0', '0'),
(230, 8, 'Funcionarios', 'Funcionarios', '0', '0', '0', '0'),
(231, 8, 'Terceros', 'Terceros', '0', '0', '0', '0'),
(232, 8, 'Grupos', 'Grupos', '0', '0', '0', '0'),
(233, 8, 'Tipos de Documentos', 'TiposDocumentos', '0', '0', '0', '0'),
(234, 8, 'Tipos de Cuentas', 'TiposCuentas', '0', '0', '0', '0'),
(235, 8, 'Monedas', 'Monedas', '0', '0', '0', '0'),
(236, 8, 'Informacion Giros', 'InformacionGiros', '0', '0', '0', '0'),
(237, 8, 'Compras', 'Compras', '0', '0', '0', '0'),
(238, 8, 'Log de Sistema', 'LogSistema', '0', '0', '0', '0'),
(239, 9, 'Agentes Externos', 'AgentesExternos', '1', '1', '1', '1'),
(240, 9, 'Transferencias', 'Transferencias', '1', '1', '1', '1'),
(241, 9, 'Traslados', 'Traslados', '0', '1', '0', '0'),
(242, 9, 'POS', 'POS', '0', '1', '0', '0'),
(243, 9, 'Egresos', 'Egresos', '0', '0', '0', '0'),
(244, 9, 'Giros', 'Giros', '1', '1', '1', '1'),
(245, 9, 'Corresponsal Bancario', 'CorresponsalBancario', '1', '0', '0', '0'),
(246, 9, 'Servicio Externo', 'ServicioExterno', '0', '0', '0', '0'),
(247, 9, 'Indicadores', 'Indicadores', '0', '0', '0', '0'),
(248, 9, 'Balance General', 'BalanceGeneral', '0', '0', '0', '0'),
(249, 9, 'Flujo Efectivo', 'FlujoEfectivo', '1', '0', '0', '1'),
(250, 9, 'Cuentas por Cobrar (cartera)', 'CuentasCobrar', '0', '0', '0', '0'),
(251, 9, 'Cuentas por Pagar', 'CuentasPagar', '0', '0', '0', '0'),
(252, 9, 'Cuentas Terceros', 'CuentasTerceros', '0', '0', '0', '0'),
(253, 9, 'Configuracion', 'Configuracion', '0', '0', '0', '0'),
(254, 9, 'Configuracion General', 'ConfiguracionGeneral', '0', '0', '0', '0'),
(255, 9, 'Cargo', 'Cargo', '0', '0', '0', '0'),
(256, 9, 'Oficinas', 'Oficinas', '0', '0', '0', '0'),
(257, 9, 'Cajas', 'Cajas', '0', '0', '0', '0'),
(258, 9, 'Bancos', 'Bancos', '0', '0', '0', '0'),
(259, 9, 'Cuentas Bancarias', 'CuentasBancarias', '0', '0', '0', '0'),
(260, 9, 'Destinatarios', 'Destinatarios', '0', '0', '0', '0'),
(261, 9, 'Cajas Recaudos', 'CajasRecaudos', '0', '0', '0', '0'),
(262, 9, 'Perfiles', 'Perfiles', '0', '0', '0', '0'),
(263, 9, 'Remitentes', 'Remitentes', '0', '0', '0', '0'),
(264, 9, 'Funcionarios', 'Funcionarios', '0', '0', '0', '0'),
(265, 9, 'Terceros', 'Terceros', '0', '0', '0', '0'),
(266, 9, 'Grupos', 'Grupos', '0', '0', '0', '0'),
(267, 9, 'Tipos de Documentos', 'TiposDocumentos', '0', '0', '0', '0'),
(268, 9, 'Tipos de Cuentas', 'TiposCuentas', '0', '0', '0', '0'),
(269, 9, 'Monedas', 'Monedas', '0', '0', '0', '0'),
(270, 9, 'Informacion Giros', 'InformacionGiros', '0', '0', '0', '0'),
(271, 9, 'Compras', 'Compras', '0', '0', '0', '0'),
(272, 9, 'Log de Sistema', 'LogSistema', '0', '0', '0', '0'),
(273, 10, 'Agentes Externos', 'AgentesExternos', '0', '0', '0', '1'),
(274, 10, 'Transferencias', 'Transferencias', '0', '0', '0', '0'),
(275, 10, 'Traslados', 'Traslados', '0', '0', '0', '1'),
(276, 10, 'POS', 'POS', '0', '0', '0', '1'),
(277, 10, 'Egresos', 'Egresos', '0', '0', '0', '1'),
(278, 10, 'Giros', 'Giros', '1', '0', '0', '0'),
(279, 10, 'Corresponsal Bancario', 'CorresponsalBancario', '0', '0', '0', '1'),
(280, 10, 'Servicio Externo', 'ServicioExterno', '0', '0', '0', '1'),
(281, 10, 'Indicadores', 'Indicadores', '0', '0', '0', '1'),
(282, 10, 'Balance General', 'BalanceGeneral', '0', '0', '0', '1'),
(283, 10, 'Flujo Efectivo', 'FlujoEfectivo', '0', '0', '0', '1'),
(284, 10, 'Cuentas por Cobrar (cartera)', 'CuentasCobrar', '0', '0', '0', '1'),
(285, 10, 'Cuentas por Pagar', 'CuentasPagar', '0', '0', '0', '1'),
(286, 10, 'Cuentas Terceros', 'CuentasTerceros', '0', '0', '0', '0'),
(287, 10, 'Configuracion', 'Configuracion', '0', '0', '0', '1'),
(288, 10, 'Configuracion General', 'ConfiguracionGeneral', '0', '0', '0', '1'),
(289, 10, 'Cargo', 'Cargo', '0', '0', '0', '0'),
(290, 10, 'Oficinas', 'Oficinas', '0', '0', '0', '1'),
(291, 10, 'Cajas', 'Cajas', '0', '0', '0', '1'),
(292, 10, 'Bancos', 'Bancos', '0', '0', '0', '1'),
(293, 10, 'Cuentas Bancarias', 'CuentasBancarias', '1', '0', '0', '0'),
(294, 10, 'Destinatarios', 'Destinatarios', '0', '0', '0', '0'),
(295, 10, 'Cajas Recaudos', 'CajasRecaudos', '0', '0', '0', '0'),
(296, 10, 'Perfiles', 'Perfiles', '0', '0', '0', '0'),
(297, 10, 'Remitentes', 'Remitentes', '0', '0', '0', '0'),
(298, 10, 'Funcionarios', 'Funcionarios', '0', '0', '0', '0'),
(299, 10, 'Terceros', 'Terceros', '0', '0', '0', '0'),
(300, 10, 'Grupos', 'Grupos', '0', '0', '0', '0'),
(301, 10, 'Tipos de Documentos', 'TiposDocumentos', '0', '0', '0', '0'),
(302, 10, 'Tipos de Cuentas', 'TiposCuentas', '0', '0', '0', '0'),
(303, 10, 'Monedas', 'Monedas', '0', '0', '0', '0'),
(304, 10, 'Informacion Giros', 'InformacionGiros', '0', '0', '0', '0'),
(305, 10, 'Compras', 'Compras', '0', '0', '0', '0'),
(306, 10, 'Log de Sistema', 'LogSistema', '0', '0', '0', '0'),
(307, 101, 'Agentes Externos', 'AgentesExternos', '0', '0', '0', '0'),
(308, 101, 'Transferencias', 'Transferencias', '0', '0', '0', '0'),
(309, 101, 'Traslados', 'Traslados', '0', '0', '0', '0'),
(310, 101, 'POS', 'POS', '0', '0', '0', '0'),
(311, 101, 'Egresos', 'Egresos', '0', '0', '0', '0'),
(312, 101, 'Giros', 'Giros', '0', '0', '0', '0'),
(313, 101, 'Corresponsal Bancario', 'CorresponsalBancario', '0', '0', '0', '0'),
(314, 101, 'Servicio Externo', 'ServicioExterno', '0', '0', '0', '0'),
(315, 101, 'Indicadores', 'Indicadores', '0', '0', '0', '0'),
(316, 101, 'Balance General', 'BalanceGeneral', '0', '0', '0', '0'),
(317, 101, 'Flujo Efectivo', 'FlujoEfectivo', '0', '0', '0', '0'),
(318, 101, 'Cuentas por Cobrar (cartera)', 'CuentasCobrar', '0', '0', '0', '0'),
(319, 101, 'Cuentas por Pagar', 'CuentasPagar', '0', '0', '0', '0'),
(320, 101, 'Cuentas Terceros', 'CuentasTerceros', '0', '0', '0', '0'),
(321, 101, 'Configuracion', 'Configuracion', '0', '0', '0', '0'),
(322, 101, 'Configuracion General', 'ConfiguracionGeneral', '0', '0', '0', '0'),
(323, 101, 'Cargo', 'Cargo', '0', '0', '0', '0'),
(324, 101, 'Oficinas', 'Oficinas', '0', '0', '0', '0'),
(325, 101, 'Cajas', 'Cajas', '0', '0', '0', '0'),
(326, 101, 'Bancos', 'Bancos', '0', '0', '0', '0'),
(327, 101, 'Cuentas Bancarias', 'CuentasBancarias', '0', '0', '0', '0'),
(328, 101, 'Destinatarios', 'Destinatarios', '0', '0', '0', '0'),
(329, 101, 'Cajas Recaudos', 'CajasRecaudos', '0', '0', '0', '0'),
(330, 101, 'Perfiles', 'Perfiles', '0', '0', '0', '0'),
(331, 101, 'Remitentes', 'Remitentes', '0', '0', '0', '0'),
(332, 101, 'Funcionarios', 'Funcionarios', '0', '0', '0', '0'),
(333, 101, 'Terceros', 'Terceros', '0', '0', '0', '0'),
(334, 101, 'Grupos', 'Grupos', '0', '0', '0', '0'),
(335, 101, 'Tipos de Documentos', 'TiposDocumentos', '0', '0', '0', '0'),
(336, 101, 'Tipos de Cuentas', 'TiposCuentas', '0', '0', '0', '0'),
(337, 101, 'Monedas', 'Monedas', '0', '0', '0', '0'),
(338, 101, 'Informacion Giros', 'InformacionGiros', '0', '0', '0', '0'),
(339, 101, 'Compras', 'Compras', '0', '0', '0', '0'),
(340, 101, 'Log de Sistema', 'LogSistema', '0', '0', '0', '0');

--
-- Dumping data for table `Recaudo`
--

INSERT INTO `Recaudo` (`Codigo`, `Estado`, `Remitente`, `Recibido`, `Comision`, `Detalle`, `Transferido`, `Funcionario`, `created_at`, `updated_at`, `id`) VALUES
('RC- 63', 'Activo', 12345, '250000', '0', 'Sin observaciones', '0', 9999999, '2021-10-15 18:08:34', '2021-10-15 18:08:34', 63);

--
-- Dumping data for table `Recaudo_Destinatario`
--

INSERT INTO `Recaudo_Destinatario` (`id`, `Comision`, `Destinatario_Id`, `Recaudo_Id`, `Transferido`, `created_at`, `updated_at`, `Original`) VALUES
(30, '20', 12353, 63, '160000', '2021-10-15 18:08:34', '2021-10-15 18:08:34', '200000'),
(31, '10', 12345, 63, '45000', '2021-10-15 18:08:34', '2021-10-15 18:08:34', '50000');

--
-- Dumping data for table `Recibo`
--

INSERT INTO `Recibo` (`Id_Recibo`, `Codigo`, `Fecha`, `Identificacion_Funcionario`, `Id_Oficina`, `Id_Caja`, `Id_Transferencia`, `Tasa_Cambio`) VALUES
(618, 'RT00694', '2021-10-26 20:36:02', 9999999, NULL, NULL, 283, 1.00),
(617, 'RT00693', '2021-10-26 20:32:57', 37505783, NULL, NULL, 282, 1.00),
(616, 'RT00692', '2021-10-26 20:29:39', 37505783, NULL, NULL, 281, 1.00),
(615, 'RT00691', '2021-10-26 19:28:18', 37505783, NULL, 9, 280, 0.57),
(614, 'RT00690', '2021-10-26 19:18:44', 9999999, NULL, 44, 279, 0.57),
(613, 'RT00689', '2021-10-26 19:16:35', 9999999, NULL, 44, 278, 0.57),
(612, 'RT00688', '2021-10-26 19:02:14', 9999999, NULL, 44, 277, 0.57),
(611, 'RT00687', '2021-10-25 19:24:16', 9999999, NULL, 1, 276, 0.57),
(610, 'RT00686', '2021-10-15 17:35:14', 9999999, NULL, 44, 275, 0.57),
(609, 'RT00685', '2021-10-15 17:33:29', 37505783, NULL, 9, 274, 0.57),
(608, 'RT00684', '2021-10-15 17:31:22', 37505783, NULL, 9, 273, 0.57),
(607, 'RT00683', '2021-10-15 17:26:53', 1127922289, NULL, 9, 272, 0.57),
(606, 'RT00682', '2021-10-15 17:23:04', 9999999, NULL, 44, 271, 0.57),
(605, 'RT00681', '2021-10-15 17:22:33', 9999999, NULL, 44, 270, 0.57),
(604, 'RT00680', '2021-10-15 16:34:32', 9999999, NULL, 1, 269, 0.57),
(603, 'RT00679', '2021-10-15 16:23:19', 1127922289, NULL, NULL, 268, 1.00),
(602, 'RT00678', '2021-10-15 16:22:48', 1127922289, NULL, 9, 267, 0.58),
(601, 'RT00677', '2021-10-15 15:58:57', 9999999, NULL, NULL, 266, 1.00),
(600, 'RT00676', '2021-10-15 15:57:48', 37505783, NULL, NULL, 265, 1.00),
(599, 'RT00675', '2021-10-15 15:32:46', 37505783, NULL, NULL, 264, 1.00),
(598, 'RT00674', '2021-10-14 13:53:09', 9999999, NULL, 1, 263, 0.57),
(597, 'RT00673', '2021-10-12 20:19:06', 9999999, NULL, 1, 262, 0.57);

--
-- Dumping data for table `Saldo_Cuenta`
--

INSERT INTO `Saldo_Cuenta` (`Id_Saldo_Cuenta`, `Id_Cuenta_Bancaria`, `Saldo`, `Fecha`, `Hora`) VALUES
(129, 3, 28839980, '2021-06-18', '2021-06-18 19:20:27'),
(130, 6, 28928980, '2021-09-17', '2021-09-17 14:23:15'),
(131, 27, 78828980, '2021-09-17', '2021-09-17 14:56:47'),
(132, 24, -1025471020, '2021-09-17', '2021-09-17 16:50:06'),
(133, 25, 810000, '2021-09-20', '2021-09-20 16:06:38'),
(134, 13, 110000, '2021-10-08', '2021-10-08 21:42:10'),
(135, 24, -1025471020, '2021-10-15', '2021-10-15 19:14:37');

--
-- Dumping data for table `Servicio`
--

INSERT INTO `Servicio` (`Id_Servicio`, `Servicio_Externo`, `Comision`, `Valor`, `Detalle`, `Fecha`, `Codigo`, `Estado`, `Identificacion_Funcionario`, `Id_Caja`, `Id_Oficina`, `Id_Moneda`, `Id_Funcionario_Destino`, `Fecha_Pago`, `Documento`, `locked`, `created_at`, `updated_at`, `funcionario_locked`, `evidence`, `entrega`) VALUES
(150, '6', 45000, 100000, '15145', '2021-08-24 12:43:43', 'SER00167', 'Pagado', '9999999', 1, 29, 2, 987654321, '2021-08-24 17:49:54', NULL, 0, '0000-00-00 00:00:00', '2021-08-24 17:49:54', NULL, '_1629827394.pdf', NULL),
(151, '4', 45000, 100000, 'klnjklnkln', '2021-08-27 08:04:35', 'SER00168', 'Activo', '9999999', 1, 29, 2, 987654321, NULL, '4v5pfaz6qhoxirsb9821gumdewnctk.pdf', 0, '0000-00-00 00:00:00', '2021-08-27 13:06:42', NULL, NULL, NULL),
(152, '5', 45000, 350000, 'Cta ahorros NÂ° 1213435, Pepito CC 123434', '2021-09-15 16:20:26', 'SER00169', 'Activo', '37505783', 9, 29, 2, 1152216408, NULL, NULL, 0, '0000-00-00 00:00:00', '0000-00-00 00:00:00', NULL, NULL, NULL),
(153, '5', 45000, 500000, 'Ahorros 23342352432 Felipe G, CC 1256787654.', '2021-09-20 09:38:31', 'SER00170', 'Activo', '1127922289', 9, 29, 2, 37505783, NULL, NULL, 0, '0000-00-00 00:00:00', '0000-00-00 00:00:00', NULL, NULL, NULL),
(154, '4', 45000, 10000, '00000', '2021-10-08 12:05:57', 'SER00173', 'Activo', '9999999', 1, 29, 2, 1524854, NULL, '21m7pt36n8zdcslu0jaq5xbwki4f9h.jpeg', 0, '0000-00-00 00:00:00', '0000-00-00 00:00:00', NULL, NULL, NULL),
(155, '4', 45000, 10000, '00000', '2021-10-15 09:22:22', 'SER00174', 'Activo', '9999999', 1, 29, 2, 91528067, NULL, 'yrz5elo0dkswmuj4qh3nax6ctvgpb1.pdf', 1, '0000-00-00 00:00:00', '2021-10-15 14:24:22', 91528067, NULL, NULL),
(156, '6', 45000, 5000000, '', '2021-10-15 12:46:39', 'SER00175', 'Activo', '9999999', 44, 29, 2, 574673, NULL, NULL, 0, '0000-00-00 00:00:00', '0000-00-00 00:00:00', NULL, NULL, NULL),
(157, '9', 45000, 700000, 'Certificado IGAC Pedro Paramo, CC 1092.098.234, Cra 23 # 13-98', '2021-10-15 14:46:22', 'SER00176', 'Activo', '1127922289', 9, 29, 2, 37505783, NULL, NULL, 0, '0000-00-00 00:00:00', '0000-00-00 00:00:00', NULL, NULL, NULL),
(158, '4', 45000, 250000, 'PRB', '2021-10-15 14:50:04', 'SER00177', 'Activo', '9999999', 44, 29, 2, 123456, NULL, NULL, 0, '0000-00-00 00:00:00', '0000-00-00 00:00:00', NULL, NULL, NULL),
(159, '13', 45000, 834000, 'Compra Sandwich para 60 almuerzos en la Plaza, Cra 23 #24-33, Juan Diego, CC 1234.329.232', '2021-10-15 14:54:25', 'SER00178', 'Activo', '1127922289', 9, 29, 2, 9999999, NULL, NULL, 0, '0000-00-00 00:00:00', '0000-00-00 00:00:00', NULL, NULL, NULL),
(160, '4', 45000, 500000, 'PRUEBA', '2021-10-15 15:03:52', 'SER00180', 'Activo', '9999999', 44, 29, 2, 37505783, NULL, 'cnrftw0ho3mb4zk8jxglvyqas15e7u.jpeg', 0, '0000-00-00 00:00:00', '2021-10-15 20:10:43', NULL, NULL, NULL),
(161, '8', 45000, 800000, 'hgfjhgfjgfjhgf', '2021-10-25 15:50:05', 'SER00181', 'Activo', '9999999', 44, 29, 2, 574673, NULL, NULL, 0, '0000-00-00 00:00:00', '0000-00-00 00:00:00', NULL, NULL, NULL),
(162, '6', 45000, 788990, 'CC 23941823 pepito', '2021-10-25 15:56:01', 'SER00182', 'Activo', '13279597', 9, 29, 2, 1127922289, NULL, NULL, 0, '0000-00-00 00:00:00', '0000-00-00 00:00:00', NULL, NULL, NULL),
(163, '4', 45000, 3493488, 'ahorros 23123432123', '2021-10-25 15:57:05', 'SER00183', 'Activo', '1127922289', 9, 29, 2, 123456, NULL, NULL, 0, '0000-00-00 00:00:00', '0000-00-00 00:00:00', NULL, NULL, NULL),
(164, '7', 45000, 80000, 'Escritura NÂ° 433453', '2021-10-25 16:01:01', 'SER00184', 'Activo', '1127922289', 9, 29, 2, 123456, NULL, NULL, 0, '0000-00-00 00:00:00', '0000-00-00 00:00:00', NULL, NULL, NULL),
(165, '8', 45000, 1159000, 'Pasaportes 41324123', '2021-10-25 16:02:33', 'SER00185', 'Activo', '1127922289', 9, 29, 2, 37505783, NULL, NULL, 0, '0000-00-00 00:00:00', '0000-00-00 00:00:00', NULL, NULL, NULL),
(166, '5', 45000, 120000, 'ljhlkjdlkdsa', '2021-10-26 14:05:21', 'SER00186', 'Activo', '9999999', 44, 29, 2, 574673, NULL, NULL, 0, '0000-00-00 00:00:00', '0000-00-00 00:00:00', NULL, NULL, NULL),
(167, '6', 45000, 3450000, 'Pago matricula # 123143132', '2021-10-26 14:08:42', 'SER00187', 'Activo', '13279597', 9, 29, 2, 123456, NULL, NULL, 0, '0000-00-00 00:00:00', '0000-00-00 00:00:00', NULL, NULL, NULL);

--
-- Dumping data for table `Servicio_Comision`
--

INSERT INTO `Servicio_Comision` (`Id_Servicio_Comision`, `Valor_Minimo`, `Valor_Maximo`, `Comision`) VALUES
(1, 1000.00, 2000.00, 15000.00),
(2, 2000.00, 3000.00, 25000.00),
(3, 3000.00, 4000.00, 35000.00),
(4, 4000.00, 5000.00, 45000.00);

--
-- Dumping data for table `Servicio_Externo`
--

INSERT INTO `Servicio_Externo` (`Id_Servicio_Externo`, `Nombre`, `Comision`, `Estado`) VALUES
(4, 'Corresponsal Bancolombia', 2000, 'Activo'),
(5, 'Banco Davivienda', 3000, 'Activo'),
(6, 'Tramites Universidades', 2222, 'Activo'),
(7, 'Tramites Notariales', 12, 'Activo'),
(8, 'Tramites Consulares', 123, 'Activo'),
(9, 'Tramites Catastrales', 1, 'Activo'),
(11, ' test service editado', 45000, 'Activo'),
(12, 'test service editado', 152000, 'Activo'),
(13, 'Servicio Prueba', 1500, 'Activo'),
(14, 'Servicio de Recaudos', 25000, 'Activo');

--
-- Dumping data for table `Tercero`
--

INSERT INTO `Tercero` (`Id_Tercero`, `Nombre`, `Direccion`, `Telefono`, `Celular`, `Correo`, `Tercero_Desde`, `Destacado`, `Credito`, `Cupo`, `Cupo_Disponible`, `Detalle`, `Id_Departamento`, `Id_Municipio`, `Id_Tipo_Documento`, `Barrio`, `Id_Grupo_Tercero`, `Tipo_Tercero`, `Estado`, `Porcentaje_Recauda`, `Recaudo`, `Fecha_Registro`, `updated_at`, `created_at`) VALUES
('12345', 'Pedro Martinez P', '655615', '615984', '65419815', 'mail@correo.com', '2019-03-26', '', 'Si', 1164900, -682913, '0', 25, 1026, 1, '1561651', 2, 'Proveedor', 'Activo', 10.00, 'Si', '2019-09-19 14:28:19', '2021-06-17 18:58:42', NULL),
('12346', 'Jose Aceros P', '655615', '5555', '555', '55555', '2018-09-05', '', 'Si', 2000000, 308650, '0', 25, 1026, 1, '1561651', 2, 'Proveedor', 'Activo', NULL, NULL, '2019-09-19 14:28:19', NULL, NULL),
('12347', 'John Gualteros P', '655615', '5555', '555', '55555', '2018-09-05', '', 'No', 0, 0, '0', 25, 1026, 1, '1561651', 2, 'Proveedor', 'Activo', NULL, NULL, '2019-09-19 14:28:19', NULL, NULL),
('12348', 'Kendry Ortiz P', '655615', '5555', '555', '55555', '2018-09-05', '', 'Si', 1990000, 2500000, '0', 25, 1026, 1, '1561651', 2, 'Proveedor', 'Activo', NULL, NULL, '2019-09-19 14:28:19', '2020-12-08 19:13:09', NULL),
('12349', 'Fabio P', '655615', '5555', '555', '55555', '2018-09-05', '', 'Si', 2000000, 40791600, '0', 25, 1026, 1, '1561651', 2, 'Proveedor', 'Activo', NULL, NULL, '2019-09-19 14:28:19', '2021-10-15 15:09:17', NULL),
('12350', 'Ana P', '655615', '5555', '555', 'angell12@gmail.com', '2021-06-18', '', 'Si', 2000000, 2267100, '0', 25, 1026, 1, '1561651', 2, 'Proveedor', 'Activo', NULL, NULL, '2019-09-19 14:28:19', '2021-06-17 18:01:23', NULL),
('12351', 'Maria P', '655615', '5555', '555', '55555', '2018-09-05', '', 'No', 0, 0, '0', 25, 1026, 1, '1561651', 2, 'Proveedor', 'Activo', NULL, NULL, '2019-09-19 14:28:19', NULL, NULL),
('12352', 'Jimena P', '655615', '5555', '555', '55555', '2018-09-05', '', 'No', 0, 0, '0', 25, 1026, 1, '1561651', 2, 'Proveedor', 'Activo', NULL, NULL, '2019-09-19 14:28:19', NULL, NULL),
('12353', 'Johanna P', '655615', '5555', '555', '55555', '2018-09-05', '', 'No', 0, 0, '0', 25, 1026, 1, '1561651', 2, 'Proveedor', 'Activo', 20.00, 'Si', '2019-09-19 14:28:19', NULL, NULL),
('12354', 'Rocio P', '655615', '5555', '555', '55555', '2018-09-05', '', 'No', 0, 0, '0', 25, 1026, 1, '1561651', 2, 'Proveedor', 'Activo', NULL, NULL, '2019-09-19 14:28:19', NULL, NULL),
('12355', 'Mario P', '655615', '5555', '555', '55555', '2018-09-05', '', 'Si', 2000000, 1700100, '0', 25, 1026, 1, '1561651', 2, 'Proveedor', 'Activo', NULL, NULL, '2019-09-19 14:28:19', NULL, NULL),
('12356', 'Carmen C', '655615', '5555', '555', '55555', '2018-09-05', '', 'Si', 1640000, 26466699, '0', 25, 1026, 1, '1561651', 1, 'Cliente', 'Activo', NULL, NULL, '2019-09-19 14:28:19', '2021-10-26 20:21:52', NULL),
('12357', 'Patricia C', '655615', '5555', '555', '55555', '2018-09-05', '', 'No', 3, 45526721, '0', 25, 1026, 1, '1561651', 1, 'Cliente', 'Activo', NULL, NULL, '2019-09-19 14:28:19', '2021-10-26 20:28:01', NULL),
('12358', 'Popeye C', '655615', '5555', '555', '55555', '2018-09-05', '', 'No', 1000, 13236500, '0', 25, 1026, 1, '1561651', 1, 'Cliente', 'Activo', NULL, NULL, '2019-09-19 14:28:19', '2021-10-15 16:24:41', NULL),
('12359', 'Oliva C', '655615', '5555', '555', '55555', '2018-09-05', '', 'No', 7, 71592, '0', 25, 1026, 1, '1561651', 1, 'Cliente', 'Activo', NULL, NULL, '2019-09-19 14:28:19', '2021-03-30 14:08:13', NULL),
('12360', 'Fausto C', '655615', '5555', '555', '55555', '2018-09-05', '', 'No', 55, 32972600, '0', 25, 1026, 1, '1561651', 1, 'Cliente', 'Activo', NULL, NULL, '2019-09-19 14:28:19', '2021-10-26 20:23:41', NULL),
('12361', 'David C', '655615', '5555', '555', '55555', '2018-09-05', '', 'No', 10000000, -25000000, '0', 25, 1026, 1, '1561651', 1, 'Cliente', 'Activo', NULL, NULL, '2019-09-19 14:28:19', '2021-10-26 20:25:16', NULL),
('12362', 'Richard C', '655615', '5555', '555', '55555', '2018-09-05', '', 'No', 0, -361000, '0', 25, 1026, 1, '1561651', 1, 'Cliente', 'Activo', NULL, NULL, '2019-09-19 14:28:19', '2021-10-26 20:28:25', NULL),
('12363', 'Daisy C', '655615', '5555', '555', '55555', '2018-09-05', '', 'No', 0, -150000, '0', 25, 1026, 1, '1561651', 1, 'Cliente', 'Activo', NULL, NULL, '2019-09-19 14:28:19', '2021-02-22 13:17:03', NULL),
('12364', 'Natalia C', '655615', '5555', '555', '55555', '2018-09-05', '', 'No', 0, 257697, '0', 25, 1026, 1, '1561651', 1, 'Cliente', 'Activo', NULL, NULL, '2019-09-19 14:28:19', '2021-03-12 12:49:51', NULL),
('12365', 'Katherine C', '655615', '5555', '555', '55555', '2018-09-05', '', 'No', 0, 0, '0', 25, 1026, 1, '1561651', 1, 'Cliente', 'Activo', NULL, NULL, '2019-09-19 14:28:19', NULL, NULL),
('12366', 'Karen C', '655615', '5555', '555', '55555', '2018-09-05', '', 'No', 0, 0, '0', 25, 1026, 1, '1561651', 1, 'Cliente', 'Activo', NULL, NULL, '2019-09-19 14:28:19', NULL, NULL),
('147852963', 'tercero nuevo', 'tercero dir', '5216561', '54984651', 'tercero@mail.com', '2019-02-15', 'No', 'Si', 2000000, 2000000, '', 4, 150, 1, 'barrio tercero', 5, 'Cliente', 'Activo', NULL, NULL, '2019-09-19 14:28:19', NULL, NULL),
('1265983', 'Mauricio Estacion Cubara', '', '', '', 'mail@mail.com', '2021-05-19', 'No', 'Si', 45000000, 0, '', 5, 215, 1, '', 13, 'Cliente', 'Activo', NULL, NULL, '2019-09-19 14:28:19', NULL, NULL),
('91528067', 'CONSIGNACIONES RECARGAS', 'SIN', '6554411', '6554411', 'correo789@prueba.com', '2021-05-20', 'No', 'No', 0, 0, '', 25, 1027, 1, 'SIN', 15, 'Cliente', 'Activo', NULL, NULL, '2020-12-09 09:23:09', NULL, NULL),
('0', NULL, NULL, NULL, NULL, NULL, NULL, NULL, NULL, NULL, 0, NULL, NULL, NULL, NULL, NULL, 0, 'Cliente', 'Activo', NULL, NULL, '2020-12-18 10:22:54', NULL, NULL),
('1083039692', 'Carlos Cardona', 'kra calle', '35886547', '3154228838', 'tamayo@tamayo.com', '2021-01-07', 'No', 'Si', 100, 939500, '', 21, 827, 1, 'san francisco', 2, 'Corresponsal', 'Activo', NULL, NULL, '2021-01-07 15:56:35', NULL, NULL),
('888888888', 'carlos julio', 'sdsds', '232323', '23232', 'sdasd@sds.com', '2021-01-29', 'No', 'No', 0, 0, '', 29, 1068, 1, 'asdasd', 7, 'Cliente', 'Activo', 12.00, NULL, '2021-01-29 14:58:07', NULL, NULL),
('91528000', 'Eduardo Silva', 'Calle con Carrera', '6445566', '3103025888', 'edosilva.1517@gmail.com', '2021-02-09', 'No', 'Si', 1500000, 102875, '', 21, 827, 1, 'Cabecera', 7, 'Cliente', 'Activo', NULL, NULL, '2021-02-09 12:47:47', '2021-02-09 17:51:28', NULL),
('100100100', 'Recaudo Coomision', 'Calle con Carrera', '6445588', '3102233666', 'correo@gmail.com', '2021-03-01', 'No', 'No', 0, 3306840, '', 29, 1067, 1, 'Barrio', 7, 'Cliente', 'Activo', NULL, NULL, '2021-03-01 07:31:02', '2021-03-30 13:59:30', NULL),
('888888881', 'Recaudador', 'calle con cr', '65544', '4545', '', '2020-12-09', 'No', 'Si', 0, 0, '', 1, 1, 1, '', 1, 'Proveedor', 'Activo', NULL, NULL, '2020-12-31 09:23:09', NULL, NULL),
('1096216530', 'Danilo', 'EDIFICIO HYM, PRIMER PISO', '0', '3172603279', 'mdgrisalez@misena.edu.co', '2021-05-20', 'No', 'No', 0, NULL, '', 25, 1026, 1, 'mi barrio', 12, 'Cliente', 'Activo', 10.00, NULL, '2021-05-20 08:48:43', NULL, NULL),
('1096216531', 'Danilo Gris', 'EDIFICIO HYM, PRIMER PISO', '0', '', 'mdgrisalez@misena.edu', '2021-05-20', 'No', 'No', 0, NULL, '', 25, 1028, 1, 'mi barrio', 3, 'Cliente', 'Activo', 10.00, NULL, '2021-05-20 08:50:30', NULL, NULL),
('20200324', 'EZEQUIEL SUAREZ VIVECOM', 'CRA 14 CON 18', '', '', 'vivecom@correo.com', '2021-05-20', 'No', 'Si', 100000, NULL, '', 25, 1031, 3, 'Cochice', 13, 'Cliente', 'Activo', NULL, NULL, '2021-05-20 09:37:13', NULL, NULL),
('20210520', 'RECAUDO CNB SARAVENA', 'Harolda A ', '8820004', '3107957932', 'pysharolda@gmail.com', '2021-05-20', 'No', 'No', 0, NULL, '', 25, 1031, 1, 'Centro', 13, 'Cliente', 'Activo', NULL, NULL, '2021-05-20 09:50:49', NULL, NULL),
('20210519', 'SALDOS INICIALES', 'HYM', '', '', 'saldosiniciales@harolda.com', '2021-05-20', 'No', 'Si', 999999999, NULL, '', 25, 1026, 1, 'ARAUCA', 8, 'Cliente', 'Activo', NULL, NULL, '2021-05-20 09:53:40', NULL, NULL),
('1096216532', 'Danilo g', 'CALLE 26 CON CRA 16, ESQUINA', '10987452', '3101234567', 'angell12@gmail.com', '2021-05-20', 'No', 'No', 0, NULL, '', 29, 1068, 2, 'mi barrio ', 7, 'Cliente', 'Activo', NULL, NULL, '2021-05-20 13:03:50', NULL, NULL),
('22105201449', 'DEPOSITO CVS CONSIGNACION', 'SIN', '', '', 'depositoscvs@conexiones.com', '2021-05-20', 'No', 'No', 0, NULL, '', 25, 1031, 1, 'SIN', 13, 'Cliente', 'Activo', NULL, NULL, '2021-05-20 14:58:37', NULL, NULL),
('202105201', 'CONEXIONES CELULARES SAS PRINCIPAL', 'Cra 4 2-8', '', '', 'conexiones@conexiones.com', '2021-05-26', 'No', 'No', 0, NULL, '', 25, 1027, 1, 'Centro', 15, 'Cliente', 'Activo', NULL, NULL, '2021-05-20 15:02:44', NULL, NULL),
('900884052', 'DARWIN CNB 29840 ** INTEGRAL DE SERVICIOS SKY', 'CRA 16A 25-79', '', '3103387220', 'cnbsky@harolda.com', '2021-05-21', 'No', 'Si', 500000, NULL, '', 25, 1031, 3, 'SEIS DE OCTUBRE', 16, 'Cliente', 'Activo', NULL, NULL, '2021-05-20 15:19:33', NULL, NULL),
('20210526', 'TRANSPORTE ESQUIPOS CLARO', 'Arauquita ', '', '', 'transporte@claro.com', '2021-05-26', 'No', 'Si', 10000, NULL, '', 25, 1027, 1, 'centro', 15, 'Cliente', 'Activo', NULL, NULL, '2021-05-26 14:53:01', NULL, NULL),
('456413', 'Danilo G', 'EDIFICIO HYM, PRIMER PISO', '8820092', '3101234567', 'chas1@hym.com.co', '2021-06-17', 'No', 'No', 0, -1500000, '', 29, 1068, 1, '1561651', 7, 'Cliente', 'Activo', 1.00, NULL, '2021-06-17 15:39:41', '2021-09-24 13:37:17', NULL),
('37259074', 'Martha Bastos', 'Cll 2 5-62 A.P.', '3012300901', '0', 'marthabastos@hotmail.com', '2021-07-28', 'No', 'No', 0, NULL, '', 18, 762, 1, 'San Luis', 4, 'Cliente', 'Activo', NULL, NULL, '2021-07-28 12:42:29', NULL, NULL),
('101010', 'Comisiones', '655615', '615984', '3172603279', 'mdgrisalez@misena.edu.co', '2019-03-26', '', 'Si', 1164900, -682913, '0', 25, 1026, 1, '1561651', 2, 'Proveedor', 'Activo', 10.00, 'Si', '2019-09-19 14:28:19', '2021-06-17 18:58:42', NULL),
('111111', 'Servicios Externos', '655615', '615984', '3172603279', 'mdgrisalez@misena.edu.co', '2019-03-26', '', 'No', 0, 0, '0', 25, 1026, 1, '1561651', 2, 'Cliente', 'Activo', 10.00, 'No', '2019-09-19 14:28:19', '2021-06-17 18:58:42', NULL),
('63528874', 'JOSUE CNB 11438 ** FOTO CRISTAL', 'Cra 14', '123', '123', 'fotocristal@gmail.com', '2021-09-15', 'No', 'Si', 20000000, NULL, '', 25, 1031, 1, 'Centro', 16, 'Corresponsal', 'Activo', NULL, NULL, '2021-09-15 14:26:33', NULL, NULL);

--
-- Dumping data for table `Tipo_Ajuste_Cuenta`
--

INSERT INTO `Tipo_Ajuste_Cuenta` (`Id_Tipo_Ajuste_Cuenta`, `Descripcion_Ajuste`, `Fecha_Registro`) VALUES
(1, 'Abonos Propios', '2019-09-23 16:55:25'),
(2, 'Abonos', '2019-09-23 16:55:25'),
(3, 'Comision Transferencia', '2019-09-23 16:55:25'),
(4, 'Pagos Varios', '2019-09-23 16:55:25');

--
-- Dumping data for table `Tipo_Cuenta`
--

INSERT INTO `Tipo_Cuenta` (`Id_Tipo_Cuenta`, `Nombre`, `Estado`) VALUES
(1, 'Corriente', 'Activo'),
(2, 'Ahorros', 'Activo'),
(3, 'Comunitaria', 'Activo'),
(10, 'No se sabe', 'Inactivo'),
(11, 'Cuenta de Prueba', 'Activo'),
(12, 'cuenta de prueba_2', 'Inactivo');

--
-- Dumping data for table `Tipo_Documento`
--

INSERT INTO `Tipo_Documento` (`Id_Tipo_Documento`, `Codigo`, `Nombre`, `Estado`, `Orden`, `Id_Pais`) VALUES
(1, 'CC', 'Cedula de Ciudadania', 'Activo', 2, 1),
(2, 'TI', 'Tarjeta de Identidad', 'Activo', 1, 1),
(3, 'NIT', 'Numero de Identificacion Tributario', 'Activo', 3, 1),
(4, 'RC', 'Registro Civil', 'Activo', 4, 1),
(5, 'CE', 'Cedula de Extranjeria', 'Activo', 5, 1),
(25, 'V', 'Venezolano', 'Activo', 1, 2),
(26, 'E', 'Cedula Extranjera', 'Activo', 2, 2),
(27, 'J', 'Juridico', 'Activo', 3, 2),
(28, 'P', 'Pasaporte', 'Activo', 4, 2),
(29, 'DP', 'doc prueba', 'Activo', 6, 2),
(30, 'CDL', 'Cedula Americana', 'Activo', 6, 4),
(31, 'ASD', 'FR', 'Activo', 23, 1),
(32, '1212', 'Prueba', 'Inactivo', 4, 4);

--
-- Dumping data for table `Tipo_Documento_Extranjero`
--

INSERT INTO `Tipo_Documento_Extranjero` (`Id_Tipo_Documento_Extranjero`, `Codigo`, `Nombre`, `Estado`, `Orden`, `Id_Pais`) VALUES
(1, 'V', 'Venezolano', 'Activo', 1, 2),
(3, 'E', NULL, 'Activo', 2, 2),
(4, 'J', NULL, 'Activo', 3, 2),
(5, 'P', NULL, 'Activo', 4, 2);

--
-- Dumping data for table `Tipo_Movimiento_Bancario`
--

INSERT INTO `Tipo_Movimiento_Bancario` (`Id_Tipo_Movimiento_Bancario`, `Nombre`) VALUES
(1, 'Transferencia'),
(2, 'Compra'),
(3, 'Ajuste'),
(4, 'Traslado'),
(5, 'Movimiento Cerrado'),
(6, 'Transferencia Consultor'),
(7, 'Devolucion Consultor'),
(8, 'Creacion Cuenta'),
(9, 'Ajuste'),
(10, 'Transferencia Anulada');

--
-- Dumping data for table `Tipo_Movimiento_Corresponsal`
--

INSERT INTO `Tipo_Movimiento_Corresponsal` (`Id_Tipo_Movimiento_Corresponsal`, `Nombre`) VALUES
(1, 'Consignacion'),
(2, 'Retiro');

--
-- Dumping data for table `Tipo_Movimiento_Tercero`
--

INSERT INTO `Tipo_Movimiento_Tercero` (`Id_Tipo_Movimiento_Tercero`, `Nombre`) VALUES
(1, 'Transferencia'),
(2, 'Compra'),
(3, 'Ajuste'),
(4, 'Traslado'),
(5, 'Anulacion'),
(6, 'Egreso'),
(7, 'Recibo Transferencia'),
(8, 'Recaudo'),
(10, 'Corresponsal'),
(11, 'Ingreso por comision'),
(12, 'Ingreso por servicio Externo');

--
-- Dumping data for table `Transferencia`
--

INSERT INTO `Transferencia` (`Id_Transferencia`, `Codigo`, `Fecha`, `Forma_Pago`, `Tipo_Transferencia`, `Moneda_Origen`, `Moneda_Destino`, `Documento_Origen`, `Observacion_Transferencia`, `Estado`, `Id_Cuenta_Bancaria`, `Identificacion_Funcionario`, `Cantidad_Recibida`, `Cantidad_Transferida`, `Cantidad_Recibida_Bolsa_Bolivares`, `Motivo_Anulacion`, `Id_Caja`, `Id_Oficina`, `Tasa_Cambio`, `Tipo_Origen`, `Tipo_Destino`, `Alertada`, `Agente_Externo`) VALUES
(157, 'TRA200612', '2021-06-18 16:03:15', 'Efectivo', 'Transferencia', '2', '1', '1093756469', '', 'Activa', '', '1127922289', '10000', '17543.859649123', 0, NULL, 1, 29, 0.57, 'Remitente', 'Destinatario', NULL, 'No'),
(158, 'TRA200613', '2021-06-18 18:57:29', 'Credito', 'Transferencia', '2', '1', '12356', '00000', 'Activa', '', '1127922289', '10000', '17543.859649123', 0, NULL, 1, 29, 0.57, 'Tercero', 'Destinatario', NULL, 'No'),
(159, 'TRA200614', '2021-06-18 19:20:27', 'Consignacion', 'Transferencia', '2', '1', '1234567', '00000', 'Activa', '3', '1127922289', '10000', '17543.859649123', 0, NULL, 1, 29, 0.57, 'Remitente', 'Destinatario', NULL, 'No'),
(160, 'TRA200615', '2021-06-18 20:05:17', 'Consignacion', 'Transferencia', '2', '1', '1127943747', '', 'Activa', '3', '1127922289', '1000', '1754.3859649123', 0, NULL, 1, 29, 0.57, 'Remitente', 'Destinatario', NULL, 'No'),
(161, 'TRA200616', '2021-06-18 20:10:11', 'Efectivo', 'Transferencia', '2', '2', '1127943747', '', 'Activa', '', '1127922289', '1000', '1000', 0, NULL, 1, 29, 1, 'Remitente', 'Destinatario', NULL, 'No'),
(162, 'TRA200617', '2021-06-22 02:06:59', 'Efectivo', 'Cliente', '2', '2', '1090111003', 'Los dejo con Luis', 'Activa', NULL, '1127922289', '475000', '475000', 0, NULL, 9, 29, 1, 'Remitente', 'Tercero', NULL, 'No'),
(163, 'TRA200618', '2021-06-22 20:42:59', 'Efectivo', 'Transferencia', '2', '1', '1090111005', '', 'Activa', '', '1127922289', '570000', '1000000', 0, NULL, 9, 29, 0.57, 'Remitente', 'Destinatario', NULL, 'No'),
(164, 'TRA200619', '2021-06-23 17:40:43', 'Efectivo', 'Cliente', '2', '2', '1090111006', 'El mono', 'Activa', NULL, '1127922289', '750000', '750000', 0, NULL, 9, 29, 1, 'Remitente', 'Tercero', NULL, 'No'),
(165, 'TRA200620', '2021-06-23 17:43:03', 'Efectivo', 'Transferencia', '2', '1', '1090111004', '', 'Activa', '', '1127922289', '300000', '600000', 0, NULL, 9, 29, 0.5, 'Remitente', 'Destinatario', NULL, 'No'),
(166, 'TRA200621', '2021-07-23 20:10:55', 'Efectivo', 'Transferencia', '2', '1', '1312345689', '', 'Activa', '', '1127922289', '5700000', '10000000', 0, NULL, 9, 29, 0.57, 'Remitente', 'Destinatario', NULL, 'No'),
(167, 'TRA200622', '2021-07-28 17:15:36', 'Efectivo', 'Cliente', '2', '2', '1090111001', 'Dejo', 'Activa', NULL, '1127922289', '4750000', '4750000', 0, NULL, 9, 29, 1, 'Remitente', 'Tercero', NULL, 'No'),
(168, 'TRA200623', '2021-07-28 17:57:53', 'Efectivo', 'Transferencia', '2', '1', '12345678', '', 'Anulada', '', '37505783', '49999.83', '87719', 0, '\"\"', 9, 29, 0.57, 'Remitente', 'Destinatario', 'Si', 'No'),
(169, 'TRA200624', '2021-07-28 18:00:44', 'Efectivo', 'Transferencia', '2', '1', '123456543', '', 'Activa', '', '37505783', '2850000', '5000000', 0, NULL, 9, 29, 0.57, 'Remitente', 'Destinatario', NULL, 'No'),
(170, 'TRA200625', '2021-08-12 21:08:35', 'Efectivo', 'Transferencia', '2', '1', '1093756469', 'Hola', 'Activa', '', '1127922289', '5700000', '10000000', 0, NULL, 9, 29, 0.57, 'Remitente', 'Destinatario', NULL, 'No'),
(171, 'TRA200626', '2021-09-01 15:35:58', 'Efectivo', 'Transferencia', '2', '1', '1312345689', '', 'Activa', '', '37505783', '500000', '877192.98245614', 0, NULL, 9, 29, 0.57, 'Remitente', 'Destinatario', NULL, 'No'),
(172, 'TRA200627', '2021-09-15 19:54:42', 'Efectivo', 'Transferencia', '2', '1', '109388', '', 'Pagada', '', '37505783', '570000', '1000000', 0, NULL, 9, 29, 0.57, 'Remitente', 'Destinatario', 'No', 'No'),
(173, 'TRA200628', '2021-09-15 19:59:53', 'Efectivo', 'Transferencia', '2', '1', '11191214', '', 'Activa', '', '37505783', '100000.0001', '105263158', 0, NULL, 9, 29, 0.00095, 'Remitente', 'Destinatario', 'No', 'No'),
(174, 'TRA200629', '2021-09-15 20:03:30', 'Efectivo', 'Cliente', '2', '2', '1093756898', '', 'Activa', NULL, '37505783', '540000', '540000', 0, NULL, 9, 29, 1, 'Remitente', 'Tercero', NULL, 'No'),
(175, 'TRA200630', '2021-09-15 20:42:44', 'Efectivo', 'Cliente', '2', '2', '1090111006', 'Los trajo ayer al cierre.', 'Activa', NULL, '37505783', '875000', '875000', 0, NULL, 9, 29, 1, 'Remitente', 'Tercero', NULL, 'No'),
(176, 'TRA200631', '2021-09-17 13:50:36', 'Efectivo', 'Cliente', '2', '2', '1090111006', 'Es para compra de rosados.', 'Activa', NULL, '37505783', '1500000', '1500000', 0, NULL, 9, 29, 1, 'Remitente', 'Tercero', NULL, 'No'),
(177, 'TRA200632', '2021-09-17 14:23:15', 'Consignacion', 'Transferencia', '2', '1', '1090111007', 'Algo asi', 'Pagada', '6', '37505783', '100000.23', '175439', 0, NULL, 9, 29, 0.57, 'Remitente', 'Destinatario', 'No', 'No'),
(178, 'TRA200633', '2021-09-17 17:12:37', 'Efectivo', 'Transferencia', '2', '2', '1090111007', '', 'Activa', '', '37505783', '1444000', '1444000', 0, NULL, 9, 29, 1, 'Remitente', 'Destinatario', NULL, 'No'),
(179, 'TRA200634', '2021-09-20 14:48:53', 'Efectivo', 'Transferencia', '2', '1', '123458554', '', 'Activa', '', '1127922289', '100000.23', '175438.59649123', 0, NULL, 9, 29, 0.57, 'Remitente', 'Destinatario', NULL, 'No'),
(180, 'TRA200635', '2021-09-20 14:50:23', 'Efectivo', 'Transferencia', '2', '1', '1090111006', '', 'Activa', '', '1127922289', '199999.89', '350877.19298246', 0, NULL, 9, 29, 0.57, 'Remitente', 'Destinatario', NULL, 'No'),
(181, 'TRA200636', '2021-09-20 14:52:18', 'Efectivo', 'Transferencia', '2', '1', '1090111004', '', 'Activa', '', '1127922289', '450000.18', '789473.68421053', 0, NULL, 9, 29, 0.57, 'Remitente', 'Destinatario', NULL, 'No'),
(182, 'TRA200637', '2021-09-20 14:57:35', 'Efectivo', 'Transferencia', '2', '1', '1090111003', '', 'Pagada', '', '1127922289', '100000.23', '175438.59649123', 0, NULL, 9, 29, 0.57, 'Remitente', 'Destinatario', 'No', 'No'),
(183, 'TRA200638', '2021-09-23 19:15:48', 'Efectivo', 'Transferencia', '2', '1', '13123456', 'Prb1', 'Anulada', '', '9999999', '900000', '1578947.3684211', 0, '\"\"', 44, 29, 0.57, 'Remitente', 'Destinatario', NULL, 'No'),
(184, 'TRA200639', '2021-09-23 19:18:42', 'Efectivo', 'Transferencia', '2', '1', '60123451', 'PR2mnbv', 'Activa', '', '9999999', '125000', '219298.24561404', 0, NULL, 44, 29, 0.57, 'Remitente', 'Destinatario', NULL, 'No'),
(185, 'TRA200640', '2021-09-23 19:27:52', 'Efectivo', 'Transferencia', '2', '1', '1312345689', 'PR3', 'Activa', '', '9999999', '580000', '1017543.8596491', 0, NULL, 44, 29, 0.57, 'Remitente', 'Destinatario', NULL, 'No'),
(186, 'TRA200641', '2021-10-08 21:22:43', 'Efectivo', 'Cliente', '2', '2', '3152260810', 'Chao', 'Activa', NULL, '37505783', '10000000', '10000000', 0, NULL, 9, 29, 1, 'Remitente', 'Tercero', NULL, 'No'),
(187, 'TRA200642', '2021-10-12 18:33:04', 'Efectivo', 'Transferencia', '2', '1', '13123456', '', 'Activa', '', '9999999', '500', '877.19298245614', 0, NULL, 1, 29, 0.57, 'Remitente', 'Destinatario', NULL, 'No'),
(188, 'TRA200643', '2021-10-12 18:38:32', 'Efectivo', 'Transferencia', '2', '1', '3152260810', '1212121', 'Activa', '', '9999999', '500', '877.19298245614', 0, NULL, 1, 29, 0.57, 'Remitente', 'Destinatario', NULL, 'No'),
(189, 'TRA200647', '2021-10-12 18:56:09', 'Efectivo', 'Transferencia', '2', '1', '3152260810', '1212121', 'Activa', '', '9999999', '500', '877.19298245614', 0, NULL, 1, 29, 0.57, 'Remitente', 'Destinatario', NULL, 'No'),
(190, 'TRA200648', '2021-10-12 18:57:58', 'Efectivo', 'Transferencia', '2', '1', '13123456', '0', 'Activa', '', '9999999', '500', '877.19298245614', 0, NULL, 1, 29, 0.57, 'Remitente', 'Destinatario', NULL, 'No'),
(191, 'TRA200649', '2021-10-12 18:58:05', 'Efectivo', 'Transferencia', '2', '1', '13123456', '0', 'Activa', '', '9999999', '500', '877.19298245614', 0, NULL, 1, 29, 0.57, 'Remitente', 'Destinatario', NULL, 'No'),
(192, 'TRA200650', '2021-10-12 18:59:32', 'Efectivo', 'Transferencia', '2', '1', '13123456', '0', 'Activa', '', '9999999', '500', '877.19298245614', 0, NULL, 1, 29, 0.57, 'Remitente', 'Destinatario', NULL, 'No'),
(193, 'TRA200651', '2021-10-12 19:01:09', 'Efectivo', 'Transferencia', '2', '1', '13123456', '0', 'Activa', '', '9999999', '500', '877.19298245614', 0, NULL, 1, 29, 0.57, 'Remitente', 'Destinatario', NULL, 'No'),
(194, 'TRA200652', '2021-10-12 19:03:22', 'Efectivo', 'Transferencia', '2', '1', '13123456', '0', 'Activa', '', '9999999', '500', '877.19298245614', 0, NULL, 1, 29, 0.57, 'Remitente', 'Destinatario', NULL, 'No'),
(195, 'TRA200653', '2021-10-12 19:04:41', 'Efectivo', 'Transferencia', '2', '1', '13123456', '0', 'Activa', '', '9999999', '500', '877.19298245614', 0, NULL, 1, 29, 0.57, 'Remitente', 'Destinatario', NULL, 'No'),
(196, 'TRA200654', '2021-10-12 19:06:22', 'Efectivo', 'Transferencia', '2', '1', '13123456', '0', 'Activa', '', '9999999', '500', '877.19298245614', 0, NULL, 1, 29, 0.57, 'Remitente', 'Destinatario', NULL, 'No'),
(197, 'TRA200655', '2021-10-12 19:07:45', 'Efectivo', 'Transferencia', '2', '1', '13123456', '0', 'Activa', '', '9999999', '500', '877.19298245614', 0, NULL, 1, 29, 0.57, 'Remitente', 'Destinatario', NULL, 'No'),
(198, 'TRA200656', '2021-10-12 19:09:05', 'Efectivo', 'Transferencia', '2', '1', '13123456', '0', 'Activa', '', '9999999', '500', '877.19298245614', 0, NULL, 1, 29, 0.57, 'Remitente', 'Destinatario', NULL, 'No'),
(199, 'TRA200657', '2021-10-12 19:09:32', 'Efectivo', 'Transferencia', '2', '1', '13123456', '0', 'Activa', '', '9999999', '500', '877.19298245614', 0, NULL, 1, 29, 0.57, 'Remitente', 'Destinatario', NULL, 'No'),
(200, 'TRA200658', '2021-10-12 19:11:54', 'Efectivo', 'Transferencia', '2', '1', '13123456', '0', 'Activa', '', '9999999', '500', '877.19298245614', 0, NULL, 1, 29, 0.57, 'Remitente', 'Destinatario', NULL, 'No'),
(201, 'TRA200659', '2021-10-12 19:12:04', 'Efectivo', 'Transferencia', '2', '1', '13123456', '0', 'Activa', '', '9999999', '500', '877.19298245614', 0, NULL, 1, 29, 0.57, 'Remitente', 'Destinatario', NULL, 'No'),
(202, 'TRA200660', '2021-10-12 19:13:02', 'Efectivo', 'Transferencia', '2', '1', '13123456', '0', 'Activa', '', '9999999', '500', '877.19298245614', 0, NULL, 1, 29, 0.57, 'Remitente', 'Destinatario', NULL, 'No'),
(203, 'TRA200661', '2021-10-12 19:14:35', 'Efectivo', 'Transferencia', '2', '1', '13123456', '0', 'Activa', '', '9999999', '500', '877.19298245614', 0, NULL, 1, 29, 0.57, 'Remitente', 'Destinatario', NULL, 'No'),
(204, 'TRA200662', '2021-10-12 19:15:08', 'Efectivo', 'Transferencia', '2', '1', '13123456', '0', 'Activa', '', '9999999', '500', '877.19298245614', 0, NULL, 1, 29, 0.57, 'Remitente', 'Destinatario', NULL, 'No'),
(205, 'TRA200663', '2021-10-12 19:16:35', 'Efectivo', 'Transferencia', '2', '1', '13123456', '0', 'Activa', '', '9999999', '500', '877.19298245614', 0, NULL, 1, 29, 0.57, 'Remitente', 'Destinatario', NULL, 'No'),
(206, 'TRA200664', '2021-10-12 19:17:21', 'Efectivo', 'Transferencia', '2', '1', '13123456', '0', 'Activa', '', '9999999', '500', '877.19298245614', 0, NULL, 1, 29, 0.57, 'Remitente', 'Destinatario', NULL, 'No'),
(207, 'TRA200665', '2021-10-12 19:19:00', 'Efectivo', 'Transferencia', '2', '1', '13123456', '0', 'Activa', '', '9999999', '500', '877.19298245614', 0, NULL, 1, 29, 0.57, 'Remitente', 'Destinatario', NULL, 'No'),
(208, 'TRA200666', '2021-10-12 19:21:24', 'Efectivo', 'Transferencia', '2', '1', '13123456', '0', 'Activa', '', '9999999', '500', '877.19298245614', 0, NULL, 1, 29, 0.57, 'Remitente', 'Destinatario', NULL, 'No'),
(209, 'TRA200667', '2021-10-12 19:22:25', 'Efectivo', 'Transferencia', '2', '1', '13123456', '0', 'Activa', '', '9999999', '500', '877.19298245614', 0, NULL, 1, 29, 0.57, 'Remitente', 'Destinatario', NULL, 'No'),
(210, 'TRA200668', '2021-10-12 19:23:49', 'Efectivo', 'Transferencia', '2', '1', '13123456', '0', 'Activa', '', '9999999', '500', '877.19298245614', 0, NULL, 1, 29, 0.57, 'Remitente', 'Destinatario', NULL, 'No'),
(211, 'TRA200669', '2021-10-12 19:24:05', 'Efectivo', 'Transferencia', '2', '1', '13123456', '0', 'Activa', '', '9999999', '500', '877.19298245614', 0, NULL, 1, 29, 0.57, 'Remitente', 'Destinatario', NULL, 'No'),
(212, 'TRA200670', '2021-10-12 19:24:31', 'Efectivo', 'Transferencia', '2', '1', '13123456', '0', 'Activa', '', '9999999', '500', '877.19298245614', 0, NULL, 1, 29, 0.57, 'Remitente', 'Destinatario', NULL, 'No'),
(213, 'TRA200671', '2021-10-12 19:25:03', 'Efectivo', 'Transferencia', '2', '1', '13123456', '0', 'Activa', '', '9999999', '500', '877.19298245614', 0, NULL, 1, 29, 0.57, 'Remitente', 'Destinatario', NULL, 'No'),
(214, 'TRA200672', '2021-10-12 19:25:29', 'Efectivo', 'Transferencia', '2', '1', '13123456', '0', 'Activa', '', '9999999', '500', '877.19298245614', 0, NULL, 1, 29, 0.57, 'Remitente', 'Destinatario', NULL, 'No'),
(215, 'TRA200673', '2021-10-12 19:25:44', 'Efectivo', 'Transferencia', '2', '1', '13123456', '0', 'Activa', '', '9999999', '500', '877.19298245614', 0, NULL, 1, 29, 0.57, 'Remitente', 'Destinatario', NULL, 'No'),
(216, 'TRA200674', '2021-10-12 19:26:03', 'Efectivo', 'Transferencia', '2', '1', '13123456', '0', 'Activa', '', '9999999', '500', '877.19298245614', 0, NULL, 1, 29, 0.57, 'Remitente', 'Destinatario', NULL, 'No'),
(217, 'TRA200675', '2021-10-12 19:26:20', 'Efectivo', 'Transferencia', '2', '1', '13123456', '0', 'Activa', '', '9999999', '500', '877.19298245614', 0, NULL, 1, 29, 0.57, 'Remitente', 'Destinatario', NULL, 'No'),
(218, 'TRA200676', '2021-10-12 19:27:36', 'Efectivo', 'Transferencia', '2', '1', '13123456', '0', 'Activa', '', '9999999', '500', '877.19298245614', 0, NULL, 1, 29, 0.57, 'Remitente', 'Destinatario', NULL, 'No'),
(219, 'TRA200677', '2021-10-12 19:27:57', 'Efectivo', 'Transferencia', '2', '1', '13123456', '0', 'Activa', '', '9999999', '500', '877.19298245614', 0, NULL, 1, 29, 0.57, 'Remitente', 'Destinatario', NULL, 'No'),
(220, 'TRA200678', '2021-10-12 19:28:45', 'Efectivo', 'Transferencia', '2', '1', '13123456', '0', 'Activa', '', '9999999', '500', '877.19298245614', 0, NULL, 1, 29, 0.57, 'Remitente', 'Destinatario', NULL, 'No'),
(221, 'TRA200679', '2021-10-12 19:30:50', 'Efectivo', 'Transferencia', '2', '1', '13123456', '0', 'Activa', '', '9999999', '500', '877.19298245614', 0, NULL, 1, 29, 0.57, 'Remitente', 'Destinatario', NULL, 'No'),
(222, 'TRA200680', '2021-10-12 19:31:08', 'Efectivo', 'Transferencia', '2', '1', '13123456', '0', 'Activa', '', '9999999', '500', '877.19298245614', 0, NULL, 1, 29, 0.57, 'Remitente', 'Destinatario', NULL, 'No'),
(223, 'TRA200681', '2021-10-12 19:34:02', 'Efectivo', 'Transferencia', '2', '1', '13123456', '0', 'Activa', '', '9999999', '500', '877.19298245614', 0, NULL, 1, 29, 0.57, 'Remitente', 'Destinatario', NULL, 'No'),
(224, 'TRA200682', '2021-10-12 19:34:17', 'Efectivo', 'Transferencia', '2', '1', '13123456', '0', 'Activa', '', '9999999', '500', '877.19298245614', 0, NULL, 1, 29, 0.57, 'Remitente', 'Destinatario', NULL, 'No'),
(225, 'TRA200683', '2021-10-12 19:35:08', 'Efectivo', 'Transferencia', '2', '1', '13123456', '0', 'Activa', '', '9999999', '500', '877.19298245614', 0, NULL, 1, 29, 0.57, 'Remitente', 'Destinatario', NULL, 'No'),
(226, 'TRA200684', '2021-10-12 19:36:34', 'Efectivo', 'Transferencia', '2', '1', '13123456', '0', 'Activa', '', '9999999', '500', '877.19298245614', 0, NULL, 1, 29, 0.57, 'Remitente', 'Destinatario', NULL, 'No'),
(227, 'TRA200685', '2021-10-12 19:37:21', 'Efectivo', 'Transferencia', '2', '1', '13123456', '0', 'Activa', '', '9999999', '500', '877.19298245614', 0, NULL, 1, 29, 0.57, 'Remitente', 'Destinatario', NULL, 'No'),
(228, 'TRA200686', '2021-10-12 19:37:35', 'Efectivo', 'Transferencia', '2', '1', '13123456', '0', 'Activa', '', '9999999', '500', '877.19298245614', 0, NULL, 1, 29, 0.57, 'Remitente', 'Destinatario', NULL, 'No'),
(229, 'TRA200687', '2021-10-12 19:37:57', 'Efectivo', 'Transferencia', '2', '1', '13123456', '0', 'Activa', '', '9999999', '500', '877.19298245614', 0, NULL, 1, 29, 0.57, 'Remitente', 'Destinatario', NULL, 'No'),
(230, 'TRA200688', '2021-10-12 19:38:23', 'Efectivo', 'Transferencia', '2', '1', '13123456', '0', 'Activa', '', '9999999', '500', '877.19298245614', 0, NULL, 1, 29, 0.57, 'Remitente', 'Destinatario', NULL, 'No'),
(231, 'TRA200689', '2021-10-12 19:38:58', 'Efectivo', 'Transferencia', '2', '1', '13123456', '0', 'Activa', '', '9999999', '500', '877.19298245614', 0, NULL, 1, 29, 0.57, 'Remitente', 'Destinatario', NULL, 'No'),
(232, 'TRA200690', '2021-10-12 19:39:57', 'Efectivo', 'Transferencia', '2', '1', '13123456', '0', 'Activa', '', '9999999', '500', '877.19298245614', 0, NULL, 1, 29, 0.57, 'Remitente', 'Destinatario', NULL, 'No'),
(233, 'TRA200691', '2021-10-12 19:41:11', 'Efectivo', 'Transferencia', '2', '1', '13123456', '0', 'Activa', '', '9999999', '500', '877.19298245614', 0, NULL, 1, 29, 0.57, 'Remitente', 'Destinatario', NULL, 'No'),
(234, 'TRA200692', '2021-10-12 19:41:42', 'Efectivo', 'Transferencia', '2', '1', '13123456', '0', 'Activa', '', '9999999', '500', '877.19298245614', 0, NULL, 1, 29, 0.57, 'Remitente', 'Destinatario', NULL, 'No'),
(235, 'TRA200693', '2021-10-12 19:41:57', 'Efectivo', 'Transferencia', '2', '1', '13123456', '0', 'Activa', '', '9999999', '500', '877.19298245614', 0, NULL, 1, 29, 0.57, 'Remitente', 'Destinatario', NULL, 'No'),
(236, 'TRA200694', '2021-10-12 19:43:36', 'Efectivo', 'Transferencia', '2', '1', '13123456', '0', 'Activa', '', '9999999', '500', '877.19298245614', 0, NULL, 1, 29, 0.57, 'Remitente', 'Destinatario', NULL, 'No'),
(237, 'TRA200695', '2021-10-12 19:45:06', 'Efectivo', 'Transferencia', '2', '1', '13123456', '0', 'Activa', '', '9999999', '500', '877.19298245614', 0, NULL, 1, 29, 0.57, 'Remitente', 'Destinatario', NULL, 'No'),
(238, 'TRA200696', '2021-10-12 19:45:31', 'Efectivo', 'Transferencia', '2', '1', '13123456', '0', 'Activa', '', '9999999', '500', '877.19298245614', 0, NULL, 1, 29, 0.57, 'Remitente', 'Destinatario', NULL, 'No'),
(239, 'TRA200697', '2021-10-12 19:48:15', 'Efectivo', 'Transferencia', '2', '1', '13123456', '0', 'Activa', '', '9999999', '500', '877.19298245614', 0, NULL, 1, 29, 0.57, 'Remitente', 'Destinatario', NULL, 'No'),
(240, 'TRA200698', '2021-10-12 19:49:49', 'Efectivo', 'Transferencia', '2', '1', '13123456', '0', 'Activa', '', '9999999', '500', '877.19298245614', 0, NULL, 1, 29, 0.57, 'Remitente', 'Destinatario', NULL, 'No'),
(241, 'TRA200699', '2021-10-12 19:56:15', 'Efectivo', 'Transferencia', '2', '1', '13123456', '0', 'Activa', '', '9999999', '500', '877.19298245614', 0, NULL, 1, 29, 0.57, 'Remitente', 'Destinatario', NULL, 'No'),
(242, 'TRA200700', '2021-10-12 19:56:33', 'Efectivo', 'Transferencia', '2', '1', '13123456', '0', 'Activa', '', '9999999', '500', '877.19298245614', 0, NULL, 1, 29, 0.57, 'Remitente', 'Destinatario', NULL, 'No'),
(243, 'TRA200701', '2021-10-12 19:56:58', 'Efectivo', 'Transferencia', '2', '1', '13123456', '0', 'Activa', '', '9999999', '500', '877.19298245614', 0, NULL, 1, 29, 0.57, 'Remitente', 'Destinatario', NULL, 'No'),
(244, 'TRA200702', '2021-10-12 19:57:44', 'Efectivo', 'Transferencia', '2', '1', '13123456', '0', 'Activa', '', '9999999', '500', '877.19298245614', 0, NULL, 1, 29, 0.57, 'Remitente', 'Destinatario', NULL, 'No'),
(245, 'TRA200703', '2021-10-12 19:58:09', 'Efectivo', 'Transferencia', '2', '1', '13123456', '0', 'Activa', '', '9999999', '500', '877.19298245614', 0, NULL, 1, 29, 0.57, 'Remitente', 'Destinatario', NULL, 'No'),
(246, 'TRA200704', '2021-10-12 19:58:35', 'Efectivo', 'Transferencia', '2', '1', '13123456', '0', 'Activa', '', '9999999', '500', '877.19298245614', 0, NULL, 1, 29, 0.57, 'Remitente', 'Destinatario', NULL, 'No'),
(247, 'TRA200705', '2021-10-12 19:59:00', 'Efectivo', 'Transferencia', '2', '1', '13123456', '0', 'Activa', '', '9999999', '500', '877.19298245614', 0, NULL, 1, 29, 0.57, 'Remitente', 'Destinatario', NULL, 'No'),
(248, 'TRA200706', '2021-10-12 20:01:59', 'Efectivo', 'Transferencia', '2', '1', '13123456', '0', 'Activa', '', '9999999', '500', '877.19298245614', 0, NULL, 1, 29, 0.57, 'Remitente', 'Destinatario', NULL, 'No'),
(249, 'TRA200707', '2021-10-12 20:02:26', 'Efectivo', 'Transferencia', '2', '1', '13123456', '0', 'Activa', '', '9999999', '500', '877.19298245614', 0, NULL, 1, 29, 0.57, 'Remitente', 'Destinatario', NULL, 'No'),
(250, 'TRA200708', '2021-10-12 20:03:34', 'Efectivo', 'Transferencia', '2', '1', '13123456', '0', 'Activa', '', '9999999', '500', '877.19298245614', 0, NULL, 1, 29, 0.57, 'Remitente', 'Destinatario', NULL, 'No'),
(251, 'TRA200709', '2021-10-12 20:04:02', 'Efectivo', 'Transferencia', '2', '1', '13123456', '0', 'Activa', '', '9999999', '500', '877.19298245614', 0, NULL, 1, 29, 0.57, 'Remitente', 'Destinatario', NULL, 'No'),
(252, 'TRA200710', '2021-10-12 20:06:50', 'Efectivo', 'Transferencia', '2', '1', '13123456', '0', 'Activa', '', '9999999', '500', '877.19298245614', 0, NULL, 1, 29, 0.57, 'Remitente', 'Destinatario', NULL, 'No'),
(253, 'TRA200711', '2021-10-12 20:08:29', 'Efectivo', 'Transferencia', '2', '1', '13123456', '0', 'Activa', '', '9999999', '500', '877.19298245614', 0, NULL, 1, 29, 0.57, 'Remitente', 'Destinatario', NULL, 'No'),
(254, 'TRA200712', '2021-10-12 20:09:55', 'Efectivo', 'Transferencia', '2', '1', '13123456', '0', 'Activa', '', '9999999', '500', '877.19298245614', 0, NULL, 1, 29, 0.57, 'Remitente', 'Destinatario', NULL, 'No'),
(255, 'TRA200713', '2021-10-12 20:11:10', 'Efectivo', 'Transferencia', '2', '1', '13123456', '0', 'Activa', '', '9999999', '500', '877.19298245614', 0, NULL, 1, 29, 0.57, 'Remitente', 'Destinatario', NULL, 'No'),
(256, 'TRA200714', '2021-10-12 20:11:26', 'Efectivo', 'Transferencia', '2', '1', '13123456', '0', 'Activa', '', '9999999', '500', '877.19298245614', 0, NULL, 1, 29, 0.57, 'Remitente', 'Destinatario', NULL, 'No'),
(257, 'TRA200715', '2021-10-12 20:11:40', 'Efectivo', 'Transferencia', '2', '1', '13123456', '0', 'Activa', '', '9999999', '500', '877.19298245614', 0, NULL, 1, 29, 0.57, 'Remitente', 'Destinatario', NULL, 'No'),
(258, 'TRA200716', '2021-10-12 20:12:57', 'Efectivo', 'Transferencia', '2', '1', '13123456', '0', 'Activa', '', '9999999', '500', '877.19298245614', 0, NULL, 1, 29, 0.57, 'Remitente', 'Destinatario', NULL, 'No'),
(259, 'TRA200717', '2021-10-12 20:13:15', 'Efectivo', 'Transferencia', '2', '1', '13123456', '0', 'Activa', '', '9999999', '500', '877.19298245614', 0, NULL, 1, 29, 0.57, 'Remitente', 'Destinatario', NULL, 'No'),
(260, 'TRA200718', '2021-10-12 20:13:49', 'Efectivo', 'Transferencia', '2', '1', '13123456', '0', 'Activa', '', '9999999', '500', '877.19298245614', 0, NULL, 1, 29, 0.57, 'Remitente', 'Destinatario', NULL, 'No'),
(261, 'TRA200719', '2021-10-12 20:16:06', 'Efectivo', 'Transferencia', '2', '1', '13123456', '0', 'Activa', '', '9999999', '500', '877.19298245614', 0, NULL, 1, 29, 0.57, 'Remitente', 'Destinatario', NULL, 'No'),
(262, 'TRA200720', '2021-10-12 20:19:06', 'Efectivo', 'Transferencia', '2', '1', '13123457', '0', 'Activa', '', '9999999', '500', '877.19298245614', 0, NULL, 1, 29, 0.57, 'Remitente', 'Destinatario', NULL, 'No'),
(263, 'TRA200721', '2021-10-14 13:53:09', 'Efectivo', 'Transferencia', '2', '1', '13123456', '', 'Activa', '', '9999999', '50000', '87719.298245614', 0, NULL, 1, 29, 0.57, 'Remitente', 'Destinatario', NULL, 'No'),
(264, 'TRA200722', '2021-10-15 15:32:46', 'Efectivo', 'Cliente', '2', '2', '60123451', 'cHAO', 'Activa', NULL, '37505783', '50000000', '50000000', 0, NULL, 9, 29, 1, 'Remitente', 'Tercero', NULL, 'No'),
(265, 'TRA200723', '2021-10-15 15:57:48', 'Efectivo', 'Cliente', '2', '2', '1093756898', 'ALLA DONDE ESTA LA LUNA, VAYA, VAYA, VAYA', 'Activa', NULL, '37505783', '550000000', '550000000', 0, NULL, 9, 29, 1, 'Remitente', 'Tercero', NULL, 'No'),
(266, 'TRA200724', '2021-10-15 15:58:57', 'Efectivo', 'Cliente', '2', '2', '13123457', 'MONTO', 'Anulada', NULL, '9999999', '250000000', '250000000', 0, '\"por que si \"', 44, 29, 1, 'Remitente', 'Tercero', NULL, 'No'),
(267, 'TRA200725', '2021-10-15 16:22:48', 'Efectivo', 'Transferencia', '2', '1', '1090111006', 'hOlA', 'Activa', '', '1127922289', '570000', '982758.62068966', 0, NULL, 9, 29, 0.58, 'Remitente', 'Destinatario', NULL, 'No'),
(268, 'TRA200726', '2021-10-15 16:23:19', 'Efectivo', 'Cliente', '2', '2', '1090111004', 'Pidio guardar', 'Activa', NULL, '1127922289', '6850000', '6850000', 0, NULL, 9, 29, 1, 'Remitente', 'Tercero', NULL, 'No'),
(269, 'TRA200727', '2021-10-15 16:34:32', 'Efectivo', 'Transferencia', '2', '1', '1093756469', '100000', 'Activa', '', '9999999', '500', '877.19298245614', 0, NULL, 1, 29, 0.57, 'Remitente', 'Destinatario', NULL, 'No'),
(270, 'TRA200728', '2021-10-15 17:22:33', 'Efectivo', 'Transferencia', '2', '1', '13123456', '', 'Activa', '', '9999999', '100000', '175438.59649123', 0, NULL, 44, 29, 0.57, 'Remitente', 'Destinatario', NULL, 'No'),
(271, 'TRA200729', '2021-10-15 17:23:04', 'Efectivo', 'Transferencia', '2', '1', '13123457', '', 'Activa', '', '9999999', '500000', '877192.98245614', 0, NULL, 44, 29, 0.57, 'Remitente', 'Destinatario', NULL, 'No'),
(272, 'TRA200730', '2021-10-15 17:26:53', 'Efectivo', 'Transferencia', '2', '1', '1090111004', '', 'Activa', '', '1127922289', '570000', '1000000', 0, NULL, 9, 29, 0.57, 'Remitente', 'Destinatario', NULL, 'No'),
(273, 'TRA200731', '2021-10-15 17:31:22', 'Efectivo', 'Transferencia', '2', '1', '109388', '', 'Activa', '', '37505783', '5700', '10000', 0, NULL, 9, 29, 0.57, 'Remitente', 'Destinatario', NULL, 'No'),
(274, 'TRA200732', '2021-10-15 17:33:29', 'Efectivo', 'Transferencia', '2', '1', '1095444741', '', 'Activa', '', '37505783', '5700', '10000', 0, NULL, 9, 29, 0.57, 'Remitente', 'Destinatario', NULL, 'No'),
(275, 'TRA200733', '2021-10-15 17:35:14', 'Efectivo', 'Transferencia', '2', '1', '13123457', '', 'Pagada', '', '9999999', '700000', '1228070.1754386', 0, NULL, 44, 29, 0.57, 'Remitente', 'Destinatario', 'No', 'No'),
(276, 'TRA200734', '2021-10-25 19:24:16', 'Efectivo', 'Transferencia', '2', '1', '123458554', '02102002', 'Activa', '', '9999999', '100000', '175438.59649123', 0, NULL, 1, 29, 0.57, 'Remitente', 'Destinatario', NULL, 'No'),
(277, 'TRA200735', '2021-10-26 19:02:14', 'Efectivo', 'Transferencia', '2', '1', '123458554', 'jkhxjkhk', 'Activa', '', '9999999', '15000', '26315.789473684', 0, NULL, 44, 29, 0.57, 'Remitente', 'Destinatario', NULL, 'No'),
(278, 'TRA200736', '2021-10-26 19:16:35', 'Efectivo', 'Transferencia', '2', '1', '60123451', 'jhkjhkj', 'Activa', '', '9999999', '800000', '1403508.7719298', 0, NULL, 44, 29, 0.57, 'Remitente', 'Destinatario', NULL, 'No'),
(279, 'TRA200737', '2021-10-26 19:18:44', 'Efectivo', 'Transferencia', '2', '1', '13123457', 'PRB', 'Activa', '', '9999999', '400000', '701754.38596491', 0, NULL, 44, 29, 0.57, 'Remitente', 'Destinatario', NULL, 'No'),
(280, 'TRA200738', '2021-10-26 19:28:18', 'Efectivo', 'Transferencia', '2', '1', '1090111005', '', 'Activa', '', '37505783', '150000.06', '263157.89473684', 0, NULL, 9, 29, 0.57, 'Remitente', 'Destinatario', NULL, 'No'),
(281, 'TRA200739', '2021-10-26 20:29:39', 'Efectivo', 'Cliente', '2', '2', '1090111004', '', 'Activa', NULL, '37505783', '70000000', '70000000', 0, NULL, 9, 29, 1, 'Remitente', 'Tercero', NULL, 'No'),
(282, 'TRA200740', '2021-10-26 20:32:57', 'Efectivo', 'Cliente', '2', '2', '1090111002', '', 'Activa', NULL, '37505783', '350000000', '350000000', 0, NULL, 9, 29, 1, 'Remitente', 'Tercero', NULL, 'No'),
(283, 'TRA200741', '2021-10-26 20:36:02', 'Efectivo', 'Cliente', '2', '2', '13123457', 'LLLDSLDa', 'Activa', NULL, '9999999', '10000', '10000', 0, NULL, 44, 29, 1, 'Remitente', 'Tercero', NULL, 'No');

--
-- Dumping data for table `Transferencia_Destinatario`
--

INSERT INTO `Transferencia_Destinatario` (`Id_Transferencia_Destinatario`, `Numero_Documento_Destino`, `Id_Destinatario_Cuenta`, `Valor_Transferencia_Bolivar`, `Id_Transferencia`, `Id_Recibo`, `Id_Moneda`, `Valor_Transferencia`, `Estado`, `Bloqueada`, `Seleccionada`, `Estado_Consultor`, `Funcionario_Opera`) VALUES
(496, '84556085', 70, NULL, 280, 615, 1, 200157.00, 'Pendiente', NULL, NULL, 'Cerrada', NULL),
(495, '123456789', 34, NULL, 280, 615, 1, 63000.00, 'Pendiente', NULL, NULL, 'Cerrada', NULL),
(494, '123456789', 34, NULL, 279, 614, 1, 201754.00, 'Pendiente', NULL, NULL, 'Cerrada', NULL),
(493, '123123123', 210, NULL, 279, 614, 1, 500000.00, 'Pendiente', NULL, NULL, 'Cerrada', NULL),
(492, '123123123', 210, NULL, 278, 613, 1, 403508.00, 'Pendiente', NULL, NULL, 'Cerrada', NULL),
(491, '123456789', 34, NULL, 278, 613, 1, 1000000.00, 'Pendiente', NULL, NULL, 'Cerrada', NULL),
(490, '123456789', 34, NULL, 277, 612, 1, 26315.00, 'Pendiente', NULL, NULL, 'Cerrada', NULL),
(489, '12594862', 101, NULL, 276, 611, 1, 100438.00, 'Pendiente', NULL, NULL, 'Cerrada', NULL),
(488, '123123123', 210, NULL, 276, 611, 1, 75000.00, 'Pendiente', NULL, NULL, 'Cerrada', NULL),
(487, '123456789', 34, NULL, 275, 610, 1, 1228070.00, 'Pendiente', NULL, 1, 'Cerrada', NULL),
(486, '1414141414', 216, NULL, 274, 609, 1, 10000.00, 'Pendiente', NULL, 1, 'Cerrada', NULL),
(485, '24524507', 4, NULL, 273, 608, 1, 10000.00, 'Pendiente', NULL, NULL, 'Cerrada', NULL),
(484, '123456789', 34, NULL, 272, 607, 1, 1000000.00, 'Pendiente', NULL, NULL, 'Cerrada', NULL),
(483, '10134933', 31, NULL, 271, 606, 1, 877192.00, 'Pendiente', NULL, NULL, 'Cerrada', NULL),
(482, '123123123', 210, NULL, 270, 605, 1, 175438.00, 'Pendiente', NULL, NULL, 'Cerrada', NULL),
(481, '1044400', 187, NULL, 269, 604, 1, 877.00, 'Pendiente', NULL, NULL, 'Cerrada', NULL),
(480, '24524506', 2, NULL, 267, 602, 1, 982758.00, 'Pendiente', NULL, NULL, 'Cerrada', NULL),
(479, '123123123', 210, NULL, 263, 598, 1, 87719.00, 'Pendiente', NULL, 0, 'Cerrada', NULL),
(478, '123456789', 34, NULL, 262, 597, 1, 500.00, 'Pendiente', NULL, NULL, 'Cerrada', NULL),
(477, '4046503', 71, NULL, 262, 597, 1, 377.00, 'Pendiente', NULL, 0, 'Cerrada', NULL);

--
-- Dumping data for table `Transferencia_Remitente`
--

INSERT INTO `Transferencia_Remitente` (`Id_Transferencia_Remitente`, `Nombre`, `Telefono`, `Estado`) VALUES
(1127943747, 'Augusto Carrillo', '317 3824618', 'Activo'),
(1093756469, 'Lilibeth Albarracin', '318 3663244', 'Activo'),
(1098564321, 'Pedro Castillo', '318 5421232', 'Activo'),
(109388, 'Ricardo', '4544111', 'Activo'),
(1116787555, 'pepito', '5545121', 'Activo'),
(1116797333, 'Jairo', '156165165', 'Activo'),
(1093756898, 'Juanita Torres', '6558888', 'Activo'),
(1095444741, 'Nanis Ochoa', '555555', 'Activo'),
(109375646, 'Nombre test', '23113', 'Activo'),
(13123456, 'SUJETO MASCULINO', '3101234562', 'Activo'),
(13123457, 'SUJETO MASCULINO 285', '3101234770', 'Activo'),
(60123451, 'SUJETO FEMENINO 1', '3201234561', 'Activo'),
(123458554, 'segunda prueba', '15248596', 'Activo'),
(1312345689, 'test subjectt', '1248932', 'Activo'),
(123456985, 'Prueba editado 44', '125485', 'Activo'),
(11145889, 'prueba 2 transf', '1524859', 'Activo'),
(1238965, 'prueba 3', '152486', 'Activo'),
(12345678, 'El Basico Cliente', '3159094567', 'Activo'),
(414000045, 'Veronica Santo', '041467898765', 'Activo'),
(1234567, 'Kathe Mora', '12345678', 'Activo'),
(123456543, 'pepita perez', '23456', 'Activo'),
(134134134, 'Mercedes Puma', '2345', 'Activo'),
(323222111, 'Flor Quiroga', '311 3444', 'Activo'),
(234567, 'Tatiana Quintero', '34567', 'Activo'),
(1093723231, 'Veronica Velez', '55554442', 'Activo'),
(1094845234, 'Lucas Betancour', '55566432', 'Activo'),
(1093732321, 'Ananias Valderrarma', '1233744', 'Activo'),
(342222111, 'Isbelia Altamira', '0985434', 'Activo'),
(109374444, 'Felipe Arciniegas', '1132522', 'Activo'),
(109375481, 'Ana Sincelejo', '2185653', 'Activo'),
(1093114256, 'David Saldarriaga', '381452', 'Activo'),
(1093754844, 'Paul Quintanilla', '125448', 'Activo'),
(1127947474, 'Mauricio Lopez', '1358126', 'Activo'),
(1093754999, 'Jean Paolo', '1234567', 'Activo'),
(1127943455, 'Juan Felipe', '1518522', 'Activo'),
(109374581, 'Maruja Leon', '3174444', 'Activo'),
(109374874, 'Fernanda', 'Arias', 'Activo'),
(1093748444, 'Mexico', '123456', 'Activo'),
(1093748111, 'Mariela Paez', '652525', 'Activo'),
(10937989888, 'Sujeto de prueba', '123456', 'Activo'),
(1093745554, 'Vanesa Pico', '123456', 'Activo'),
(1093776999, 'Santo Franco', '12453652', 'Activo'),
(3152260810, 'Jose Perez Revelt D', '3152260810', 'Activo'),
(11191214, 'JUAN RODRIGUEZ ', '3020017221', 'Activo'),
(20989226, 'Wilfredo Morillo', '3102098922', 'Activo'),
(202004122001, 'Raul Santi', '3101234567', 'Activo'),
(124444, 'Federico Renteria', '148956', 'Activo'),
(10000000, 'Ana', '10', 'Activo'),
(12345555, 'sdsdsds', '1232332', 'Activo'),
(123456789, 'Pruebas', '12356467', 'Activo'),
(131234567, 'PRUEBA', '123232323', 'Activo'),
(91528067, 'Eduardo Remitente Recibos', '6998877', 'Activo'),
(1090111001, 'Daniel Pena', '3130000000', 'Activo'),
(1090111002, 'Jairo Suarez', '310000', 'Activo'),
(37505783, 'Mabel Quintero', '3134153853', 'Activo'),
(1090111003, 'Miguel Carvajal', '310', 'Activo'),
(1090111004, 'Giovanna Oquendo', '312333', 'Activo'),
(1090111005, 'Edwin Cordoba', '3130987654321', 'Activo'),
(1090111006, 'Jose Camacho', '322-5886623', 'Activo'),
(1090111007, 'Rafael Martinez', '3131234567', 'Activo');

--
-- Dumping data for table `Transferencia_Remitente_Externo`
--

INSERT INTO `Transferencia_Remitente_Externo` (`Id_Transferencia_Remitente`, `Nombre`, `Telefono`, `Estado`, `Id_Agente_Externo`) VALUES
(100100200, 'Pablo Pablito', '123', 'Activo', 8),
(100100300, 'Carlos Julio', '12313', 'Activo', NULL),
(100100400, 'Freddy Mercury', '12255', 'Activo', 9),
(987654321, 'Ana', '8820092', 'Activo', 10),
(123456789, 'Carmen', '8820092', 'Activo', 10);

--
-- Dumping data for table `Traslado`
--

INSERT INTO `Traslado` (`Id_Traslado`, `Fecha`, `Origen`, `Destino`, `Id_Origen`, `Id_Destino`, `Moneda`, `Valor`, `Estado`, `Detalle`, `Identificacion_Funcionario`, `Codigo`, `Id_Caja`) VALUES
(84, '2021-07-28 18:04:51', 'Cliente', 'Cliente', 12356, 37259074, '2', 723000.00, 'Anulado', 'Pago de huevos', 37505783, 'TR200104', 0),
(83, '2021-06-21 16:08:26', 'Cliente', 'Cliente', 12356, 12357, '2', 1000.00, 'Activo', '0000', 9999999, 'TR200103', 1),
(82, '2021-06-21 16:04:03', 'Cliente', 'Cliente', 12357, 12360, '2', 1000.00, 'Activo', '000', 9999999, 'TR200102', 1),
(81, '2021-06-21 15:37:53', 'Cliente', 'Cliente', 12356, 12357, '2', 10000.00, 'Activo', '00000', 9999999, 'TR200101', 1),
(80, '2021-06-21 15:35:20', 'Cliente', 'Cliente', 12356, 12357, '2', 10000.00, 'Activo', '00000', 9999999, 'TR200100', 1),
(85, '2021-09-20 16:34:58', 'Cliente', 'Proveedor', 12356, 12349, '2', 545000.00, 'Activo', 'Pago prestamos...', 37505783, 'TR200105', 9),
(86, '2021-09-20 16:39:02', 'Proveedor', 'Cliente', 12349, 12356, '2', 663000.00, 'Activo', 'Prestamo', 37505783, 'TR200106', 9),
(87, '2021-09-20 16:40:17', 'Proveedor', 'Cliente', 12349, 12356, '2', 72500.00, 'Activo', 'Intereses', 37505783, 'TR200107', 9),
(88, '2021-09-20 16:40:17', 'Proveedor', 'Cliente', 12349, 12356, '2', 72500.00, 'Activo', 'Intereses', 37505783, 'TR200107', 9),
(89, '2021-10-13 18:46:45', 'Proveedor', 'Cliente', 12346, 12357, '2', 1000.00, 'Activo', 'qwerty....', 9999999, 'TR200108', 1),
(90, '2021-10-14 20:46:26', 'Cliente', 'Cliente', 12358, 12357, '2', 1000.00, 'Activo', '0125', 9999999, 'TR200109', 1),
(91, '2021-10-15 15:40:31', 'Cliente', 'Cliente', 12356, 12357, '2', 1000.00, 'Activo', 'TRASLADOPRB', 9999999, 'TR200110', 44),
(92, '2021-10-15 15:47:14', 'Cliente', 'Cliente', 12356, 12358, '12', 12.00, 'Activo', 'EASLDKAS KASDJASDJHLAS   ALKSJDALSJDLAJSDKA   AKSJDKSAJDOIAJFAJSLD   ALKSJDASFAJLKFJALKSJDFLK F JDLKASJDKASJLKD UN CONCEPTOS LKJHAKJDSHA', 9999999, 'TR200111', 44),
(93, '2021-10-15 16:01:51', 'Cliente', 'Cliente', 12357, 12356, '2', 80000.00, 'Activo', 'MUASJDAJSDJASJ ALSJDLAJDSLASJDLASK ASDJASLDJASLDJALS ALKJDLKSAJDSAJDLK AJSNKJADJANS', 9999999, 'TR200112', 44);

--
-- Dumping data for table `Traslado_Caja`
--

INSERT INTO `Traslado_Caja` (`Id_Traslado_Caja`, `Funcionario_Destino`, `Id_Cajero_Origen`, `Valor`, `Detalle`, `Id_Moneda`, `Fecha_Traslado`, `created_at`, `Estado`, `Aprobado`, `Codigo`, `Identificacion_Funcionario`, `Alerta`, `Id_Caja`, `Id_Oficina`) VALUES
(44, 37505783, 1127922289, 2500000, 'Llevo el mudo', 2, '2021-08-12 21:09:35', '2021-08-12 16:09:35', 'Aprobado', 'No', 'TRC00049', '1127922289', 'Si', 9, 29),
(43, 37505783, 1127922289, 300000, 'Llevo Deisy', 2, '2021-06-23 17:46:21', '2021-06-23 12:46:21', 'Pendiente', 'No', 'TRC00048', '1127922289', 'Si', 9, 29),
(45, 13279597, 1127922289, 1200000, 'Pago internet', 2, '2021-08-12 21:10:35', '2021-08-12 16:10:35', 'Aprobado', 'No', 'TRC00050', '1127922289', 'Si', 9, 29),
(46, 1524854, 9999999, 15000, '00000', 2, '2021-10-08 16:34:42', '2021-10-08 11:34:42', 'Anulado', 'No', 'TRC00051', '9999999', 'Si', 1, 29),
(47, 1524854, 9999999, 1500, 'Muestra traslado', 2, '2021-10-08 21:02:27', '2021-10-08 16:02:27', 'Pendiente', 'No', 'TRC00052', '9999999', 'Si', 44, 29),
(48, 1127922289, 37505783, 5000000, 'Hola', 2, '2021-10-08 21:23:06', '2021-10-08 16:23:06', 'Pendiente', 'No', 'TRC00053', '37505783', 'Si', 9, 29),
(49, 91528067, 9999999, 10, 'qwerty', 2, '2021-10-13 19:18:25', '2021-10-13 14:18:25', 'Pendiente', 'No', 'TRC00054', '9999999', 'Si', 1, 29),
(50, 91528067, 9999999, 10, '', 2, '2021-10-14 13:53:20', '2021-10-14 08:53:20', 'Aprobado', 'No', 'TRC00055', '9999999', 'Si', 1, 29),
(51, 91528067, 9999999, 200, 'Una observacion bien cool ', 2, '2021-10-14 14:48:52', '2021-10-14 09:48:52', 'Pendiente', 'No', 'TRC00056', '9999999', 'Si', 1, 29),
(52, 37505783, 9999999, 10000, '', 2, '2021-10-15 15:50:07', '2021-10-15 10:50:07', 'Aprobado', 'No', 'TRC00057', '9999999', 'Si', 44, 29),
(53, 91528067, 9999999, 100, 'CONTPRUB', 2, '2021-10-15 15:50:58', '2021-10-15 10:50:58', 'Pendiente', 'No', 'TRC00058', '9999999', 'Si', 44, 29),
(54, 91528067, 37505783, 495900900, 'ESTE TRASLADO ES PARA VERIFICAR ESPACIOS Y PROBAR EN EL RECIBO DE IMPRESION', 2, '2021-10-15 15:59:20', '2021-10-15 10:59:20', 'Pendiente', 'No', 'TRC00059', '37505783', 'Si', 9, 29),
(55, 91528067, 9999999, 250000000, 'TODAS', 2, '2021-10-15 16:00:00', '2021-10-15 11:00:00', 'Pendiente', 'No', 'TRC00060', '9999999', 'Si', 44, 29),
(56, 37505783, 1127922289, 2500000, '', 2, '2021-10-15 16:25:45', '2021-10-15 11:25:45', 'Aprobado', 'No', 'TRC00061', '1127922289', 'Si', 9, 29),
(57, 37505783, 1127922289, 1500, '', 12, '2021-10-15 16:26:05', '2021-10-15 11:26:05', 'Aprobado', 'No', 'TRC00062', '1127922289', 'Si', 9, 29),
(58, 1127922289, 37505783, 300000, '', 2, '2021-10-15 16:27:11', '2021-10-15 11:27:11', 'Aprobado', 'No', 'TRC00063', '37505783', 'Si', 9, 29),
(59, 1127922289, 37505783, 100, '', 12, '2021-10-15 16:27:23', '2021-10-15 11:27:23', 'Aprobado', 'No', 'TRC00064', '37505783', 'Si', 9, 29);

--
-- Dumping data for table `Valor_Moneda`
--

INSERT INTO `Valor_Moneda` (`Id_Valor_Moneda`, `Id_Moneda`, `Min_Venta_Efectivo`, `Max_Venta_Efectivo`, `Sugerido_Venta_Efectivo`, `Min_Compra_Efectivo`, `Max_Compra_Efectivo`, `Sugerido_Compra_Efectivo`, `Min_Venta_Transferencia`, `Max_Venta_Transferencia`, `Sugerido_Venta_Transferencia`, `Costo_Transferencia`, `Comision_Efectivo_Transferencia`, `Pagar_Comision_Desde`, `Min_No_Cobro_Transferencia`) VALUES
(1, 1, '1', '5', '3', '0', '3', '0.57', 0, 0, 0, '3000', '250', '5000000', '50000'),
(2, 2, '1', '1', '1', '1', '1', '1', 205, 405, 105, '3000', '30', '0', '1000'),
(5, 23, '1', '1', '1', '1', '1', '1', 1, 1, 1, '1', '1', '1', '1'),
(6, 12, '3450', '5000', '3500', '2000', '3350', '3300', 205, 405, 105, '3000', '30', '0', '1000'),
(7, 24, '0', '0', '0', '0', '0', '0', 0, 0, 0, '0', '0', '0', '0'),
(8, 25, '0', '0', '0', '0', '0', '0', 0, 0, 0, '0', '0', '0', '0');
COMMIT;

/*!40101 SET CHARACTER_SET_CLIENT=@OLD_CHARACTER_SET_CLIENT */;
/*!40101 SET CHARACTER_SET_RESULTS=@OLD_CHARACTER_SET_RESULTS */;
/*!40101 SET COLLATION_CONNECTION=@OLD_COLLATION_CONNECTION */;
